[2026-06-23 03:13:10] local.ERROR: include(C:\Users\new\Desktop\alyasheiee\vendor\composer/../../app/Providers/AppServiceProvider.php): Failed to open stream: No such file or directory {"exception":"[object] (ErrorException(code: 0): include(C:\\Users\\new\\Desktop\\alyasheiee\\vendor\\composer/../../app/Providers/AppServiceProvider.php): Failed to open stream: No such file or directory at C:/Users/new/Desktop/alyasheiee/vendor/composer/ClassLoader.php:576)
[stacktrace]
#0 C:/Users/new/Desktop/alyasheiee/vendor/laravel/framework/src/Illuminate/Foundation/Bootstrap/HandleExceptions.php(258): Illuminate/Foundation/Bootstrap/HandleExceptions->handleError(2, 'include(C://User...', 'C://Users//new//De...', 576)
#1 C:/Users/new/Desktop/alyasheiee/vendor/composer/ClassLoader.php(576): Illuminate/Foundation/Bootstrap/HandleExceptions->Illuminate/Foundation/Bootstrap/{closure}(2, 'include(C://User...', 'C://Users//new//De...', 576)
#2 C:/Users/new/Desktop/alyasheiee/vendor/composer/ClassLoader.php(576): include('C://Users//new//De...')
#3 C:/Users/new/Desktop/alyasheiee/vendor/composer/ClassLoader.php(427): Composer/Autoload/{closure}('C://Users//new//De...')
#4 [internal function]: Composer/Autoload/ClassLoader->loadClass('App//Providers//A...')
#5 C:/Users/new/Desktop/alyasheiee/vendor/laravel/framework/src/Illuminate/Foundation/Bootstrap/RegisterProviders.php(52): class_exists('App//Providers//A...')
#6 C:/Users/new/Desktop/alyasheiee/vendor/laravel/framework/src/Illuminate/Foundation/Bootstrap/RegisterProviders.php(34): Illuminate/Foundation/Bootstrap/RegisterProviders->mergeAdditionalProviders(Object(Illuminate/Foundation/Application))
#7 C:/Users/new/Desktop/alyasheiee/vendor/laravel/framework/src/Illuminate/Foundation/Application.php(342): Illuminate/Foundation/Bootstrap/RegisterProviders->bootstrap(Object(Illuminate/Foundation/Application))
#8 C:/Users/new/Desktop/alyasheiee/vendor/laravel/framework/src/Illuminate/Foundation/Console/Kernel.php(474): Illuminate/Foundation/Application->bootstrapWith(Array)
#9 C:/Users/new/Desktop/alyasheiee/test_logic.php(13): Illuminate/Foundation/Console/Kernel->bootstrap()
#10 {main}
"} 
[2026-06-23 03:14:46] local.ERROR: require(C:\Users\new\Desktop\alyasheiee\bootstrap/../routes/web.php): Failed to open stream: No such file or directory {"exception":"[object] (ErrorException(code: 0): require(C:\\Users\\new\\Desktop\\alyasheiee\\bootstrap/../routes/web.php): Failed to open stream: No such file or directory at C:/Users/new/Desktop/alyasheiee/vendor/laravel/framework/src/Illuminate/Routing/RouteFileRegistrar.php:35)
[stacktrace]
#0 C:/Users/new/Desktop/alyasheiee/vendor/laravel/framework/src/Illuminate/Foundation/Bootstrap/HandleExceptions.php(258): Illuminate/Foundation/Bootstrap/HandleExceptions->handleError(2, 'require(C://User...', 'C://Users//new//De...', 35)
#1 C:/Users/new/Desktop/alyasheiee/vendor/laravel/framework/src/Illuminate/Routing/RouteFileRegistrar.php(35): Illuminate/Foundation/Bootstrap/HandleExceptions->Illuminate/Foundation/Bootstrap/{closure}(2, 'require(C://User...', 'C://Users//new//De...', 35)
#2 C:/Users/new/Desktop/alyasheiee/vendor/laravel/framework/src/Illuminate/Routing/RouteFileRegistrar.php(35): require('C://Users//new//De...')
#3 C:/Users/new/Desktop/alyasheiee/vendor/laravel/framework/src/Illuminate/Routing/Router.php(513): Illuminate/Routing/RouteFileRegistrar->register('C://Users//new//De...')
#4 C:/Users/new/Desktop/alyasheiee/vendor/laravel/framework/src/Illuminate/Routing/Router.php(467): Illuminate/Routing/Router->loadRoutes('C://Users//new//De...')
#5 C:/Users/new/Desktop/alyasheiee/vendor/laravel/framework/src/Illuminate/Routing/RouteRegistrar.php(207): Illuminate/Routing/Router->group(Array, 'C://Users//new//De...')
#6 C:/Users/new/Desktop/alyasheiee/vendor/laravel/framework/src/Illuminate/Foundation/Configuration/ApplicationBuilder.php(248): Illuminate/Routing/RouteRegistrar->group('C://Users//new//De...')
#7 C:/Users/new/Desktop/alyasheiee/vendor/laravel/framework/src/Illuminate/Container/BoundMethod.php(36): Illuminate/Foundation/Configuration/ApplicationBuilder->Illuminate/Foundation/Configuration/{closure}()
#8 C:/Users/new/Desktop/alyasheiee/vendor/laravel/framework/src/Illuminate/Container/Util.php(43): Illuminate/Container/BoundMethod::Illuminate/Container/{closure}()
#9 C:/Users/new/Desktop/alyasheiee/vendor/laravel/framework/src/Illuminate/Container/BoundMethod.php(83): Illuminate/Container/Util::unwrapIfClosure(Object(Closure))
#10 C:/Users/new/Desktop/alyasheiee/vendor/laravel/framework/src/Illuminate/Container/BoundMethod.php(35): Illuminate/Container/BoundMethod::callBoundMethod(Object(Illuminate/Foundation/Application), Object(Closure), Object(Closure))
#11 C:/Users/new/Desktop/alyasheiee/vendor/laravel/framework/src/Illuminate/Container/Container.php(696): Illuminate/Container/BoundMethod::call(Object(Illuminate/Foundation/Application), Object(Closure), Array, NULL)
#12 C:/Users/new/Desktop/alyasheiee/vendor/laravel/framework/src/Illuminate/Foundation/Support/Providers/RouteServiceProvider.php(162): Illuminate/Container/Container->call(Object(Closure))
#13 C:/Users/new/Desktop/alyasheiee/vendor/laravel/framework/src/Illuminate/Foundation/Support/Providers/RouteServiceProvider.php(59): Illuminate/Foundation/Support/Providers/RouteServiceProvider->loadRoutes()
#14 C:/Users/new/Desktop/alyasheiee/vendor/laravel/framework/src/Illuminate/Container/BoundMethod.php(36): Illuminate/Foundation/Support/Providers/RouteServiceProvider->Illuminate/Foundation/Support/Providers/{closure}()
#15 C:/Users/new/Desktop/alyasheiee/vendor/laravel/framework/src/Illuminate/Container/Util.php(43): Illuminate/Container/BoundMethod::Illuminate/Container/{closure}()
#16 C:/Users/new/Desktop/alyasheiee/vendor/laravel/framework/src/Illuminate/Container/BoundMethod.php(83): Illuminate/Container/Util::unwrapIfClosure(Object(Closure))
#17 C:/Users/new/Desktop/alyasheiee/vendor/laravel/framework/src/Illuminate/Container/BoundMethod.php(35): Illuminate/Container/BoundMethod::callBoundMethod(Object(Illuminate/Foundation/Application), Object(Closure), Object(Closure))
#18 C:/Users/new/Desktop/alyasheiee/vendor/laravel/framework/src/Illuminate/Container/Container.php(696): Illuminate/Container/BoundMethod::call(Object(Illuminate/Foundation/Application), Object(Closure), Array, NULL)
#19 C:/Users/new/Desktop/alyasheiee/vendor/laravel/framework/src/Illuminate/Support/ServiceProvider.php(144): Illuminate/Container/Container->call(Object(Closure))
#20 C:/Users/new/Desktop/alyasheiee/vendor/laravel/framework/src/Illuminate/Foundation/Application.php(1154): Illuminate/Support/ServiceProvider->callBootedCallbacks()
#21 C:/Users/new/Desktop/alyasheiee/vendor/laravel/framework/src/Illuminate/Foundation/Application.php(1132): Illuminate/Foundation/Application->bootProvider(Object(Illuminate/Foundation/Support/Providers/RouteServiceProvider))
#22 [internal function]: Illuminate/Foundation/Application->Illuminate/Foundation/{closure}(Object(Illuminate/Foundation/Support/Providers/RouteServiceProvider), 'Illuminate//Foun...')
#23 C:/Users/new/Desktop/alyasheiee/vendor/laravel/framework/src/Illuminate/Foundation/Application.php(1131): array_walk(Array, Object(Closure))
#24 C:/Users/new/Desktop/alyasheiee/vendor/laravel/framework/src/Illuminate/Foundation/Bootstrap/BootProviders.php(17): Illuminate/Foundation/Application->boot()
#25 C:/Users/new/Desktop/alyasheiee/vendor/laravel/framework/src/Illuminate/Foundation/Application.php(342): Illuminate/Foundation/Bootstrap/BootProviders->bootstrap(Object(Illuminate/Foundation/Application))
#26 C:/Users/new/Desktop/alyasheiee/vendor/laravel/framework/src/Illuminate/Foundation/Console/Kernel.php(474): Illuminate/Foundation/Application->bootstrapWith(Array)
#27 C:/Users/new/Desktop/alyasheiee/test_logic.php(13): Illuminate/Foundation/Console/Kernel->bootstrap()
#28 {main}
"} 
[2026-06-23 03:15:55] local.ERROR: require(C:\Users\new\Desktop\alyasheiee\bootstrap/../routes/web.php): Failed to open stream: No such file or directory {"exception":"[object] (ErrorException(code: 0): require(C:\\Users\\new\\Desktop\\alyasheiee\\bootstrap/../routes/web.php): Failed to open stream: No such file or directory at C:/Users/new/Desktop/alyasheiee/vendor/laravel/framework/src/Illuminate/Routing/RouteFileRegistrar.php:35)
[stacktrace]
#0 C:/Users/new/Desktop/alyasheiee/vendor/laravel/framework/src/Illuminate/Foundation/Bootstrap/HandleExceptions.php(258): Illuminate/Foundation/Bootstrap/HandleExceptions->handleError(2, 'require(C://User...', 'C://Users//new//De...', 35)
#1 C:/Users/new/Desktop/alyasheiee/vendor/laravel/framework/src/Illuminate/Routing/RouteFileRegistrar.php(35): Illuminate/Foundation/Bootstrap/HandleExceptions->Illuminate/Foundation/Bootstrap/{closure}(2, 'require(C://User...', 'C://Users//new//De...', 35)
#2 C:/Users/new/Desktop/alyasheiee/vendor/laravel/framework/src/Illuminate/Routing/RouteFileRegistrar.php(35): require('C://Users//new//De...')
#3 C:/Users/new/Desktop/alyasheiee/vendor/laravel/framework/src/Illuminate/Routing/Router.php(513): Illuminate/Routing/RouteFileRegistrar->register('C://Users//new//De...')
#4 C:/Users/new/Desktop/alyasheiee/vendor/laravel/framework/src/Illuminate/Routing/Router.php(467): Illuminate/Routing/Router->loadRoutes('C://Users//new//De...')
#5 C:/Users/new/Desktop/alyasheiee/vendor/laravel/framework/src/Illuminate/Routing/RouteRegistrar.php(207): Illuminate/Routing/Router->group(Array, 'C://Users//new//De...')
#6 C:/Users/new/Desktop/alyasheiee/vendor/laravel/framework/src/Illuminate/Foundation/Configuration/ApplicationBuilder.php(248): Illuminate/Routing/RouteRegistrar->group('C://Users//new//De...')
#7 C:/Users/new/Desktop/alyasheiee/vendor/laravel/framework/src/Illuminate/Container/BoundMethod.php(36): Illuminate/Foundation/Configuration/ApplicationBuilder->Illuminate/Foundation/Configuration/{closure}()
#8 C:/Users/new/Desktop/alyasheiee/vendor/laravel/framework/src/Illuminate/Container/Util.php(43): Illuminate/Container/BoundMethod::Illuminate/Container/{closure}()
#9 C:/Users/new/Desktop/alyasheiee/vendor/laravel/framework/src/Illuminate/Container/BoundMethod.php(83): Illuminate/Container/Util::unwrapIfClosure(Object(Closure))
#10 C:/Users/new/Desktop/alyasheiee/vendor/laravel/framework/src/Illuminate/Container/BoundMethod.php(35): Illuminate/Container/BoundMethod::callBoundMethod(Object(Illuminate/Foundation/Application), Object(Closure), Object(Closure))
#11 C:/Users/new/Desktop/alyasheiee/vendor/laravel/framework/src/Illuminate/Container/Container.php(696): Illuminate/Container/BoundMethod::call(Object(Illuminate/Foundation/Application), Object(Closure), Array, NULL)
#12 C:/Users/new/Desktop/alyasheiee/vendor/laravel/framework/src/Illuminate/Foundation/Support/Providers/RouteServiceProvider.php(162): Illuminate/Container/Container->call(Object(Closure))
#13 C:/Users/new/Desktop/alyasheiee/vendor/laravel/framework/src/Illuminate/Foundation/Support/Providers/RouteServiceProvider.php(59): Illuminate/Foundation/Support/Providers/RouteServiceProvider->loadRoutes()
#14 C:/Users/new/Desktop/alyasheiee/vendor/laravel/framework/src/Illuminate/Container/BoundMethod.php(36): Illuminate/Foundation/Support/Providers/RouteServiceProvider->Illuminate/Foundation/Support/Providers/{closure}()
#15 C:/Users/new/Desktop/alyasheiee/vendor/laravel/framework/src/Illuminate/Container/Util.php(43): Illuminate/Container/BoundMethod::Illuminate/Container/{closure}()
#16 C:/Users/new/Desktop/alyasheiee/vendor/laravel/framework/src/Illuminate/Container/BoundMethod.php(83): Illuminate/Container/Util::unwrapIfClosure(Object(Closure))
#17 C:/Users/new/Desktop/alyasheiee/vendor/laravel/framework/src/Illuminate/Container/BoundMethod.php(35): Illuminate/Container/BoundMethod::callBoundMethod(Object(Illuminate/Foundation/Application), Object(Closure), Object(Closure))
#18 C:/Users/new/Desktop/alyasheiee/vendor/laravel/framework/src/Illuminate/Container/Container.php(696): Illuminate/Container/BoundMethod::call(Object(Illuminate/Foundation/Application), Object(Closure), Array, NULL)
#19 C:/Users/new/Desktop/alyasheiee/vendor/laravel/framework/src/Illuminate/Support/ServiceProvider.php(144): Illuminate/Container/Container->call(Object(Closure))
#20 C:/Users/new/Desktop/alyasheiee/vendor/laravel/framework/src/Illuminate/Foundation/Application.php(1154): Illuminate/Support/ServiceProvider->callBootedCallbacks()
#21 C:/Users/new/Desktop/alyasheiee/vendor/laravel/framework/src/Illuminate/Foundation/Application.php(1132): Illuminate/Foundation/Application->bootProvider(Object(Illuminate/Foundation/Support/Providers/RouteServiceProvider))
#22 [internal function]: Illuminate/Foundation/Application->Illuminate/Foundation/{closure}(Object(Illuminate/Foundation/Support/Providers/RouteServiceProvider), 'Illuminate//Foun...')
#23 C:/Users/new/Desktop/alyasheiee/vendor/laravel/framework/src/Illuminate/Foundation/Application.php(1131): array_walk(Array, Object(Closure))
#24 C:/Users/new/Desktop/alyasheiee/vendor/laravel/framework/src/Illuminate/Foundation/Bootstrap/BootProviders.php(17): Illuminate/Foundation/Application->boot()
#25 C:/Users/new/Desktop/alyasheiee/vendor/laravel/framework/src/Illuminate/Foundation/Application.php(342): Illuminate/Foundation/Bootstrap/BootProviders->bootstrap(Object(Illuminate/Foundation/Application))
#26 C:/Users/new/Desktop/alyasheiee/vendor/laravel/framework/src/Illuminate/Foundation/Console/Kernel.php(474): Illuminate/Foundation/Application->bootstrapWith(Array)
#27 C:/Users/new/Desktop/alyasheiee/test_logic.php(13): Illuminate/Foundation/Console/Kernel->bootstrap()
#28 {main}
"} 
[2026-06-23 03:19:08] local.ERROR: require(C:\Users\new\Desktop\alyasheiee\bootstrap/../routes/web.php): Failed to open stream: No such file or directory {"exception":"[object] (ErrorException(code: 0): require(C:\\Users\\new\\Desktop\\alyasheiee\\bootstrap/../routes/web.php): Failed to open stream: No such file or directory at C:/Users/new/Desktop/alyasheiee/vendor/laravel/framework/src/Illuminate/Routing/RouteFileRegistrar.php:35)
[stacktrace]
#0 C:/Users/new/Desktop/alyasheiee/vendor/laravel/framework/src/Illuminate/Foundation/Bootstrap/HandleExceptions.php(258): Illuminate/Foundation/Bootstrap/HandleExceptions->handleError(2, 'require(C://User...', 'C://Users//new//De...', 35)
#1 C:/Users/new/Desktop/alyasheiee/vendor/laravel/framework/src/Illuminate/Routing/RouteFileRegistrar.php(35): Illuminate/Foundation/Bootstrap/HandleExceptions->Illuminate/Foundation/Bootstrap/{closure}(2, 'require(C://User...', 'C://Users//new//De...', 35)
#2 C:/Users/new/Desktop/alyasheiee/vendor/laravel/framework/src/Illuminate/Routing/RouteFileRegistrar.php(35): require('C://Users//new//De...')
#3 C:/Users/new/Desktop/alyasheiee/vendor/laravel/framework/src/Illuminate/Routing/Router.php(513): Illuminate/Routing/RouteFileRegistrar->register('C://Users//new//De...')
#4 C:/Users/new/Desktop/alyasheiee/vendor/laravel/framework/src/Illuminate/Routing/Router.php(467): Illuminate/Routing/Router->loadRoutes('C://Users//new//De...')
#5 C:/Users/new/Desktop/alyasheiee/vendor/laravel/framework/src/Illuminate/Routing/RouteRegistrar.php(207): Illuminate/Routing/Router->group(Array, 'C://Users//new//De...')
#6 C:/Users/new/Desktop/alyasheiee/vendor/laravel/framework/src/Illuminate/Foundation/Configuration/ApplicationBuilder.php(248): Illuminate/Routing/RouteRegistrar->group('C://Users//new//De...')
#7 C:/Users/new/Desktop/alyasheiee/vendor/laravel/framework/src/Illuminate/Container/BoundMethod.php(36): Illuminate/Foundation/Configuration/ApplicationBuilder->Illuminate/Foundation/Configuration/{closure}()
#8 C:/Users/new/Desktop/alyasheiee/vendor/laravel/framework/src/Illuminate/Container/Util.php(43): Illuminate/Container/BoundMethod::Illuminate/Container/{closure}()
#9 C:/Users/new/Desktop/alyasheiee/vendor/laravel/framework/src/Illuminate/Container/BoundMethod.php(83): Illuminate/Container/Util::unwrapIfClosure(Object(Closure))
#10 C:/Users/new/Desktop/alyasheiee/vendor/laravel/framework/src/Illuminate/Container/BoundMethod.php(35): Illuminate/Container/BoundMethod::callBoundMethod(Object(Illuminate/Foundation/Application), Object(Closure), Object(Closure))
#11 C:/Users/new/Desktop/alyasheiee/vendor/laravel/framework/src/Illuminate/Container/Container.php(696): Illuminate/Container/BoundMethod::call(Object(Illuminate/Foundation/Application), Object(Closure), Array, NULL)
#12 C:/Users/new/Desktop/alyasheiee/vendor/laravel/framework/src/Illuminate/Foundation/Support/Providers/RouteServiceProvider.php(162): Illuminate/Container/Container->call(Object(Closure))
#13 C:/Users/new/Desktop/alyasheiee/vendor/laravel/framework/src/Illuminate/Foundation/Support/Providers/RouteServiceProvider.php(59): Illuminate/Foundation/Support/Providers/RouteServiceProvider->loadRoutes()
#14 C:/Users/new/Desktop/alyasheiee/vendor/laravel/framework/src/Illuminate/Container/BoundMethod.php(36): Illuminate/Foundation/Support/Providers/RouteServiceProvider->Illuminate/Foundation/Support/Providers/{closure}()
#15 C:/Users/new/Desktop/alyasheiee/vendor/laravel/framework/src/Illuminate/Container/Util.php(43): Illuminate/Container/BoundMethod::Illuminate/Container/{closure}()
#16 C:/Users/new/Desktop/alyasheiee/vendor/laravel/framework/src/Illuminate/Container/BoundMethod.php(83): Illuminate/Container/Util::unwrapIfClosure(Object(Closure))
#17 C:/Users/new/Desktop/alyasheiee/vendor/laravel/framework/src/Illuminate/Container/BoundMethod.php(35): Illuminate/Container/BoundMethod::callBoundMethod(Object(Illuminate/Foundation/Application), Object(Closure), Object(Closure))
#18 C:/Users/new/Desktop/alyasheiee/vendor/laravel/framework/src/Illuminate/Container/Container.php(696): Illuminate/Container/BoundMethod::call(Object(Illuminate/Foundation/Application), Object(Closure), Array, NULL)
#19 C:/Users/new/Desktop/alyasheiee/vendor/laravel/framework/src/Illuminate/Support/ServiceProvider.php(144): Illuminate/Container/Container->call(Object(Closure))
#20 C:/Users/new/Desktop/alyasheiee/vendor/laravel/framework/src/Illuminate/Foundation/Application.php(1154): Illuminate/Support/ServiceProvider->callBootedCallbacks()
#21 C:/Users/new/Desktop/alyasheiee/vendor/laravel/framework/src/Illuminate/Foundation/Application.php(1132): Illuminate/Foundation/Application->bootProvider(Object(Illuminate/Foundation/Support/Providers/RouteServiceProvider))
#22 [internal function]: Illuminate/Foundation/Application->Illuminate/Foundation/{closure}(Object(Illuminate/Foundation/Support/Providers/RouteServiceProvider), 'Illuminate//Foun...')
#23 C:/Users/new/Desktop/alyasheiee/vendor/laravel/framework/src/Illuminate/Foundation/Application.php(1131): array_walk(Array, Object(Closure))
#24 C:/Users/new/Desktop/alyasheiee/vendor/laravel/framework/src/Illuminate/Foundation/Bootstrap/BootProviders.php(17): Illuminate/Foundation/Application->boot()
#25 C:/Users/new/Desktop/alyasheiee/vendor/laravel/framework/src/Illuminate/Foundation/Application.php(342): Illuminate/Foundation/Bootstrap/BootProviders->bootstrap(Object(Illuminate/Foundation/Application))
#26 C:/Users/new/Desktop/alyasheiee/vendor/laravel/framework/src/Illuminate/Foundation/Console/Kernel.php(474): Illuminate/Foundation/Application->bootstrapWith(Array)
#27 C:/Users/new/Desktop/alyasheiee/test_logic.php(13): Illuminate/Foundation/Console/Kernel->bootstrap()
#28 {main}
"} 
[2026-06-23 03:25:08] local.ERROR: Trait "Laravel\Sanctum\HasApiTokens" not found {"exception":"[object] (Symfony\\Component\\ErrorHandler\\Error\\FatalError(code: 0): Trait \"Laravel\\Sanctum\\HasApiTokens\" not found at C:/Users/new/Desktop/alyasheiee/app/Models/User.php:12)
[stacktrace]
#0 {main}
"} 
[2026-06-23 03:27:22] local.ERROR: Trait "Laravel\Sanctum\HasApiTokens" not found {"exception":"[object] (Symfony\\Component\\ErrorHandler\\Error\\FatalError(code: 0): Trait \"Laravel\\Sanctum\\HasApiTokens\" not found at C:/Users/new/Desktop/alyasheiee/app/Models/User.php:12)
[stacktrace]
#0 {main}
"} 
[2026-06-23 03:35:46] local.ERROR: Trait "Laravel\Sanctum\HasApiTokens" not found {"exception":"[object] (Symfony\\Component\\ErrorHandler\\Error\\FatalError(code: 0): Trait \"Laravel\\Sanctum\\HasApiTokens\" not found at C:/Users/new/Desktop/alyasheiee/app/Models/User.php:12)
[stacktrace]
#0 {main}
"} 
[2026-06-23 03:44:44] local.ERROR: Trait "Laravel\Sanctum\HasApiTokens" not found {"exception":"[object] (Symfony\\Component\\ErrorHandler\\Error\\FatalError(code: 0): Trait \"Laravel\\Sanctum\\HasApiTokens\" not found at C:/Users/new/Desktop/alyasheiee/app/Models/User.php:12)
[stacktrace]
#0 {main}
"} 
[2026-06-23 03:45:11] local.ERROR: Trait "Laravel\Sanctum\HasApiTokens" not found {"exception":"[object] (Symfony\\Component\\ErrorHandler\\Error\\FatalError(code: 0): Trait \"Laravel\\Sanctum\\HasApiTokens\" not found at C:/Users/new/Desktop/alyasheiee/app/Models/User.php:12)
[stacktrace]
#0 {main}
"} 
[2026-06-23 03:55:11] local.ERROR: SQLSTATE[42P01]: Undefined table: 7 ERROR:  relation "projects" does not exist (Connection: pgsql, SQL: alter table "project_assignments" add constraint "project_assignments_project_id_foreign" foreign key ("project_id") references "projects" ("id") on delete cascade) {"exception":"[object] (Illuminate\\Database\\QueryException(code: 42P01): SQLSTATE[42P01]: Undefined table: 7 ERROR:  relation \"projects\" does not exist (Connection: pgsql, SQL: alter table \"project_assignments\" add constraint \"project_assignments_project_id_foreign\" foreign key (\"project_id\") references \"projects\" (\"id\") on delete cascade) at C:/Users/new/Desktop/alyasheiee/vendor/laravel/framework/src/Illuminate/Database/Connection.php:825)
[stacktrace]
#0 C:/Users/new/Desktop/alyasheiee/vendor/laravel/framework/src/Illuminate/Database/Connection.php(779): Illuminate/Database/Connection->runQueryCallback('alter table \"pr...', Array, Object(Closure))
#1 C:/Users/new/Desktop/alyasheiee/vendor/laravel/framework/src/Illuminate/Database/Connection.php(560): Illuminate/Database/Connection->run('alter table \"pr...', Array, Object(Closure))
#2 C:/Users/new/Desktop/alyasheiee/vendor/laravel/framework/src/Illuminate/Database/Schema/Blueprint.php(118): Illuminate/Database/Connection->statement('alter table \"pr...')
#3 C:/Users/new/Desktop/alyasheiee/vendor/laravel/framework/src/Illuminate/Database/Schema/Builder.php(564): Illuminate/Database/Schema/Blueprint->build(Object(Illuminate/Database/PostgresConnection), Object(Illuminate/Database/Schema/Grammars/PostgresGrammar))
#4 C:/Users/new/Desktop/alyasheiee/vendor/laravel/framework/src/Illuminate/Database/Schema/Builder.php(418): Illuminate/Database/Schema/Builder->build(Object(Illuminate/Database/Schema/Blueprint))
#5 C:/Users/new/Desktop/alyasheiee/vendor/laravel/framework/src/Illuminate/Support/Facades/Facade.php(361): Illuminate/Database/Schema/Builder->create('project_assignm...', Object(Closure))
#6 C:/Users/new/Desktop/alyasheiee/database/migrations/2024_03_23_000002_create_resources_table.php(41): Illuminate/Support/Facades/Facade::__callStatic('create', Array)
#7 C:/Users/new/Desktop/alyasheiee/vendor/laravel/framework/src/Illuminate/Database/Migrations/Migrator.php(507): Illuminate/Database/Migrations/Migration@anonymous->up()
#8 C:/Users/new/Desktop/alyasheiee/vendor/laravel/framework/src/Illuminate/Database/Migrations/Migrator.php(432): Illuminate/Database/Migrations/Migrator->runMethod(Object(Illuminate/Database/PostgresConnection), Object(Illuminate/Database/Migrations/Migration@anonymous), 'up')
#9 C:/Users/new/Desktop/alyasheiee/vendor/laravel/framework/src/Illuminate/Database/Concerns/ManagesTransactions.php(32): Illuminate/Database/Migrations/Migrator->Illuminate/Database/Migrations/{closure}(Object(Illuminate/Database/PostgresConnection))
#10 C:/Users/new/Desktop/alyasheiee/vendor/laravel/framework/src/Illuminate/Database/Migrations/Migrator.php(440): Illuminate/Database/Connection->transaction(Object(Closure))
#11 C:/Users/new/Desktop/alyasheiee/vendor/laravel/framework/src/Illuminate/Database/Migrations/Migrator.php(244): Illuminate/Database/Migrations/Migrator->runMigration(Object(Illuminate/Database/Migrations/Migration@anonymous), 'up')
#12 C:/Users/new/Desktop/alyasheiee/vendor/laravel/framework/src/Illuminate/Console/View/Components/Task.php(40): Illuminate/Database/Migrations/Migrator->Illuminate/Database/Migrations/{closure}()
#13 C:/Users/new/Desktop/alyasheiee/vendor/laravel/framework/src/Illuminate/Database/Migrations/Migrator.php(798): Illuminate/Console/View/Components/Task->render('2024_03_23_0000...', Object(Closure))
#14 C:/Users/new/Desktop/alyasheiee/vendor/laravel/framework/src/Illuminate/Database/Migrations/Migrator.php(244): Illuminate/Database/Migrations/Migrator->write('Illuminate//Cons...', '2024_03_23_0000...', Object(Closure))
#15 C:/Users/new/Desktop/alyasheiee/vendor/laravel/framework/src/Illuminate/Database/Migrations/Migrator.php(211): Illuminate/Database/Migrations/Migrator->runUp('C://Users//new//De...', 1, false)
#16 C:/Users/new/Desktop/alyasheiee/vendor/laravel/framework/src/Illuminate/Database/Migrations/Migrator.php(138): Illuminate/Database/Migrations/Migrator->runPending(Array, Array)
#17 C:/Users/new/Desktop/alyasheiee/vendor/laravel/framework/src/Illuminate/Database/Console/Migrations/MigrateCommand.php(117): Illuminate/Database/Migrations/Migrator->run(Array, Array)
#18 C:/Users/new/Desktop/alyasheiee/vendor/laravel/framework/src/Illuminate/Database/Migrations/Migrator.php(658): Illuminate/Database/Console/Migrations/MigrateCommand->Illuminate/Database/Console/Migrations/{closure}()
#19 C:/Users/new/Desktop/alyasheiee/vendor/laravel/framework/src/Illuminate/Database/Console/Migrations/MigrateCommand.php(110): Illuminate/Database/Migrations/Migrator->usingConnection(NULL, Object(Closure))
#20 C:/Users/new/Desktop/alyasheiee/vendor/laravel/framework/src/Illuminate/Database/Console/Migrations/MigrateCommand.php(89): Illuminate/Database/Console/Migrations/MigrateCommand->runMigrations()
#21 C:/Users/new/Desktop/alyasheiee/vendor/laravel/framework/src/Illuminate/Container/BoundMethod.php(36): Illuminate/Database/Console/Migrations/MigrateCommand->handle()
#22 C:/Users/new/Desktop/alyasheiee/vendor/laravel/framework/src/Illuminate/Container/Util.php(43): Illuminate/Container/BoundMethod::Illuminate/Container/{closure}()
#23 C:/Users/new/Desktop/alyasheiee/vendor/laravel/framework/src/Illuminate/Container/BoundMethod.php(95): Illuminate/Container/Util::unwrapIfClosure(Object(Closure))
#24 C:/Users/new/Desktop/alyasheiee/vendor/laravel/framework/src/Illuminate/Container/BoundMethod.php(35): Illuminate/Container/BoundMethod::callBoundMethod(Object(Illuminate/Foundation/Application), Array, Object(Closure))
#25 C:/Users/new/Desktop/alyasheiee/vendor/laravel/framework/src/Illuminate/Container/Container.php(696): Illuminate/Container/BoundMethod::call(Object(Illuminate/Foundation/Application), Array, Array, NULL)
#26 C:/Users/new/Desktop/alyasheiee/vendor/laravel/framework/src/Illuminate/Console/Command.php(213): Illuminate/Container/Container->call(Array)
#27 C:/Users/new/Desktop/alyasheiee/vendor/symfony/console/Command/Command.php(341): Illuminate/Console/Command->execute(Object(Symfony/Component/Console/Input/ArgvInput), Object(Illuminate/Console/OutputStyle))
#28 C:/Users/new/Desktop/alyasheiee/vendor/laravel/framework/src/Illuminate/Console/Command.php(182): Symfony/Component/Console/Command/Command->run(Object(Symfony/Component/Console/Input/ArgvInput), Object(Illuminate/Console/OutputStyle))
#29 C:/Users/new/Desktop/alyasheiee/vendor/symfony/console/Application.php(1117): Illuminate/Console/Command->run(Object(Symfony/Component/Console/Input/ArgvInput), Object(Symfony/Component/Console/Output/ConsoleOutput))
#30 C:/Users/new/Desktop/alyasheiee/vendor/symfony/console/Application.php(356): Symfony/Component/Console/Application->doRunCommand(Object(Illuminate/Database/Console/Migrations/MigrateCommand), Object(Symfony/Component/Console/Input/ArgvInput), Object(Symfony/Component/Console/Output/ConsoleOutput))
#31 C:/Users/new/Desktop/alyasheiee/vendor/symfony/console/Application.php(195): Symfony/Component/Console/Application->doRun(Object(Symfony/Component/Console/Input/ArgvInput), Object(Symfony/Component/Console/Output/ConsoleOutput))
#32 C:/Users/new/Desktop/alyasheiee/vendor/laravel/framework/src/Illuminate/Foundation/Console/Kernel.php(198): Symfony/Component/Console/Application->run(Object(Symfony/Component/Console/Input/ArgvInput), Object(Symfony/Component/Console/Output/ConsoleOutput))
#33 C:/Users/new/Desktop/alyasheiee/vendor/laravel/framework/src/Illuminate/Foundation/Application.php(1235): Illuminate/Foundation/Console/Kernel->handle(Object(Symfony/Component/Console/Input/ArgvInput), Object(Symfony/Component/Console/Output/ConsoleOutput))
#34 C:/Users/new/Desktop/alyasheiee/artisan(13): Illuminate/Foundation/Application->handleCommand(Object(Symfony/Component/Console/Input/ArgvInput))
#35 {main}

[previous exception] [object] (PDOException(code: 42P01): SQLSTATE[42P01]: Undefined table: 7 ERROR:  relation \"projects\" does not exist at C:/Users/new/Desktop/alyasheiee/vendor/laravel/framework/src/Illuminate/Database/Connection.php:571)
[stacktrace]
#0 C:/Users/new/Desktop/alyasheiee/vendor/laravel/framework/src/Illuminate/Database/Connection.php(571): PDOStatement->execute()
#1 C:/Users/new/Desktop/alyasheiee/vendor/laravel/framework/src/Illuminate/Database/Connection.php(812): Illuminate/Database/Connection->Illuminate/Database/{closure}('alter table \"pr...', Array)
#2 C:/Users/new/Desktop/alyasheiee/vendor/laravel/framework/src/Illuminate/Database/Connection.php(779): Illuminate/Database/Connection->runQueryCallback('alter table \"pr...', Array, Object(Closure))
#3 C:/Users/new/Desktop/alyasheiee/vendor/laravel/framework/src/Illuminate/Database/Connection.php(560): Illuminate/Database/Connection->run('alter table \"pr...', Array, Object(Closure))
#4 C:/Users/new/Desktop/alyasheiee/vendor/laravel/framework/src/Illuminate/Database/Schema/Blueprint.php(118): Illuminate/Database/Connection->statement('alter table \"pr...')
#5 C:/Users/new/Desktop/alyasheiee/vendor/laravel/framework/src/Illuminate/Database/Schema/Builder.php(564): Illuminate/Database/Schema/Blueprint->build(Object(Illuminate/Database/PostgresConnection), Object(Illuminate/Database/Schema/Grammars/PostgresGrammar))
#6 C:/Users/new/Desktop/alyasheiee/vendor/laravel/framework/src/Illuminate/Database/Schema/Builder.php(418): Illuminate/Database/Schema/Builder->build(Object(Illuminate/Database/Schema/Blueprint))
#7 C:/Users/new/Desktop/alyasheiee/vendor/laravel/framework/src/Illuminate/Support/Facades/Facade.php(361): Illuminate/Database/Schema/Builder->create('project_assignm...', Object(Closure))
#8 C:/Users/new/Desktop/alyasheiee/database/migrations/2024_03_23_000002_create_resources_table.php(41): Illuminate/Support/Facades/Facade::__callStatic('create', Array)
#9 C:/Users/new/Desktop/alyasheiee/vendor/laravel/framework/src/Illuminate/Database/Migrations/Migrator.php(507): Illuminate/Database/Migrations/Migration@anonymous->up()
#10 C:/Users/new/Desktop/alyasheiee/vendor/laravel/framework/src/Illuminate/Database/Migrations/Migrator.php(432): Illuminate/Database/Migrations/Migrator->runMethod(Object(Illuminate/Database/PostgresConnection), Object(Illuminate/Database/Migrations/Migration@anonymous), 'up')
#11 C:/Users/new/Desktop/alyasheiee/vendor/laravel/framework/src/Illuminate/Database/Concerns/ManagesTransactions.php(32): Illuminate/Database/Migrations/Migrator->Illuminate/Database/Migrations/{closure}(Object(Illuminate/Database/PostgresConnection))
#12 C:/Users/new/Desktop/alyasheiee/vendor/laravel/framework/src/Illuminate/Database/Migrations/Migrator.php(440): Illuminate/Database/Connection->transaction(Object(Closure))
#13 C:/Users/new/Desktop/alyasheiee/vendor/laravel/framework/src/Illuminate/Database/Migrations/Migrator.php(244): Illuminate/Database/Migrations/Migrator->runMigration(Object(Illuminate/Database/Migrations/Migration@anonymous), 'up')
#14 C:/Users/new/Desktop/alyasheiee/vendor/laravel/framework/src/Illuminate/Console/View/Components/Task.php(40): Illuminate/Database/Migrations/Migrator->Illuminate/Database/Migrations/{closure}()
#15 C:/Users/new/Desktop/alyasheiee/vendor/laravel/framework/src/Illuminate/Database/Migrations/Migrator.php(798): Illuminate/Console/View/Components/Task->render('2024_03_23_0000...', Object(Closure))
#16 C:/Users/new/Desktop/alyasheiee/vendor/laravel/framework/src/Illuminate/Database/Migrations/Migrator.php(244): Illuminate/Database/Migrations/Migrator->write('Illuminate//Cons...', '2024_03_23_0000...', Object(Closure))
#17 C:/Users/new/Desktop/alyasheiee/vendor/laravel/framework/src/Illuminate/Database/Migrations/Migrator.php(211): Illuminate/Database/Migrations/Migrator->runUp('C://Users//new//De...', 1, false)
#18 C:/Users/new/Desktop/alyasheiee/vendor/laravel/framework/src/Illuminate/Database/Migrations/Migrator.php(138): Illuminate/Database/Migrations/Migrator->runPending(Array, Array)
#19 C:/Users/new/Desktop/alyasheiee/vendor/laravel/framework/src/Illuminate/Database/Console/Migrations/MigrateCommand.php(117): Illuminate/Database/Migrations/Migrator->run(Array, Array)
#20 C:/Users/new/Desktop/alyasheiee/vendor/laravel/framework/src/Illuminate/Database/Migrations/Migrator.php(658): Illuminate/Database/Console/Migrations/MigrateCommand->Illuminate/Database/Console/Migrations/{closure}()
#21 C:/Users/new/Desktop/alyasheiee/vendor/laravel/framework/src/Illuminate/Database/Console/Migrations/MigrateCommand.php(110): Illuminate/Database/Migrations/Migrator->usingConnection(NULL, Object(Closure))
#22 C:/Users/new/Desktop/alyasheiee/vendor/laravel/framework/src/Illuminate/Database/Console/Migrations/MigrateCommand.php(89): Illuminate/Database/Console/Migrations/MigrateCommand->runMigrations()
#23 C:/Users/new/Desktop/alyasheiee/vendor/laravel/framework/src/Illuminate/Container/BoundMethod.php(36): Illuminate/Database/Console/Migrations/MigrateCommand->handle()
#24 C:/Users/new/Desktop/alyasheiee/vendor/laravel/framework/src/Illuminate/Container/Util.php(43): Illuminate/Container/BoundMethod::Illuminate/Container/{closure}()
#25 C:/Users/new/Desktop/alyasheiee/vendor/laravel/framework/src/Illuminate/Container/BoundMethod.php(95): Illuminate/Container/Util::unwrapIfClosure(Object(Closure))
#26 C:/Users/new/Desktop/alyasheiee/vendor/laravel/framework/src/Illuminate/Container/BoundMethod.php(35): Illuminate/Container/BoundMethod::callBoundMethod(Object(Illuminate/Foundation/Application), Array, Object(Closure))
#27 C:/Users/new/Desktop/alyasheiee/vendor/laravel/framework/src/Illuminate/Container/Container.php(696): Illuminate/Container/BoundMethod::call(Object(Illuminate/Foundation/Application), Array, Array, NULL)
#28 C:/Users/new/Desktop/alyasheiee/vendor/laravel/framework/src/Illuminate/Console/Command.php(213): Illuminate/Container/Container->call(Array)
#29 C:/Users/new/Desktop/alyasheiee/vendor/symfony/console/Command/Command.php(341): Illuminate/Console/Command->execute(Object(Symfony/Component/Console/Input/ArgvInput), Object(Illuminate/Console/OutputStyle))
#30 C:/Users/new/Desktop/alyasheiee/vendor/laravel/framework/src/Illuminate/Console/Command.php(182): Symfony/Component/Console/Command/Command->run(Object(Symfony/Component/Console/Input/ArgvInput), Object(Illuminate/Console/OutputStyle))
#31 C:/Users/new/Desktop/alyasheiee/vendor/symfony/console/Application.php(1117): Illuminate/Console/Command->run(Object(Symfony/Component/Console/Input/ArgvInput), Object(Symfony/Component/Console/Output/ConsoleOutput))
#32 C:/Users/new/Desktop/alyasheiee/vendor/symfony/console/Application.php(356): Symfony/Component/Console/Application->doRunCommand(Object(Illuminate/Database/Console/Migrations/MigrateCommand), Object(Symfony/Component/Console/Input/ArgvInput), Object(Symfony/Component/Console/Output/ConsoleOutput))
#33 C:/Users/new/Desktop/alyasheiee/vendor/symfony/console/Application.php(195): Symfony/Component/Console/Application->doRun(Object(Symfony/Component/Console/Input/ArgvInput), Object(Symfony/Component/Console/Output/ConsoleOutput))
#34 C:/Users/new/Desktop/alyasheiee/vendor/laravel/framework/src/Illuminate/Foundation/Console/Kernel.php(198): Symfony/Component/Console/Application->run(Object(Symfony/Component/Console/Input/ArgvInput), Object(Symfony/Component/Console/Output/ConsoleOutput))
#35 C:/Users/new/Desktop/alyasheiee/vendor/laravel/framework/src/Illuminate/Foundation/Application.php(1235): Illuminate/Foundation/Console/Kernel->handle(Object(Symfony/Component/Console/Input/ArgvInput), Object(Symfony/Component/Console/Output/ConsoleOutput))
#36 C:/Users/new/Desktop/alyasheiee/artisan(13): Illuminate/Foundation/Application->handleCommand(Object(Symfony/Component/Console/Input/ArgvInput))
#37 {main}
"} 
[2026-06-23 16:08:47] local.ERROR: Class "App\Modules\DailyOperations\Models\EquipmentUsage" not found {"userId":"a216c5ef-e4ac-4081-bed4-6817028702aa","exception":"[object] (Error(code: 0): Class \"App\\Modules\\DailyOperations\\Models\\EquipmentUsage\" not found at C:/Users/new/Desktop/alyasheiee/vendor/laravel/framework/src/Illuminate/Database/Eloquent/Concerns/HasRelationships.php:859)
[stacktrace]
#0 C:/Users/new/Desktop/alyasheiee/vendor/laravel/framework/src/Illuminate/Database/Eloquent/Concerns/HasRelationships.php(425): Illuminate/Database/Eloquent/Model->newRelatedInstance('App//Modules//Dai...')
#1 C:/Users/new/Desktop/alyasheiee/app/Modules/DailyOperations/Models/DailyLog.php(43): Illuminate/Database/Eloquent/Model->hasMany('App//Modules//Dai...')
#2 C:/Users/new/Desktop/alyasheiee/vendor/laravel/framework/src/Illuminate/Database/Eloquent/Builder.php(876): App/Modules/DailyOperations/Models/DailyLog->equipmentUsage()
#3 C:/Users/new/Desktop/alyasheiee/vendor/laravel/framework/src/Illuminate/Database/Eloquent/Relations/Relation.php(120): Illuminate/Database/Eloquent/Builder->Illuminate/Database/Eloquent/{closure}()
#4 C:/Users/new/Desktop/alyasheiee/vendor/laravel/framework/src/Illuminate/Database/Eloquent/Builder.php(874): Illuminate/Database/Eloquent/Relations/Relation::noConstraints(Object(Closure))
#5 C:/Users/new/Desktop/alyasheiee/vendor/laravel/framework/src/Illuminate/Database/Eloquent/Builder.php(848): Illuminate/Database/Eloquent/Builder->getRelation('equipmentUsage')
#6 C:/Users/new/Desktop/alyasheiee/vendor/laravel/framework/src/Illuminate/Database/Eloquent/Builder.php(828): Illuminate/Database/Eloquent/Builder->eagerLoadRelation(Array, 'equipmentUsage', Object(Closure))
#7 C:/Users/new/Desktop/alyasheiee/vendor/laravel/framework/src/Illuminate/Database/Eloquent/Model.php(724): Illuminate/Database/Eloquent/Builder->eagerLoadRelations(Array)
#8 C:/Users/new/Desktop/alyasheiee/app/Modules/DailyOperations/Services/DailyLogService.php(37): Illuminate/Database/Eloquent/Model->load(Array)
#9 C:/Users/new/Desktop/alyasheiee/vendor/laravel/framework/src/Illuminate/Database/Concerns/ManagesTransactions.php(32): App/Modules/DailyOperations/Services/DailyLogService->App/Modules/DailyOperations/Services/{closure}(Object(Illuminate/Database/PostgresConnection))
#10 C:/Users/new/Desktop/alyasheiee/vendor/laravel/framework/src/Illuminate/Database/DatabaseManager.php(495): Illuminate/Database/Connection->transaction(Object(Closure))
#11 C:/Users/new/Desktop/alyasheiee/vendor/laravel/framework/src/Illuminate/Support/Facades/Facade.php(361): Illuminate/Database/DatabaseManager->__call('transaction', Array)
#12 C:/Users/new/Desktop/alyasheiee/app/Modules/DailyOperations/Services/DailyLogService.php(13): Illuminate/Support/Facades/Facade::__callStatic('transaction', Array)
#13 C:/Users/new/Desktop/alyasheiee/test_logic.php(64): App/Modules/DailyOperations/Services/DailyLogService->createDailyLog(Array)
#14 {main}
"} 
[2026-06-23 17:03:29] local.ERROR: SQLSTATE[23502]: Not null violation: 7 ERROR:  null value in column "password" of relation "users" violates not-null constraint
DETAIL:  Failing row contains (a217dfb2-0f11-44d9-bf6d-a8234b87722f, Senior Recorder, senior@alyasheiee.com, null, null, null, 2026-06-23 17:03:29, 2026-06-23 17:03:29). (Connection: pgsql, SQL: insert into "users" ("email", "name", "id", "updated_at", "created_at") values (senior@alyasheiee.com, Senior Recorder, a217dfb2-0f11-44d9-bf6d-a8234b87722f, 2026-06-23 17:03:29, 2026-06-23 17:03:29)) {"exception":"[object] (Illuminate\\Database\\QueryException(code: 23502): SQLSTATE[23502]: Not null violation: 7 ERROR:  null value in column \"password\" of relation \"users\" violates not-null constraint
DETAIL:  Failing row contains (a217dfb2-0f11-44d9-bf6d-a8234b87722f, Senior Recorder, senior@alyasheiee.com, null, null, null, 2026-06-23 17:03:29, 2026-06-23 17:03:29). (Connection: pgsql, SQL: insert into \"users\" (\"email\", \"name\", \"id\", \"updated_at\", \"created_at\") values (senior@alyasheiee.com, Senior Recorder, a217dfb2-0f11-44d9-bf6d-a8234b87722f, 2026-06-23 17:03:29, 2026-06-23 17:03:29)) at C:/Users/new/Desktop/alyasheiee/vendor/laravel/framework/src/Illuminate/Database/Connection.php:825)
[stacktrace]
#0 C:/Users/new/Desktop/alyasheiee/vendor/laravel/framework/src/Illuminate/Database/Connection.php(779): Illuminate/Database/Connection->runQueryCallback('insert into \"us...', Array, Object(Closure))
#1 C:/Users/new/Desktop/alyasheiee/vendor/laravel/framework/src/Illuminate/Database/Connection.php(560): Illuminate/Database/Connection->run('insert into \"us...', Array, Object(Closure))
#2 C:/Users/new/Desktop/alyasheiee/vendor/laravel/framework/src/Illuminate/Database/Connection.php(524): Illuminate/Database/Connection->statement('insert into \"us...', Array)
#3 C:/Users/new/Desktop/alyasheiee/vendor/laravel/framework/src/Illuminate/Database/Query/Builder.php(3717): Illuminate/Database/Connection->insert('insert into \"us...', Array)
#4 C:/Users/new/Desktop/alyasheiee/vendor/laravel/framework/src/Illuminate/Database/Eloquent/Builder.php(2120): Illuminate/Database/Query/Builder->insert(Array)
#5 C:/Users/new/Desktop/alyasheiee/vendor/laravel/framework/src/Illuminate/Database/Eloquent/Model.php(1335): Illuminate/Database/Eloquent/Builder->__call('insert', Array)
#6 C:/Users/new/Desktop/alyasheiee/vendor/laravel/framework/src/Illuminate/Database/Eloquent/Model.php(1163): Illuminate/Database/Eloquent/Model->performInsert(Object(Illuminate/Database/Eloquent/Builder))
#7 C:/Users/new/Desktop/alyasheiee/vendor/laravel/framework/src/Illuminate/Database/Eloquent/Builder.php(1128): Illuminate/Database/Eloquent/Model->save()
#8 C:/Users/new/Desktop/alyasheiee/vendor/laravel/framework/src/Illuminate/Support/helpers.php(399): Illuminate/Database/Eloquent/Builder->Illuminate/Database/Eloquent/{closure}(Object(App/Models/User))
#9 C:/Users/new/Desktop/alyasheiee/vendor/laravel/framework/src/Illuminate/Database/Eloquent/Builder.php(1127): tap(Object(App/Models/User), Object(Closure))
#10 C:/Users/new/Desktop/alyasheiee/vendor/laravel/framework/src/Illuminate/Database/Eloquent/Builder.php(634): Illuminate/Database/Eloquent/Builder->create(Array)
#11 C:/Users/new/Desktop/alyasheiee/vendor/laravel/framework/src/Illuminate/Database/Eloquent/Builder.php(1864): Illuminate/Database/Eloquent/Builder->Illuminate/Database/Eloquent/{closure}()
#12 C:/Users/new/Desktop/alyasheiee/vendor/laravel/framework/src/Illuminate/Database/Eloquent/Builder.php(634): Illuminate/Database/Eloquent/Builder->withSavepointIfNeeded(Object(Closure))
#13 C:/Users/new/Desktop/alyasheiee/vendor/laravel/framework/src/Illuminate/Database/Eloquent/Builder.php(621): Illuminate/Database/Eloquent/Builder->createOrFirst(Array, Array)
#14 C:/Users/new/Desktop/alyasheiee/vendor/laravel/framework/src/Illuminate/Database/Eloquent/Builder.php(649): Illuminate/Database/Eloquent/Builder->firstOrCreate(Array, Array)
#15 C:/Users/new/Desktop/alyasheiee/vendor/laravel/framework/src/Illuminate/Support/Traits/ForwardsCalls.php(23): Illuminate/Database/Eloquent/Builder->updateOrCreate(Array, Array)
#16 C:/Users/new/Desktop/alyasheiee/vendor/laravel/framework/src/Illuminate/Database/Eloquent/Model.php(2372): Illuminate/Database/Eloquent/Model->forwardCallTo(Object(Illuminate/Database/Eloquent/Builder), 'updateOrCreate', Array)
#17 C:/Users/new/Desktop/alyasheiee/vendor/laravel/framework/src/Illuminate/Database/Eloquent/Model.php(2384): Illuminate/Database/Eloquent/Model->__call('updateOrCreate', Array)
#18 C:/Users/new/Desktop/alyasheiee/test_disbursement.php(15): Illuminate/Database/Eloquent/Model::__callStatic('updateOrCreate', Array)
#19 {main}

[previous exception] [object] (PDOException(code: 23502): SQLSTATE[23502]: Not null violation: 7 ERROR:  null value in column \"password\" of relation \"users\" violates not-null constraint
DETAIL:  Failing row contains (a217dfb2-0f11-44d9-bf6d-a8234b87722f, Senior Recorder, senior@alyasheiee.com, null, null, null, 2026-06-23 17:03:29, 2026-06-23 17:03:29). at C:/Users/new/Desktop/alyasheiee/vendor/laravel/framework/src/Illuminate/Database/Connection.php:571)
[stacktrace]
#0 C:/Users/new/Desktop/alyasheiee/vendor/laravel/framework/src/Illuminate/Database/Connection.php(571): PDOStatement->execute()
#1 C:/Users/new/Desktop/alyasheiee/vendor/laravel/framework/src/Illuminate/Database/Connection.php(812): Illuminate/Database/Connection->Illuminate/Database/{closure}('insert into \"us...', Array)
#2 C:/Users/new/Desktop/alyasheiee/vendor/laravel/framework/src/Illuminate/Database/Connection.php(779): Illuminate/Database/Connection->runQueryCallback('insert into \"us...', Array, Object(Closure))
#3 C:/Users/new/Desktop/alyasheiee/vendor/laravel/framework/src/Illuminate/Database/Connection.php(560): Illuminate/Database/Connection->run('insert into \"us...', Array, Object(Closure))
#4 C:/Users/new/Desktop/alyasheiee/vendor/laravel/framework/src/Illuminate/Database/Connection.php(524): Illuminate/Database/Connection->statement('insert into \"us...', Array)
#5 C:/Users/new/Desktop/alyasheiee/vendor/laravel/framework/src/Illuminate/Database/Query/Builder.php(3717): Illuminate/Database/Connection->insert('insert into \"us...', Array)
#6 C:/Users/new/Desktop/alyasheiee/vendor/laravel/framework/src/Illuminate/Database/Eloquent/Builder.php(2120): Illuminate/Database/Query/Builder->insert(Array)
#7 C:/Users/new/Desktop/alyasheiee/vendor/laravel/framework/src/Illuminate/Database/Eloquent/Model.php(1335): Illuminate/Database/Eloquent/Builder->__call('insert', Array)
#8 C:/Users/new/Desktop/alyasheiee/vendor/laravel/framework/src/Illuminate/Database/Eloquent/Model.php(1163): Illuminate/Database/Eloquent/Model->performInsert(Object(Illuminate/Database/Eloquent/Builder))
#9 C:/Users/new/Desktop/alyasheiee/vendor/laravel/framework/src/Illuminate/Database/Eloquent/Builder.php(1128): Illuminate/Database/Eloquent/Model->save()
#10 C:/Users/new/Desktop/alyasheiee/vendor/laravel/framework/src/Illuminate/Support/helpers.php(399): Illuminate/Database/Eloquent/Builder->Illuminate/Database/Eloquent/{closure}(Object(App/Models/User))
#11 C:/Users/new/Desktop/alyasheiee/vendor/laravel/framework/src/Illuminate/Database/Eloquent/Builder.php(1127): tap(Object(App/Models/User), Object(Closure))
#12 C:/Users/new/Desktop/alyasheiee/vendor/laravel/framework/src/Illuminate/Database/Eloquent/Builder.php(634): Illuminate/Database/Eloquent/Builder->create(Array)
#13 C:/Users/new/Desktop/alyasheiee/vendor/laravel/framework/src/Illuminate/Database/Eloquent/Builder.php(1864): Illuminate/Database/Eloquent/Builder->Illuminate/Database/Eloquent/{closure}()
#14 C:/Users/new/Desktop/alyasheiee/vendor/laravel/framework/src/Illuminate/Database/Eloquent/Builder.php(634): Illuminate/Database/Eloquent/Builder->withSavepointIfNeeded(Object(Closure))
#15 C:/Users/new/Desktop/alyasheiee/vendor/laravel/framework/src/Illuminate/Database/Eloquent/Builder.php(621): Illuminate/Database/Eloquent/Builder->createOrFirst(Array, Array)
#16 C:/Users/new/Desktop/alyasheiee/vendor/laravel/framework/src/Illuminate/Database/Eloquent/Builder.php(649): Illuminate/Database/Eloquent/Builder->firstOrCreate(Array, Array)
#17 C:/Users/new/Desktop/alyasheiee/vendor/laravel/framework/src/Illuminate/Support/Traits/ForwardsCalls.php(23): Illuminate/Database/Eloquent/Builder->updateOrCreate(Array, Array)
#18 C:/Users/new/Desktop/alyasheiee/vendor/laravel/framework/src/Illuminate/Database/Eloquent/Model.php(2372): Illuminate/Database/Eloquent/Model->forwardCallTo(Object(Illuminate/Database/Eloquent/Builder), 'updateOrCreate', Array)
#19 C:/Users/new/Desktop/alyasheiee/vendor/laravel/framework/src/Illuminate/Database/Eloquent/Model.php(2384): Illuminate/Database/Eloquent/Model->__call('updateOrCreate', Array)
#20 C:/Users/new/Desktop/alyasheiee/test_disbursement.php(15): Illuminate/Database/Eloquent/Model::__callStatic('updateOrCreate', Array)
#21 {main}
"} 
[2026-06-23 17:04:42] local.ERROR: SQLSTATE[23503]: Foreign key violation: 7 ERROR:  insert or update on table "disbursement_requests" violates foreign key constraint "disbursement_requests_warehouse_id_foreign"
DETAIL:  Key (warehouse_id)=(de608156-81db-41f5-907b-a021e7e775b1) is not present in table "fuel_tanks". (Connection: pgsql, SQL: update "disbursement_requests" set "status" = approved, "approved_by" = a217e021-c4e6-45d9-9da2-7f963cd0afdf, "approved_at" = 2026-06-23 17:04:42, "warehouse_id" = de608156-81db-41f5-907b-a021e7e775b1, "updated_at" = 2026-06-23 17:04:42 where "id" = a217e021-d4c8-4043-b3aa-16aea253f684) {"userId":"a217e021-c4e6-45d9-9da2-7f963cd0afdf","exception":"[object] (Illuminate\\Database\\QueryException(code: 23503): SQLSTATE[23503]: Foreign key violation: 7 ERROR:  insert or update on table \"disbursement_requests\" violates foreign key constraint \"disbursement_requests_warehouse_id_foreign\"
DETAIL:  Key (warehouse_id)=(de608156-81db-41f5-907b-a021e7e775b1) is not present in table \"fuel_tanks\". (Connection: pgsql, SQL: update \"disbursement_requests\" set \"status\" = approved, \"approved_by\" = a217e021-c4e6-45d9-9da2-7f963cd0afdf, \"approved_at\" = 2026-06-23 17:04:42, \"warehouse_id\" = de608156-81db-41f5-907b-a021e7e775b1, \"updated_at\" = 2026-06-23 17:04:42 where \"id\" = a217e021-d4c8-4043-b3aa-16aea253f684) at C:/Users/new/Desktop/alyasheiee/vendor/laravel/framework/src/Illuminate/Database/Connection.php:825)
[stacktrace]
#0 C:/Users/new/Desktop/alyasheiee/vendor/laravel/framework/src/Illuminate/Database/Connection.php(779): Illuminate/Database/Connection->runQueryCallback('update \"disburs...', Array, Object(Closure))
#1 C:/Users/new/Desktop/alyasheiee/vendor/laravel/framework/src/Illuminate/Database/Connection.php(584): Illuminate/Database/Connection->run('update \"disburs...', Array, Object(Closure))
#2 C:/Users/new/Desktop/alyasheiee/vendor/laravel/framework/src/Illuminate/Database/Connection.php(536): Illuminate/Database/Connection->affectingStatement('update \"disburs...', Array)
#3 C:/Users/new/Desktop/alyasheiee/vendor/laravel/framework/src/Illuminate/Database/Query/Builder.php(3830): Illuminate/Database/Connection->update('update \"disburs...', Array)
#4 C:/Users/new/Desktop/alyasheiee/vendor/laravel/framework/src/Illuminate/Database/Eloquent/Builder.php(1175): Illuminate/Database/Query/Builder->update(Object(Illuminate/Support/Collection))
#5 C:/Users/new/Desktop/alyasheiee/vendor/laravel/framework/src/Illuminate/Database/Eloquent/Model.php(1239): Illuminate/Database/Eloquent/Builder->update(Array)
#6 C:/Users/new/Desktop/alyasheiee/vendor/laravel/framework/src/Illuminate/Database/Eloquent/Model.php(1156): Illuminate/Database/Eloquent/Model->performUpdate(Object(Illuminate/Database/Eloquent/Builder))
#7 C:/Users/new/Desktop/alyasheiee/vendor/laravel/framework/src/Illuminate/Database/Eloquent/Model.php(1014): Illuminate/Database/Eloquent/Model->save(Array)
#8 C:/Users/new/Desktop/alyasheiee/app/Modules/Warehouse/Services/DisbursementService.php(51): Illuminate/Database/Eloquent/Model->update(Array)
#9 C:/Users/new/Desktop/alyasheiee/test_disbursement.php(42): App/Modules/Warehouse/Services/DisbursementService->approveRequest(Object(App/Modules/Warehouse/Models/DisbursementRequest), 'de608156-81db-4...')
#10 {main}

[previous exception] [object] (PDOException(code: 23503): SQLSTATE[23503]: Foreign key violation: 7 ERROR:  insert or update on table \"disbursement_requests\" violates foreign key constraint \"disbursement_requests_warehouse_id_foreign\"
DETAIL:  Key (warehouse_id)=(de608156-81db-41f5-907b-a021e7e775b1) is not present in table \"fuel_tanks\". at C:/Users/new/Desktop/alyasheiee/vendor/laravel/framework/src/Illuminate/Database/Connection.php:596)
[stacktrace]
#0 C:/Users/new/Desktop/alyasheiee/vendor/laravel/framework/src/Illuminate/Database/Connection.php(596): PDOStatement->execute()
#1 C:/Users/new/Desktop/alyasheiee/vendor/laravel/framework/src/Illuminate/Database/Connection.php(812): Illuminate/Database/Connection->Illuminate/Database/{closure}('update \"disburs...', Array)
#2 C:/Users/new/Desktop/alyasheiee/vendor/laravel/framework/src/Illuminate/Database/Connection.php(779): Illuminate/Database/Connection->runQueryCallback('update \"disburs...', Array, Object(Closure))
#3 C:/Users/new/Desktop/alyasheiee/vendor/laravel/framework/src/Illuminate/Database/Connection.php(584): Illuminate/Database/Connection->run('update \"disburs...', Array, Object(Closure))
#4 C:/Users/new/Desktop/alyasheiee/vendor/laravel/framework/src/Illuminate/Database/Connection.php(536): Illuminate/Database/Connection->affectingStatement('update \"disburs...', Array)
#5 C:/Users/new/Desktop/alyasheiee/vendor/laravel/framework/src/Illuminate/Database/Query/Builder.php(3830): Illuminate/Database/Connection->update('update \"disburs...', Array)
#6 C:/Users/new/Desktop/alyasheiee/vendor/laravel/framework/src/Illuminate/Database/Eloquent/Builder.php(1175): Illuminate/Database/Query/Builder->update(Object(Illuminate/Support/Collection))
#7 C:/Users/new/Desktop/alyasheiee/vendor/laravel/framework/src/Illuminate/Database/Eloquent/Model.php(1239): Illuminate/Database/Eloquent/Builder->update(Array)
#8 C:/Users/new/Desktop/alyasheiee/vendor/laravel/framework/src/Illuminate/Database/Eloquent/Model.php(1156): Illuminate/Database/Eloquent/Model->performUpdate(Object(Illuminate/Database/Eloquent/Builder))
#9 C:/Users/new/Desktop/alyasheiee/vendor/laravel/framework/src/Illuminate/Database/Eloquent/Model.php(1014): Illuminate/Database/Eloquent/Model->save(Array)
#10 C:/Users/new/Desktop/alyasheiee/app/Modules/Warehouse/Services/DisbursementService.php(51): Illuminate/Database/Eloquent/Model->update(Array)
#11 C:/Users/new/Desktop/alyasheiee/test_disbursement.php(42): App/Modules/Warehouse/Services/DisbursementService->approveRequest(Object(App/Modules/Warehouse/Models/DisbursementRequest), 'de608156-81db-4...')
#12 {main}
"} 
[2026-06-23 17:36:58] local.ERROR: SQLSTATE[22P02]: Invalid text representation: 7 ERROR:  invalid input syntax for type bigint: "a217e021-c4e6-45d9-9da2-7f963cd0afdf"
CONTEXT:  unnamed portal parameter $3 = '...' (Connection: pgsql, SQL: insert into "activity_log" ("log_name", "properties", "causer_id", "causer_type", "batch_uuid", "event", "subject_id", "subject_type", "description", "updated_at", "created_at") values (default, {"attributes":{"code":"COST-001","name":"Financial Project","status":"active","progress_percentage":0}}, a217e021-c4e6-45d9-9da2-7f963cd0afdf, App\Models\User, ?, created, a217ebab-1bc4-4956-8ec0-ef3abd61a197, App\Modules\ProjectManagement\Models\Project, created, 2026-06-23 17:36:58, 2026-06-23 17:36:58) returning "id") {"userId":"a217e021-c4e6-45d9-9da2-7f963cd0afdf","exception":"[object] (Illuminate\\Database\\QueryException(code: 22P02): SQLSTATE[22P02]: Invalid text representation: 7 ERROR:  invalid input syntax for type bigint: \"a217e021-c4e6-45d9-9da2-7f963cd0afdf\"
CONTEXT:  unnamed portal parameter $3 = '...' (Connection: pgsql, SQL: insert into \"activity_log\" (\"log_name\", \"properties\", \"causer_id\", \"causer_type\", \"batch_uuid\", \"event\", \"subject_id\", \"subject_type\", \"description\", \"updated_at\", \"created_at\") values (default, {\"attributes\":{\"code\":\"COST-001\",\"name\":\"Financial Project\",\"status\":\"active\",\"progress_percentage\":0}}, a217e021-c4e6-45d9-9da2-7f963cd0afdf, App\\Models\\User, ?, created, a217ebab-1bc4-4956-8ec0-ef3abd61a197, App\\Modules\\ProjectManagement\\Models\\Project, created, 2026-06-23 17:36:58, 2026-06-23 17:36:58) returning \"id\") at C:/Users/new/Desktop/alyasheiee/vendor/laravel/framework/src/Illuminate/Database/Connection.php:825)
[stacktrace]
#0 C:/Users/new/Desktop/alyasheiee/vendor/laravel/framework/src/Illuminate/Database/Connection.php(779): Illuminate/Database/Connection->runQueryCallback('insert into \"ac...', Array, Object(Closure))
#1 C:/Users/new/Desktop/alyasheiee/vendor/laravel/framework/src/Illuminate/Database/Connection.php(398): Illuminate/Database/Connection->run('insert into \"ac...', Array, Object(Closure))
#2 C:/Users/new/Desktop/alyasheiee/vendor/laravel/framework/src/Illuminate/Database/Connection.php(385): Illuminate/Database/Connection->select('insert into \"ac...', Array, false)
#3 C:/Users/new/Desktop/alyasheiee/vendor/laravel/framework/src/Illuminate/Database/Query/Processors/PostgresProcessor.php(24): Illuminate/Database/Connection->selectFromWriteConnection('insert into \"ac...', Array)
#4 C:/Users/new/Desktop/alyasheiee/vendor/laravel/framework/src/Illuminate/Database/Query/Builder.php(3766): Illuminate/Database/Query/Processors/PostgresProcessor->processInsertGetId(Object(Illuminate/Database/Query/Builder), 'insert into \"ac...', Array, 'id')
#5 C:/Users/new/Desktop/alyasheiee/vendor/laravel/framework/src/Illuminate/Database/Eloquent/Builder.php(2120): Illuminate/Database/Query/Builder->insertGetId(Array, 'id')
#6 C:/Users/new/Desktop/alyasheiee/vendor/laravel/framework/src/Illuminate/Database/Eloquent/Model.php(1359): Illuminate/Database/Eloquent/Builder->__call('insertGetId', Array)
#7 C:/Users/new/Desktop/alyasheiee/vendor/laravel/framework/src/Illuminate/Database/Eloquent/Model.php(1324): Illuminate/Database/Eloquent/Model->insertAndSetId(Object(Illuminate/Database/Eloquent/Builder), Array)
#8 C:/Users/new/Desktop/alyasheiee/vendor/laravel/framework/src/Illuminate/Database/Eloquent/Model.php(1163): Illuminate/Database/Eloquent/Model->performInsert(Object(Illuminate/Database/Eloquent/Builder))
#9 C:/Users/new/Desktop/alyasheiee/vendor/spatie/laravel-activitylog/src/ActivityLogger.php(176): Illuminate/Database/Eloquent/Model->save()
#10 C:/Users/new/Desktop/alyasheiee/vendor/spatie/laravel-activitylog/src/Traits/LogsActivity.php(84): Spatie/Activitylog/ActivityLogger->log('created')
#11 C:/Users/new/Desktop/alyasheiee/vendor/laravel/framework/src/Illuminate/Events/Dispatcher.php(459): App/Modules/ProjectManagement/Models/Project::Spatie/Activitylog/Traits/{closure}(Object(App/Modules/ProjectManagement/Models/Project))
#12 C:/Users/new/Desktop/alyasheiee/vendor/laravel/framework/src/Illuminate/Events/Dispatcher.php(287): Illuminate/Events/Dispatcher->Illuminate/Events/{closure}('eloquent.create...', Array)
#13 C:/Users/new/Desktop/alyasheiee/vendor/laravel/framework/src/Illuminate/Events/Dispatcher.php(267): Illuminate/Events/Dispatcher->invokeListeners('eloquent.create...', Array, false)
#14 C:/Users/new/Desktop/alyasheiee/vendor/laravel/framework/src/Illuminate/Database/Eloquent/Concerns/HasEvents.php(224): Illuminate/Events/Dispatcher->dispatch('eloquent.create...', Array)
#15 C:/Users/new/Desktop/alyasheiee/vendor/laravel/framework/src/Illuminate/Database/Eloquent/Model.php(1345): Illuminate/Database/Eloquent/Model->fireModelEvent('created', false)
#16 C:/Users/new/Desktop/alyasheiee/vendor/laravel/framework/src/Illuminate/Database/Eloquent/Model.php(1163): Illuminate/Database/Eloquent/Model->performInsert(Object(Illuminate/Database/Eloquent/Builder))
#17 C:/Users/new/Desktop/alyasheiee/vendor/laravel/framework/src/Illuminate/Database/Eloquent/Builder.php(1128): Illuminate/Database/Eloquent/Model->save()
#18 C:/Users/new/Desktop/alyasheiee/vendor/laravel/framework/src/Illuminate/Support/helpers.php(399): Illuminate/Database/Eloquent/Builder->Illuminate/Database/Eloquent/{closure}(Object(App/Modules/ProjectManagement/Models/Project))
#19 C:/Users/new/Desktop/alyasheiee/vendor/laravel/framework/src/Illuminate/Database/Eloquent/Builder.php(1127): tap(Object(App/Modules/ProjectManagement/Models/Project), Object(Closure))
#20 C:/Users/new/Desktop/alyasheiee/vendor/laravel/framework/src/Illuminate/Database/Eloquent/Builder.php(634): Illuminate/Database/Eloquent/Builder->create(Array)
#21 C:/Users/new/Desktop/alyasheiee/vendor/laravel/framework/src/Illuminate/Database/Eloquent/Builder.php(1864): Illuminate/Database/Eloquent/Builder->Illuminate/Database/Eloquent/{closure}()
#22 C:/Users/new/Desktop/alyasheiee/vendor/laravel/framework/src/Illuminate/Database/Eloquent/Builder.php(634): Illuminate/Database/Eloquent/Builder->withSavepointIfNeeded(Object(Closure))
#23 C:/Users/new/Desktop/alyasheiee/vendor/laravel/framework/src/Illuminate/Database/Eloquent/Builder.php(621): Illuminate/Database/Eloquent/Builder->createOrFirst(Array, Array)
#24 C:/Users/new/Desktop/alyasheiee/vendor/laravel/framework/src/Illuminate/Support/Traits/ForwardsCalls.php(23): Illuminate/Database/Eloquent/Builder->firstOrCreate(Array, Array)
#25 C:/Users/new/Desktop/alyasheiee/vendor/laravel/framework/src/Illuminate/Database/Eloquent/Model.php(2372): Illuminate/Database/Eloquent/Model->forwardCallTo(Object(Illuminate/Database/Eloquent/Builder), 'firstOrCreate', Array)
#26 C:/Users/new/Desktop/alyasheiee/vendor/laravel/framework/src/Illuminate/Database/Eloquent/Model.php(2384): Illuminate/Database/Eloquent/Model->__call('firstOrCreate', Array)
#27 C:/Users/new/Desktop/alyasheiee/test_costs.php(21): Illuminate/Database/Eloquent/Model::__callStatic('firstOrCreate', Array)
#28 {main}

[previous exception] [object] (PDOException(code: 22P02): SQLSTATE[22P02]: Invalid text representation: 7 ERROR:  invalid input syntax for type bigint: \"a217e021-c4e6-45d9-9da2-7f963cd0afdf\"
CONTEXT:  unnamed portal parameter $3 = '...' at C:/Users/new/Desktop/alyasheiee/vendor/laravel/framework/src/Illuminate/Database/Connection.php:412)
[stacktrace]
#0 C:/Users/new/Desktop/alyasheiee/vendor/laravel/framework/src/Illuminate/Database/Connection.php(412): PDOStatement->execute()
#1 C:/Users/new/Desktop/alyasheiee/vendor/laravel/framework/src/Illuminate/Database/Connection.php(812): Illuminate/Database/Connection->Illuminate/Database/{closure}('insert into \"ac...', Array)
#2 C:/Users/new/Desktop/alyasheiee/vendor/laravel/framework/src/Illuminate/Database/Connection.php(779): Illuminate/Database/Connection->runQueryCallback('insert into \"ac...', Array, Object(Closure))
#3 C:/Users/new/Desktop/alyasheiee/vendor/laravel/framework/src/Illuminate/Database/Connection.php(398): Illuminate/Database/Connection->run('insert into \"ac...', Array, Object(Closure))
#4 C:/Users/new/Desktop/alyasheiee/vendor/laravel/framework/src/Illuminate/Database/Connection.php(385): Illuminate/Database/Connection->select('insert into \"ac...', Array, false)
#5 C:/Users/new/Desktop/alyasheiee/vendor/laravel/framework/src/Illuminate/Database/Query/Processors/PostgresProcessor.php(24): Illuminate/Database/Connection->selectFromWriteConnection('insert into \"ac...', Array)
#6 C:/Users/new/Desktop/alyasheiee/vendor/laravel/framework/src/Illuminate/Database/Query/Builder.php(3766): Illuminate/Database/Query/Processors/PostgresProcessor->processInsertGetId(Object(Illuminate/Database/Query/Builder), 'insert into \"ac...', Array, 'id')
#7 C:/Users/new/Desktop/alyasheiee/vendor/laravel/framework/src/Illuminate/Database/Eloquent/Builder.php(2120): Illuminate/Database/Query/Builder->insertGetId(Array, 'id')
#8 C:/Users/new/Desktop/alyasheiee/vendor/laravel/framework/src/Illuminate/Database/Eloquent/Model.php(1359): Illuminate/Database/Eloquent/Builder->__call('insertGetId', Array)
#9 C:/Users/new/Desktop/alyasheiee/vendor/laravel/framework/src/Illuminate/Database/Eloquent/Model.php(1324): Illuminate/Database/Eloquent/Model->insertAndSetId(Object(Illuminate/Database/Eloquent/Builder), Array)
#10 C:/Users/new/Desktop/alyasheiee/vendor/laravel/framework/src/Illuminate/Database/Eloquent/Model.php(1163): Illuminate/Database/Eloquent/Model->performInsert(Object(Illuminate/Database/Eloquent/Builder))
#11 C:/Users/new/Desktop/alyasheiee/vendor/spatie/laravel-activitylog/src/ActivityLogger.php(176): Illuminate/Database/Eloquent/Model->save()
#12 C:/Users/new/Desktop/alyasheiee/vendor/spatie/laravel-activitylog/src/Traits/LogsActivity.php(84): Spatie/Activitylog/ActivityLogger->log('created')
#13 C:/Users/new/Desktop/alyasheiee/vendor/laravel/framework/src/Illuminate/Events/Dispatcher.php(459): App/Modules/ProjectManagement/Models/Project::Spatie/Activitylog/Traits/{closure}(Object(App/Modules/ProjectManagement/Models/Project))
#14 C:/Users/new/Desktop/alyasheiee/vendor/laravel/framework/src/Illuminate/Events/Dispatcher.php(287): Illuminate/Events/Dispatcher->Illuminate/Events/{closure}('eloquent.create...', Array)
#15 C:/Users/new/Desktop/alyasheiee/vendor/laravel/framework/src/Illuminate/Events/Dispatcher.php(267): Illuminate/Events/Dispatcher->invokeListeners('eloquent.create...', Array, false)
#16 C:/Users/new/Desktop/alyasheiee/vendor/laravel/framework/src/Illuminate/Database/Eloquent/Concerns/HasEvents.php(224): Illuminate/Events/Dispatcher->dispatch('eloquent.create...', Array)
#17 C:/Users/new/Desktop/alyasheiee/vendor/laravel/framework/src/Illuminate/Database/Eloquent/Model.php(1345): Illuminate/Database/Eloquent/Model->fireModelEvent('created', false)
#18 C:/Users/new/Desktop/alyasheiee/vendor/laravel/framework/src/Illuminate/Database/Eloquent/Model.php(1163): Illuminate/Database/Eloquent/Model->performInsert(Object(Illuminate/Database/Eloquent/Builder))
#19 C:/Users/new/Desktop/alyasheiee/vendor/laravel/framework/src/Illuminate/Database/Eloquent/Builder.php(1128): Illuminate/Database/Eloquent/Model->save()
#20 C:/Users/new/Desktop/alyasheiee/vendor/laravel/framework/src/Illuminate/Support/helpers.php(399): Illuminate/Database/Eloquent/Builder->Illuminate/Database/Eloquent/{closure}(Object(App/Modules/ProjectManagement/Models/Project))
#21 C:/Users/new/Desktop/alyasheiee/vendor/laravel/framework/src/Illuminate/Database/Eloquent/Builder.php(1127): tap(Object(App/Modules/ProjectManagement/Models/Project), Object(Closure))
#22 C:/Users/new/Desktop/alyasheiee/vendor/laravel/framework/src/Illuminate/Database/Eloquent/Builder.php(634): Illuminate/Database/Eloquent/Builder->create(Array)
#23 C:/Users/new/Desktop/alyasheiee/vendor/laravel/framework/src/Illuminate/Database/Eloquent/Builder.php(1864): Illuminate/Database/Eloquent/Builder->Illuminate/Database/Eloquent/{closure}()
#24 C:/Users/new/Desktop/alyasheiee/vendor/laravel/framework/src/Illuminate/Database/Eloquent/Builder.php(634): Illuminate/Database/Eloquent/Builder->withSavepointIfNeeded(Object(Closure))
#25 C:/Users/new/Desktop/alyasheiee/vendor/laravel/framework/src/Illuminate/Database/Eloquent/Builder.php(621): Illuminate/Database/Eloquent/Builder->createOrFirst(Array, Array)
#26 C:/Users/new/Desktop/alyasheiee/vendor/laravel/framework/src/Illuminate/Support/Traits/ForwardsCalls.php(23): Illuminate/Database/Eloquent/Builder->firstOrCreate(Array, Array)
#27 C:/Users/new/Desktop/alyasheiee/vendor/laravel/framework/src/Illuminate/Database/Eloquent/Model.php(2372): Illuminate/Database/Eloquent/Model->forwardCallTo(Object(Illuminate/Database/Eloquent/Builder), 'firstOrCreate', Array)
#28 C:/Users/new/Desktop/alyasheiee/vendor/laravel/framework/src/Illuminate/Database/Eloquent/Model.php(2384): Illuminate/Database/Eloquent/Model->__call('firstOrCreate', Array)
#29 C:/Users/new/Desktop/alyasheiee/test_costs.php(21): Illuminate/Database/Eloquent/Model::__callStatic('firstOrCreate', Array)
#30 {main}
"} 
[2026-06-23 17:42:17] local.ERROR: SQLSTATE[42703]: Undefined column: 7 ERROR:  column "email" does not exist
LINE 1: select * from "employees" where ("email" = $1) and "employee...
                                         ^ (Connection: pgsql, SQL: select * from "employees" where ("email" = worker1@alyasheiee.com) and "employees"."deleted_at" is null limit 1) {"userId":"a217e021-c4e6-45d9-9da2-7f963cd0afdf","exception":"[object] (Illuminate\\Database\\QueryException(code: 42703): SQLSTATE[42703]: Undefined column: 7 ERROR:  column \"email\" does not exist
LINE 1: select * from \"employees\" where (\"email\" = $1) and \"employee...
                                         ^ (Connection: pgsql, SQL: select * from \"employees\" where (\"email\" = worker1@alyasheiee.com) and \"employees\".\"deleted_at\" is null limit 1) at C:/Users/new/Desktop/alyasheiee/vendor/laravel/framework/src/Illuminate/Database/Connection.php:825)
[stacktrace]
#0 C:/Users/new/Desktop/alyasheiee/vendor/laravel/framework/src/Illuminate/Database/Connection.php(779): Illuminate/Database/Connection->runQueryCallback('select * from \"...', Array, Object(Closure))
#1 C:/Users/new/Desktop/alyasheiee/vendor/laravel/framework/src/Illuminate/Database/Connection.php(398): Illuminate/Database/Connection->run('select * from \"...', Array, Object(Closure))
#2 C:/Users/new/Desktop/alyasheiee/vendor/laravel/framework/src/Illuminate/Database/Query/Builder.php(3106): Illuminate/Database/Connection->select('select * from \"...', Array, true)
#3 C:/Users/new/Desktop/alyasheiee/vendor/laravel/framework/src/Illuminate/Database/Query/Builder.php(3091): Illuminate/Database/Query/Builder->runSelect()
#4 C:/Users/new/Desktop/alyasheiee/vendor/laravel/framework/src/Illuminate/Database/Query/Builder.php(3676): Illuminate/Database/Query/Builder->Illuminate/Database/Query/{closure}()
#5 C:/Users/new/Desktop/alyasheiee/vendor/laravel/framework/src/Illuminate/Database/Query/Builder.php(3090): Illuminate/Database/Query/Builder->onceWithColumns(Array, Object(Closure))
#6 C:/Users/new/Desktop/alyasheiee/vendor/laravel/framework/src/Illuminate/Database/Eloquent/Builder.php(811): Illuminate/Database/Query/Builder->get(Array)
#7 C:/Users/new/Desktop/alyasheiee/vendor/laravel/framework/src/Illuminate/Database/Eloquent/Builder.php(793): Illuminate/Database/Eloquent/Builder->getModels(Array)
#8 C:/Users/new/Desktop/alyasheiee/vendor/laravel/framework/src/Illuminate/Database/Concerns/BuildsQueries.php(343): Illuminate/Database/Eloquent/Builder->get(Array)
#9 C:/Users/new/Desktop/alyasheiee/vendor/laravel/framework/src/Illuminate/Database/Eloquent/Builder.php(617): Illuminate/Database/Eloquent/Builder->first()
#10 C:/Users/new/Desktop/alyasheiee/vendor/laravel/framework/src/Illuminate/Database/Eloquent/Builder.php(649): Illuminate/Database/Eloquent/Builder->firstOrCreate(Array, Array)
#11 C:/Users/new/Desktop/alyasheiee/vendor/laravel/framework/src/Illuminate/Support/Traits/ForwardsCalls.php(23): Illuminate/Database/Eloquent/Builder->updateOrCreate(Array, Array)
#12 C:/Users/new/Desktop/alyasheiee/vendor/laravel/framework/src/Illuminate/Database/Eloquent/Model.php(2372): Illuminate/Database/Eloquent/Model->forwardCallTo(Object(Illuminate/Database/Eloquent/Builder), 'updateOrCreate', Array)
#13 C:/Users/new/Desktop/alyasheiee/vendor/laravel/framework/src/Illuminate/Database/Eloquent/Model.php(2384): Illuminate/Database/Eloquent/Model->__call('updateOrCreate', Array)
#14 C:/Users/new/Desktop/alyasheiee/test_costs.php(28): Illuminate/Database/Eloquent/Model::__callStatic('updateOrCreate', Array)
#15 {main}

[previous exception] [object] (PDOException(code: 42703): SQLSTATE[42703]: Undefined column: 7 ERROR:  column \"email\" does not exist
LINE 1: select * from \"employees\" where (\"email\" = $1) and \"employee...
                                         ^ at C:/Users/new/Desktop/alyasheiee/vendor/laravel/framework/src/Illuminate/Database/Connection.php:412)
[stacktrace]
#0 C:/Users/new/Desktop/alyasheiee/vendor/laravel/framework/src/Illuminate/Database/Connection.php(412): PDOStatement->execute()
#1 C:/Users/new/Desktop/alyasheiee/vendor/laravel/framework/src/Illuminate/Database/Connection.php(812): Illuminate/Database/Connection->Illuminate/Database/{closure}('select * from \"...', Array)
#2 C:/Users/new/Desktop/alyasheiee/vendor/laravel/framework/src/Illuminate/Database/Connection.php(779): Illuminate/Database/Connection->runQueryCallback('select * from \"...', Array, Object(Closure))
#3 C:/Users/new/Desktop/alyasheiee/vendor/laravel/framework/src/Illuminate/Database/Connection.php(398): Illuminate/Database/Connection->run('select * from \"...', Array, Object(Closure))
#4 C:/Users/new/Desktop/alyasheiee/vendor/laravel/framework/src/Illuminate/Database/Query/Builder.php(3106): Illuminate/Database/Connection->select('select * from \"...', Array, true)
#5 C:/Users/new/Desktop/alyasheiee/vendor/laravel/framework/src/Illuminate/Database/Query/Builder.php(3091): Illuminate/Database/Query/Builder->runSelect()
#6 C:/Users/new/Desktop/alyasheiee/vendor/laravel/framework/src/Illuminate/Database/Query/Builder.php(3676): Illuminate/Database/Query/Builder->Illuminate/Database/Query/{closure}()
#7 C:/Users/new/Desktop/alyasheiee/vendor/laravel/framework/src/Illuminate/Database/Query/Builder.php(3090): Illuminate/Database/Query/Builder->onceWithColumns(Array, Object(Closure))
#8 C:/Users/new/Desktop/alyasheiee/vendor/laravel/framework/src/Illuminate/Database/Eloquent/Builder.php(811): Illuminate/Database/Query/Builder->get(Array)
#9 C:/Users/new/Desktop/alyasheiee/vendor/laravel/framework/src/Illuminate/Database/Eloquent/Builder.php(793): Illuminate/Database/Eloquent/Builder->getModels(Array)
#10 C:/Users/new/Desktop/alyasheiee/vendor/laravel/framework/src/Illuminate/Database/Concerns/BuildsQueries.php(343): Illuminate/Database/Eloquent/Builder->get(Array)
#11 C:/Users/new/Desktop/alyasheiee/vendor/laravel/framework/src/Illuminate/Database/Eloquent/Builder.php(617): Illuminate/Database/Eloquent/Builder->first()
#12 C:/Users/new/Desktop/alyasheiee/vendor/laravel/framework/src/Illuminate/Database/Eloquent/Builder.php(649): Illuminate/Database/Eloquent/Builder->firstOrCreate(Array, Array)
#13 C:/Users/new/Desktop/alyasheiee/vendor/laravel/framework/src/Illuminate/Support/Traits/ForwardsCalls.php(23): Illuminate/Database/Eloquent/Builder->updateOrCreate(Array, Array)
#14 C:/Users/new/Desktop/alyasheiee/vendor/laravel/framework/src/Illuminate/Database/Eloquent/Model.php(2372): Illuminate/Database/Eloquent/Model->forwardCallTo(Object(Illuminate/Database/Eloquent/Builder), 'updateOrCreate', Array)
#15 C:/Users/new/Desktop/alyasheiee/vendor/laravel/framework/src/Illuminate/Database/Eloquent/Model.php(2384): Illuminate/Database/Eloquent/Model->__call('updateOrCreate', Array)
#16 C:/Users/new/Desktop/alyasheiee/test_costs.php(28): Illuminate/Database/Eloquent/Model::__callStatic('updateOrCreate', Array)
#17 {main}
"} 
[2026-06-26 00:38:27] local.ERROR: SQLSTATE[22P02]: Invalid text representation: 7 ERROR:  invalid input syntax for type bigint: "a21c885c-5e73-40f5-881f-b2fd9440951c"
CONTEXT:  unnamed portal parameter $3 = '...' (Connection: pgsql, SQL: insert into "activity_log" ("log_name", "properties", "causer_id", "causer_type", "batch_uuid", "event", "subject_id", "subject_type", "description", "updated_at", "created_at") values (default, {"attributes":{"code":"PRO-TEST","name":"Procurement Test Project","status":"planning","progress_percentage":0}}, a21c885c-5e73-40f5-881f-b2fd9440951c, App\Models\User, ?, created, a21c885e-0dae-4810-a173-4edefee9fbd7, App\Modules\ProjectManagement\Models\Project, created, 2026-06-26 00:38:26, 2026-06-26 00:38:26) returning "id") {"userId":"a21c885c-5e73-40f5-881f-b2fd9440951c","exception":"[object] (Illuminate\\Database\\QueryException(code: 22P02): SQLSTATE[22P02]: Invalid text representation: 7 ERROR:  invalid input syntax for type bigint: \"a21c885c-5e73-40f5-881f-b2fd9440951c\"
CONTEXT:  unnamed portal parameter $3 = '...' (Connection: pgsql, SQL: insert into \"activity_log\" (\"log_name\", \"properties\", \"causer_id\", \"causer_type\", \"batch_uuid\", \"event\", \"subject_id\", \"subject_type\", \"description\", \"updated_at\", \"created_at\") values (default, {\"attributes\":{\"code\":\"PRO-TEST\",\"name\":\"Procurement Test Project\",\"status\":\"planning\",\"progress_percentage\":0}}, a21c885c-5e73-40f5-881f-b2fd9440951c, App\\Models\\User, ?, created, a21c885e-0dae-4810-a173-4edefee9fbd7, App\\Modules\\ProjectManagement\\Models\\Project, created, 2026-06-26 00:38:26, 2026-06-26 00:38:26) returning \"id\") at C:/Users/new/Desktop/alyasheiee/vendor/laravel/framework/src/Illuminate/Database/Connection.php:825)
[stacktrace]
#0 C:/Users/new/Desktop/alyasheiee/vendor/laravel/framework/src/Illuminate/Database/Connection.php(779): Illuminate/Database/Connection->runQueryCallback('insert into \"ac...', Array, Object(Closure))
#1 C:/Users/new/Desktop/alyasheiee/vendor/laravel/framework/src/Illuminate/Database/Connection.php(398): Illuminate/Database/Connection->run('insert into \"ac...', Array, Object(Closure))
#2 C:/Users/new/Desktop/alyasheiee/vendor/laravel/framework/src/Illuminate/Database/Connection.php(385): Illuminate/Database/Connection->select('insert into \"ac...', Array, false)
#3 C:/Users/new/Desktop/alyasheiee/vendor/laravel/framework/src/Illuminate/Database/Query/Processors/PostgresProcessor.php(24): Illuminate/Database/Connection->selectFromWriteConnection('insert into \"ac...', Array)
#4 C:/Users/new/Desktop/alyasheiee/vendor/laravel/framework/src/Illuminate/Database/Query/Builder.php(3766): Illuminate/Database/Query/Processors/PostgresProcessor->processInsertGetId(Object(Illuminate/Database/Query/Builder), 'insert into \"ac...', Array, 'id')
#5 C:/Users/new/Desktop/alyasheiee/vendor/laravel/framework/src/Illuminate/Database/Eloquent/Builder.php(2120): Illuminate/Database/Query/Builder->insertGetId(Array, 'id')
#6 C:/Users/new/Desktop/alyasheiee/vendor/laravel/framework/src/Illuminate/Database/Eloquent/Model.php(1359): Illuminate/Database/Eloquent/Builder->__call('insertGetId', Array)
#7 C:/Users/new/Desktop/alyasheiee/vendor/laravel/framework/src/Illuminate/Database/Eloquent/Model.php(1324): Illuminate/Database/Eloquent/Model->insertAndSetId(Object(Illuminate/Database/Eloquent/Builder), Array)
#8 C:/Users/new/Desktop/alyasheiee/vendor/laravel/framework/src/Illuminate/Database/Eloquent/Model.php(1163): Illuminate/Database/Eloquent/Model->performInsert(Object(Illuminate/Database/Eloquent/Builder))
#9 C:/Users/new/Desktop/alyasheiee/vendor/spatie/laravel-activitylog/src/ActivityLogger.php(176): Illuminate/Database/Eloquent/Model->save()
#10 C:/Users/new/Desktop/alyasheiee/vendor/spatie/laravel-activitylog/src/Traits/LogsActivity.php(84): Spatie/Activitylog/ActivityLogger->log('created')
#11 C:/Users/new/Desktop/alyasheiee/vendor/laravel/framework/src/Illuminate/Events/Dispatcher.php(459): App/Modules/ProjectManagement/Models/Project::Spatie/Activitylog/Traits/{closure}(Object(App/Modules/ProjectManagement/Models/Project))
#12 C:/Users/new/Desktop/alyasheiee/vendor/laravel/framework/src/Illuminate/Events/Dispatcher.php(287): Illuminate/Events/Dispatcher->Illuminate/Events/{closure}('eloquent.create...', Array)
#13 C:/Users/new/Desktop/alyasheiee/vendor/laravel/framework/src/Illuminate/Events/Dispatcher.php(267): Illuminate/Events/Dispatcher->invokeListeners('eloquent.create...', Array, false)
#14 C:/Users/new/Desktop/alyasheiee/vendor/laravel/framework/src/Illuminate/Database/Eloquent/Concerns/HasEvents.php(224): Illuminate/Events/Dispatcher->dispatch('eloquent.create...', Array)
#15 C:/Users/new/Desktop/alyasheiee/vendor/laravel/framework/src/Illuminate/Database/Eloquent/Model.php(1345): Illuminate/Database/Eloquent/Model->fireModelEvent('created', false)
#16 C:/Users/new/Desktop/alyasheiee/vendor/laravel/framework/src/Illuminate/Database/Eloquent/Model.php(1163): Illuminate/Database/Eloquent/Model->performInsert(Object(Illuminate/Database/Eloquent/Builder))
#17 C:/Users/new/Desktop/alyasheiee/vendor/laravel/framework/src/Illuminate/Database/Eloquent/Builder.php(1128): Illuminate/Database/Eloquent/Model->save()
#18 C:/Users/new/Desktop/alyasheiee/vendor/laravel/framework/src/Illuminate/Support/helpers.php(399): Illuminate/Database/Eloquent/Builder->Illuminate/Database/Eloquent/{closure}(Object(App/Modules/ProjectManagement/Models/Project))
#19 C:/Users/new/Desktop/alyasheiee/vendor/laravel/framework/src/Illuminate/Database/Eloquent/Builder.php(1127): tap(Object(App/Modules/ProjectManagement/Models/Project), Object(Closure))
#20 C:/Users/new/Desktop/alyasheiee/vendor/laravel/framework/src/Illuminate/Database/Eloquent/Builder.php(634): Illuminate/Database/Eloquent/Builder->create(Array)
#21 C:/Users/new/Desktop/alyasheiee/vendor/laravel/framework/src/Illuminate/Database/Eloquent/Builder.php(1864): Illuminate/Database/Eloquent/Builder->Illuminate/Database/Eloquent/{closure}()
#22 C:/Users/new/Desktop/alyasheiee/vendor/laravel/framework/src/Illuminate/Database/Eloquent/Builder.php(634): Illuminate/Database/Eloquent/Builder->withSavepointIfNeeded(Object(Closure))
#23 C:/Users/new/Desktop/alyasheiee/vendor/laravel/framework/src/Illuminate/Database/Eloquent/Builder.php(621): Illuminate/Database/Eloquent/Builder->createOrFirst(Array, Array)
#24 C:/Users/new/Desktop/alyasheiee/vendor/laravel/framework/src/Illuminate/Support/Traits/ForwardsCalls.php(23): Illuminate/Database/Eloquent/Builder->firstOrCreate(Array, Array)
#25 C:/Users/new/Desktop/alyasheiee/vendor/laravel/framework/src/Illuminate/Database/Eloquent/Model.php(2372): Illuminate/Database/Eloquent/Model->forwardCallTo(Object(Illuminate/Database/Eloquent/Builder), 'firstOrCreate', Array)
#26 C:/Users/new/Desktop/alyasheiee/vendor/laravel/framework/src/Illuminate/Database/Eloquent/Model.php(2384): Illuminate/Database/Eloquent/Model->__call('firstOrCreate', Array)
#27 C:/Users/new/Desktop/alyasheiee/test_procurement.php(21): Illuminate/Database/Eloquent/Model::__callStatic('firstOrCreate', Array)
#28 {main}

[previous exception] [object] (PDOException(code: 22P02): SQLSTATE[22P02]: Invalid text representation: 7 ERROR:  invalid input syntax for type bigint: \"a21c885c-5e73-40f5-881f-b2fd9440951c\"
CONTEXT:  unnamed portal parameter $3 = '...' at C:/Users/new/Desktop/alyasheiee/vendor/laravel/framework/src/Illuminate/Database/Connection.php:412)
[stacktrace]
#0 C:/Users/new/Desktop/alyasheiee/vendor/laravel/framework/src/Illuminate/Database/Connection.php(412): PDOStatement->execute()
#1 C:/Users/new/Desktop/alyasheiee/vendor/laravel/framework/src/Illuminate/Database/Connection.php(812): Illuminate/Database/Connection->Illuminate/Database/{closure}('insert into \"ac...', Array)
#2 C:/Users/new/Desktop/alyasheiee/vendor/laravel/framework/src/Illuminate/Database/Connection.php(779): Illuminate/Database/Connection->runQueryCallback('insert into \"ac...', Array, Object(Closure))
#3 C:/Users/new/Desktop/alyasheiee/vendor/laravel/framework/src/Illuminate/Database/Connection.php(398): Illuminate/Database/Connection->run('insert into \"ac...', Array, Object(Closure))
#4 C:/Users/new/Desktop/alyasheiee/vendor/laravel/framework/src/Illuminate/Database/Connection.php(385): Illuminate/Database/Connection->select('insert into \"ac...', Array, false)
#5 C:/Users/new/Desktop/alyasheiee/vendor/laravel/framework/src/Illuminate/Database/Query/Processors/PostgresProcessor.php(24): Illuminate/Database/Connection->selectFromWriteConnection('insert into \"ac...', Array)
#6 C:/Users/new/Desktop/alyasheiee/vendor/laravel/framework/src/Illuminate/Database/Query/Builder.php(3766): Illuminate/Database/Query/Processors/PostgresProcessor->processInsertGetId(Object(Illuminate/Database/Query/Builder), 'insert into \"ac...', Array, 'id')
#7 C:/Users/new/Desktop/alyasheiee/vendor/laravel/framework/src/Illuminate/Database/Eloquent/Builder.php(2120): Illuminate/Database/Query/Builder->insertGetId(Array, 'id')
#8 C:/Users/new/Desktop/alyasheiee/vendor/laravel/framework/src/Illuminate/Database/Eloquent/Model.php(1359): Illuminate/Database/Eloquent/Builder->__call('insertGetId', Array)
#9 C:/Users/new/Desktop/alyasheiee/vendor/laravel/framework/src/Illuminate/Database/Eloquent/Model.php(1324): Illuminate/Database/Eloquent/Model->insertAndSetId(Object(Illuminate/Database/Eloquent/Builder), Array)
#10 C:/Users/new/Desktop/alyasheiee/vendor/laravel/framework/src/Illuminate/Database/Eloquent/Model.php(1163): Illuminate/Database/Eloquent/Model->performInsert(Object(Illuminate/Database/Eloquent/Builder))
#11 C:/Users/new/Desktop/alyasheiee/vendor/spatie/laravel-activitylog/src/ActivityLogger.php(176): Illuminate/Database/Eloquent/Model->save()
#12 C:/Users/new/Desktop/alyasheiee/vendor/spatie/laravel-activitylog/src/Traits/LogsActivity.php(84): Spatie/Activitylog/ActivityLogger->log('created')
#13 C:/Users/new/Desktop/alyasheiee/vendor/laravel/framework/src/Illuminate/Events/Dispatcher.php(459): App/Modules/ProjectManagement/Models/Project::Spatie/Activitylog/Traits/{closure}(Object(App/Modules/ProjectManagement/Models/Project))
#14 C:/Users/new/Desktop/alyasheiee/vendor/laravel/framework/src/Illuminate/Events/Dispatcher.php(287): Illuminate/Events/Dispatcher->Illuminate/Events/{closure}('eloquent.create...', Array)
#15 C:/Users/new/Desktop/alyasheiee/vendor/laravel/framework/src/Illuminate/Events/Dispatcher.php(267): Illuminate/Events/Dispatcher->invokeListeners('eloquent.create...', Array, false)
#16 C:/Users/new/Desktop/alyasheiee/vendor/laravel/framework/src/Illuminate/Database/Eloquent/Concerns/HasEvents.php(224): Illuminate/Events/Dispatcher->dispatch('eloquent.create...', Array)
#17 C:/Users/new/Desktop/alyasheiee/vendor/laravel/framework/src/Illuminate/Database/Eloquent/Model.php(1345): Illuminate/Database/Eloquent/Model->fireModelEvent('created', false)
#18 C:/Users/new/Desktop/alyasheiee/vendor/laravel/framework/src/Illuminate/Database/Eloquent/Model.php(1163): Illuminate/Database/Eloquent/Model->performInsert(Object(Illuminate/Database/Eloquent/Builder))
#19 C:/Users/new/Desktop/alyasheiee/vendor/laravel/framework/src/Illuminate/Database/Eloquent/Builder.php(1128): Illuminate/Database/Eloquent/Model->save()
#20 C:/Users/new/Desktop/alyasheiee/vendor/laravel/framework/src/Illuminate/Support/helpers.php(399): Illuminate/Database/Eloquent/Builder->Illuminate/Database/Eloquent/{closure}(Object(App/Modules/ProjectManagement/Models/Project))
#21 C:/Users/new/Desktop/alyasheiee/vendor/laravel/framework/src/Illuminate/Database/Eloquent/Builder.php(1127): tap(Object(App/Modules/ProjectManagement/Models/Project), Object(Closure))
#22 C:/Users/new/Desktop/alyasheiee/vendor/laravel/framework/src/Illuminate/Database/Eloquent/Builder.php(634): Illuminate/Database/Eloquent/Builder->create(Array)
#23 C:/Users/new/Desktop/alyasheiee/vendor/laravel/framework/src/Illuminate/Database/Eloquent/Builder.php(1864): Illuminate/Database/Eloquent/Builder->Illuminate/Database/Eloquent/{closure}()
#24 C:/Users/new/Desktop/alyasheiee/vendor/laravel/framework/src/Illuminate/Database/Eloquent/Builder.php(634): Illuminate/Database/Eloquent/Builder->withSavepointIfNeeded(Object(Closure))
#25 C:/Users/new/Desktop/alyasheiee/vendor/laravel/framework/src/Illuminate/Database/Eloquent/Builder.php(621): Illuminate/Database/Eloquent/Builder->createOrFirst(Array, Array)
#26 C:/Users/new/Desktop/alyasheiee/vendor/laravel/framework/src/Illuminate/Support/Traits/ForwardsCalls.php(23): Illuminate/Database/Eloquent/Builder->firstOrCreate(Array, Array)
#27 C:/Users/new/Desktop/alyasheiee/vendor/laravel/framework/src/Illuminate/Database/Eloquent/Model.php(2372): Illuminate/Database/Eloquent/Model->forwardCallTo(Object(Illuminate/Database/Eloquent/Builder), 'firstOrCreate', Array)
#28 C:/Users/new/Desktop/alyasheiee/vendor/laravel/framework/src/Illuminate/Database/Eloquent/Model.php(2384): Illuminate/Database/Eloquent/Model->__call('firstOrCreate', Array)
#29 C:/Users/new/Desktop/alyasheiee/test_procurement.php(21): Illuminate/Database/Eloquent/Model::__callStatic('firstOrCreate', Array)
#30 {main}
"} 
[2026-06-26 01:00:18] local.ERROR: SQLSTATE[22P02]: Invalid text representation: 7 ERROR:  invalid input syntax for type bigint: "a21c885c-5e73-40f5-881f-b2fd9440951c"
CONTEXT:  unnamed portal parameter $3 = '...' (Connection: pgsql, SQL: insert into "activity_log" ("log_name", "properties", "causer_id", "causer_type", "batch_uuid", "event", "subject_id", "subject_type", "description", "updated_at", "created_at") values (default, {"attributes":{"code":"INV-TEST","name":"Inventory Flow Project","status":"planning","progress_percentage":0}}, a21c885c-5e73-40f5-881f-b2fd9440951c, App\Models\User, ?, created, a21c902f-6d3f-481f-ab0c-9f07652adbcf, App\Modules\ProjectManagement\Models\Project, created, 2026-06-26 01:00:18, 2026-06-26 01:00:18) returning "id") {"userId":"a21c885c-5e73-40f5-881f-b2fd9440951c","exception":"[object] (Illuminate\\Database\\QueryException(code: 22P02): SQLSTATE[22P02]: Invalid text representation: 7 ERROR:  invalid input syntax for type bigint: \"a21c885c-5e73-40f5-881f-b2fd9440951c\"
CONTEXT:  unnamed portal parameter $3 = '...' (Connection: pgsql, SQL: insert into \"activity_log\" (\"log_name\", \"properties\", \"causer_id\", \"causer_type\", \"batch_uuid\", \"event\", \"subject_id\", \"subject_type\", \"description\", \"updated_at\", \"created_at\") values (default, {\"attributes\":{\"code\":\"INV-TEST\",\"name\":\"Inventory Flow Project\",\"status\":\"planning\",\"progress_percentage\":0}}, a21c885c-5e73-40f5-881f-b2fd9440951c, App\\Models\\User, ?, created, a21c902f-6d3f-481f-ab0c-9f07652adbcf, App\\Modules\\ProjectManagement\\Models\\Project, created, 2026-06-26 01:00:18, 2026-06-26 01:00:18) returning \"id\") at C:/Users/new/Desktop/alyasheiee/vendor/laravel/framework/src/Illuminate/Database/Connection.php:825)
[stacktrace]
#0 C:/Users/new/Desktop/alyasheiee/vendor/laravel/framework/src/Illuminate/Database/Connection.php(779): Illuminate/Database/Connection->runQueryCallback('insert into \"ac...', Array, Object(Closure))
#1 C:/Users/new/Desktop/alyasheiee/vendor/laravel/framework/src/Illuminate/Database/Connection.php(398): Illuminate/Database/Connection->run('insert into \"ac...', Array, Object(Closure))
#2 C:/Users/new/Desktop/alyasheiee/vendor/laravel/framework/src/Illuminate/Database/Connection.php(385): Illuminate/Database/Connection->select('insert into \"ac...', Array, false)
#3 C:/Users/new/Desktop/alyasheiee/vendor/laravel/framework/src/Illuminate/Database/Query/Processors/PostgresProcessor.php(24): Illuminate/Database/Connection->selectFromWriteConnection('insert into \"ac...', Array)
#4 C:/Users/new/Desktop/alyasheiee/vendor/laravel/framework/src/Illuminate/Database/Query/Builder.php(3766): Illuminate/Database/Query/Processors/PostgresProcessor->processInsertGetId(Object(Illuminate/Database/Query/Builder), 'insert into \"ac...', Array, 'id')
#5 C:/Users/new/Desktop/alyasheiee/vendor/laravel/framework/src/Illuminate/Database/Eloquent/Builder.php(2120): Illuminate/Database/Query/Builder->insertGetId(Array, 'id')
#6 C:/Users/new/Desktop/alyasheiee/vendor/laravel/framework/src/Illuminate/Database/Eloquent/Model.php(1359): Illuminate/Database/Eloquent/Builder->__call('insertGetId', Array)
#7 C:/Users/new/Desktop/alyasheiee/vendor/laravel/framework/src/Illuminate/Database/Eloquent/Model.php(1324): Illuminate/Database/Eloquent/Model->insertAndSetId(Object(Illuminate/Database/Eloquent/Builder), Array)
#8 C:/Users/new/Desktop/alyasheiee/vendor/laravel/framework/src/Illuminate/Database/Eloquent/Model.php(1163): Illuminate/Database/Eloquent/Model->performInsert(Object(Illuminate/Database/Eloquent/Builder))
#9 C:/Users/new/Desktop/alyasheiee/vendor/spatie/laravel-activitylog/src/ActivityLogger.php(176): Illuminate/Database/Eloquent/Model->save()
#10 C:/Users/new/Desktop/alyasheiee/vendor/spatie/laravel-activitylog/src/Traits/LogsActivity.php(84): Spatie/Activitylog/ActivityLogger->log('created')
#11 C:/Users/new/Desktop/alyasheiee/vendor/laravel/framework/src/Illuminate/Events/Dispatcher.php(459): App/Modules/ProjectManagement/Models/Project::Spatie/Activitylog/Traits/{closure}(Object(App/Modules/ProjectManagement/Models/Project))
#12 C:/Users/new/Desktop/alyasheiee/vendor/laravel/framework/src/Illuminate/Events/Dispatcher.php(287): Illuminate/Events/Dispatcher->Illuminate/Events/{closure}('eloquent.create...', Array)
#13 C:/Users/new/Desktop/alyasheiee/vendor/laravel/framework/src/Illuminate/Events/Dispatcher.php(267): Illuminate/Events/Dispatcher->invokeListeners('eloquent.create...', Array, false)
#14 C:/Users/new/Desktop/alyasheiee/vendor/laravel/framework/src/Illuminate/Database/Eloquent/Concerns/HasEvents.php(224): Illuminate/Events/Dispatcher->dispatch('eloquent.create...', Array)
#15 C:/Users/new/Desktop/alyasheiee/vendor/laravel/framework/src/Illuminate/Database/Eloquent/Model.php(1345): Illuminate/Database/Eloquent/Model->fireModelEvent('created', false)
#16 C:/Users/new/Desktop/alyasheiee/vendor/laravel/framework/src/Illuminate/Database/Eloquent/Model.php(1163): Illuminate/Database/Eloquent/Model->performInsert(Object(Illuminate/Database/Eloquent/Builder))
#17 C:/Users/new/Desktop/alyasheiee/vendor/laravel/framework/src/Illuminate/Database/Eloquent/Builder.php(1128): Illuminate/Database/Eloquent/Model->save()
#18 C:/Users/new/Desktop/alyasheiee/vendor/laravel/framework/src/Illuminate/Support/helpers.php(399): Illuminate/Database/Eloquent/Builder->Illuminate/Database/Eloquent/{closure}(Object(App/Modules/ProjectManagement/Models/Project))
#19 C:/Users/new/Desktop/alyasheiee/vendor/laravel/framework/src/Illuminate/Database/Eloquent/Builder.php(1127): tap(Object(App/Modules/ProjectManagement/Models/Project), Object(Closure))
#20 C:/Users/new/Desktop/alyasheiee/vendor/laravel/framework/src/Illuminate/Database/Eloquent/Builder.php(634): Illuminate/Database/Eloquent/Builder->create(Array)
#21 C:/Users/new/Desktop/alyasheiee/vendor/laravel/framework/src/Illuminate/Database/Eloquent/Builder.php(1864): Illuminate/Database/Eloquent/Builder->Illuminate/Database/Eloquent/{closure}()
#22 C:/Users/new/Desktop/alyasheiee/vendor/laravel/framework/src/Illuminate/Database/Eloquent/Builder.php(634): Illuminate/Database/Eloquent/Builder->withSavepointIfNeeded(Object(Closure))
#23 C:/Users/new/Desktop/alyasheiee/vendor/laravel/framework/src/Illuminate/Database/Eloquent/Builder.php(621): Illuminate/Database/Eloquent/Builder->createOrFirst(Array, Array)
#24 C:/Users/new/Desktop/alyasheiee/vendor/laravel/framework/src/Illuminate/Support/Traits/ForwardsCalls.php(23): Illuminate/Database/Eloquent/Builder->firstOrCreate(Array, Array)
#25 C:/Users/new/Desktop/alyasheiee/vendor/laravel/framework/src/Illuminate/Database/Eloquent/Model.php(2372): Illuminate/Database/Eloquent/Model->forwardCallTo(Object(Illuminate/Database/Eloquent/Builder), 'firstOrCreate', Array)
#26 C:/Users/new/Desktop/alyasheiee/vendor/laravel/framework/src/Illuminate/Database/Eloquent/Model.php(2384): Illuminate/Database/Eloquent/Model->__call('firstOrCreate', Array)
#27 C:/Users/new/Desktop/alyasheiee/test_inventory_flow.php(23): Illuminate/Database/Eloquent/Model::__callStatic('firstOrCreate', Array)
#28 {main}

[previous exception] [object] (PDOException(code: 22P02): SQLSTATE[22P02]: Invalid text representation: 7 ERROR:  invalid input syntax for type bigint: \"a21c885c-5e73-40f5-881f-b2fd9440951c\"
CONTEXT:  unnamed portal parameter $3 = '...' at C:/Users/new/Desktop/alyasheiee/vendor/laravel/framework/src/Illuminate/Database/Connection.php:412)
[stacktrace]
#0 C:/Users/new/Desktop/alyasheiee/vendor/laravel/framework/src/Illuminate/Database/Connection.php(412): PDOStatement->execute()
#1 C:/Users/new/Desktop/alyasheiee/vendor/laravel/framework/src/Illuminate/Database/Connection.php(812): Illuminate/Database/Connection->Illuminate/Database/{closure}('insert into \"ac...', Array)
#2 C:/Users/new/Desktop/alyasheiee/vendor/laravel/framework/src/Illuminate/Database/Connection.php(779): Illuminate/Database/Connection->runQueryCallback('insert into \"ac...', Array, Object(Closure))
#3 C:/Users/new/Desktop/alyasheiee/vendor/laravel/framework/src/Illuminate/Database/Connection.php(398): Illuminate/Database/Connection->run('insert into \"ac...', Array, Object(Closure))
#4 C:/Users/new/Desktop/alyasheiee/vendor/laravel/framework/src/Illuminate/Database/Connection.php(385): Illuminate/Database/Connection->select('insert into \"ac...', Array, false)
#5 C:/Users/new/Desktop/alyasheiee/vendor/laravel/framework/src/Illuminate/Database/Query/Processors/PostgresProcessor.php(24): Illuminate/Database/Connection->selectFromWriteConnection('insert into \"ac...', Array)
#6 C:/Users/new/Desktop/alyasheiee/vendor/laravel/framework/src/Illuminate/Database/Query/Builder.php(3766): Illuminate/Database/Query/Processors/PostgresProcessor->processInsertGetId(Object(Illuminate/Database/Query/Builder), 'insert into \"ac...', Array, 'id')
#7 C:/Users/new/Desktop/alyasheiee/vendor/laravel/framework/src/Illuminate/Database/Eloquent/Builder.php(2120): Illuminate/Database/Query/Builder->insertGetId(Array, 'id')
#8 C:/Users/new/Desktop/alyasheiee/vendor/laravel/framework/src/Illuminate/Database/Eloquent/Model.php(1359): Illuminate/Database/Eloquent/Builder->__call('insertGetId', Array)
#9 C:/Users/new/Desktop/alyasheiee/vendor/laravel/framework/src/Illuminate/Database/Eloquent/Model.php(1324): Illuminate/Database/Eloquent/Model->insertAndSetId(Object(Illuminate/Database/Eloquent/Builder), Array)
#10 C:/Users/new/Desktop/alyasheiee/vendor/laravel/framework/src/Illuminate/Database/Eloquent/Model.php(1163): Illuminate/Database/Eloquent/Model->performInsert(Object(Illuminate/Database/Eloquent/Builder))
#11 C:/Users/new/Desktop/alyasheiee/vendor/spatie/laravel-activitylog/src/ActivityLogger.php(176): Illuminate/Database/Eloquent/Model->save()
#12 C:/Users/new/Desktop/alyasheiee/vendor/spatie/laravel-activitylog/src/Traits/LogsActivity.php(84): Spatie/Activitylog/ActivityLogger->log('created')
#13 C:/Users/new/Desktop/alyasheiee/vendor/laravel/framework/src/Illuminate/Events/Dispatcher.php(459): App/Modules/ProjectManagement/Models/Project::Spatie/Activitylog/Traits/{closure}(Object(App/Modules/ProjectManagement/Models/Project))
#14 C:/Users/new/Desktop/alyasheiee/vendor/laravel/framework/src/Illuminate/Events/Dispatcher.php(287): Illuminate/Events/Dispatcher->Illuminate/Events/{closure}('eloquent.create...', Array)
#15 C:/Users/new/Desktop/alyasheiee/vendor/laravel/framework/src/Illuminate/Events/Dispatcher.php(267): Illuminate/Events/Dispatcher->invokeListeners('eloquent.create...', Array, false)
#16 C:/Users/new/Desktop/alyasheiee/vendor/laravel/framework/src/Illuminate/Database/Eloquent/Concerns/HasEvents.php(224): Illuminate/Events/Dispatcher->dispatch('eloquent.create...', Array)
#17 C:/Users/new/Desktop/alyasheiee/vendor/laravel/framework/src/Illuminate/Database/Eloquent/Model.php(1345): Illuminate/Database/Eloquent/Model->fireModelEvent('created', false)
#18 C:/Users/new/Desktop/alyasheiee/vendor/laravel/framework/src/Illuminate/Database/Eloquent/Model.php(1163): Illuminate/Database/Eloquent/Model->performInsert(Object(Illuminate/Database/Eloquent/Builder))
#19 C:/Users/new/Desktop/alyasheiee/vendor/laravel/framework/src/Illuminate/Database/Eloquent/Builder.php(1128): Illuminate/Database/Eloquent/Model->save()
#20 C:/Users/new/Desktop/alyasheiee/vendor/laravel/framework/src/Illuminate/Support/helpers.php(399): Illuminate/Database/Eloquent/Builder->Illuminate/Database/Eloquent/{closure}(Object(App/Modules/ProjectManagement/Models/Project))
#21 C:/Users/new/Desktop/alyasheiee/vendor/laravel/framework/src/Illuminate/Database/Eloquent/Builder.php(1127): tap(Object(App/Modules/ProjectManagement/Models/Project), Object(Closure))
#22 C:/Users/new/Desktop/alyasheiee/vendor/laravel/framework/src/Illuminate/Database/Eloquent/Builder.php(634): Illuminate/Database/Eloquent/Builder->create(Array)
#23 C:/Users/new/Desktop/alyasheiee/vendor/laravel/framework/src/Illuminate/Database/Eloquent/Builder.php(1864): Illuminate/Database/Eloquent/Builder->Illuminate/Database/Eloquent/{closure}()
#24 C:/Users/new/Desktop/alyasheiee/vendor/laravel/framework/src/Illuminate/Database/Eloquent/Builder.php(634): Illuminate/Database/Eloquent/Builder->withSavepointIfNeeded(Object(Closure))
#25 C:/Users/new/Desktop/alyasheiee/vendor/laravel/framework/src/Illuminate/Database/Eloquent/Builder.php(621): Illuminate/Database/Eloquent/Builder->createOrFirst(Array, Array)
#26 C:/Users/new/Desktop/alyasheiee/vendor/laravel/framework/src/Illuminate/Support/Traits/ForwardsCalls.php(23): Illuminate/Database/Eloquent/Builder->firstOrCreate(Array, Array)
#27 C:/Users/new/Desktop/alyasheiee/vendor/laravel/framework/src/Illuminate/Database/Eloquent/Model.php(2372): Illuminate/Database/Eloquent/Model->forwardCallTo(Object(Illuminate/Database/Eloquent/Builder), 'firstOrCreate', Array)
#28 C:/Users/new/Desktop/alyasheiee/vendor/laravel/framework/src/Illuminate/Database/Eloquent/Model.php(2384): Illuminate/Database/Eloquent/Model->__call('firstOrCreate', Array)
#29 C:/Users/new/Desktop/alyasheiee/test_inventory_flow.php(23): Illuminate/Database/Eloquent/Model::__callStatic('firstOrCreate', Array)
#30 {main}
"} 
[2026-06-26 01:55:56] local.ERROR: SQLSTATE[22P02]: Invalid text representation: 7 ERROR:  invalid input syntax for type bigint: "a21c885c-5e73-40f5-881f-b2fd9440951c"
CONTEXT:  unnamed portal parameter $3 = '...' (Connection: pgsql, SQL: insert into "activity_log" ("log_name", "properties", "causer_id", "causer_type", "batch_uuid", "event", "subject_id", "subject_type", "description", "updated_at", "created_at") values (default, {"attributes":{"code":"FUEL-TEST","name":"Fuel Efficiency Project","status":"planning","progress_percentage":0}}, a21c885c-5e73-40f5-881f-b2fd9440951c, App\Models\User, ?, created, a21ca415-c48e-4076-91ab-9bfbac3515ac, App\Modules\ProjectManagement\Models\Project, created, 2026-06-26 01:55:56, 2026-06-26 01:55:56) returning "id") {"userId":"a21c885c-5e73-40f5-881f-b2fd9440951c","exception":"[object] (Illuminate\\Database\\QueryException(code: 22P02): SQLSTATE[22P02]: Invalid text representation: 7 ERROR:  invalid input syntax for type bigint: \"a21c885c-5e73-40f5-881f-b2fd9440951c\"
CONTEXT:  unnamed portal parameter $3 = '...' (Connection: pgsql, SQL: insert into \"activity_log\" (\"log_name\", \"properties\", \"causer_id\", \"causer_type\", \"batch_uuid\", \"event\", \"subject_id\", \"subject_type\", \"description\", \"updated_at\", \"created_at\") values (default, {\"attributes\":{\"code\":\"FUEL-TEST\",\"name\":\"Fuel Efficiency Project\",\"status\":\"planning\",\"progress_percentage\":0}}, a21c885c-5e73-40f5-881f-b2fd9440951c, App\\Models\\User, ?, created, a21ca415-c48e-4076-91ab-9bfbac3515ac, App\\Modules\\ProjectManagement\\Models\\Project, created, 2026-06-26 01:55:56, 2026-06-26 01:55:56) returning \"id\") at C:/Users/new/Desktop/alyasheiee/vendor/laravel/framework/src/Illuminate/Database/Connection.php:825)
[stacktrace]
#0 C:/Users/new/Desktop/alyasheiee/vendor/laravel/framework/src/Illuminate/Database/Connection.php(779): Illuminate/Database/Connection->runQueryCallback('insert into \"ac...', Array, Object(Closure))
#1 C:/Users/new/Desktop/alyasheiee/vendor/laravel/framework/src/Illuminate/Database/Connection.php(398): Illuminate/Database/Connection->run('insert into \"ac...', Array, Object(Closure))
#2 C:/Users/new/Desktop/alyasheiee/vendor/laravel/framework/src/Illuminate/Database/Connection.php(385): Illuminate/Database/Connection->select('insert into \"ac...', Array, false)
#3 C:/Users/new/Desktop/alyasheiee/vendor/laravel/framework/src/Illuminate/Database/Query/Processors/PostgresProcessor.php(24): Illuminate/Database/Connection->selectFromWriteConnection('insert into \"ac...', Array)
#4 C:/Users/new/Desktop/alyasheiee/vendor/laravel/framework/src/Illuminate/Database/Query/Builder.php(3766): Illuminate/Database/Query/Processors/PostgresProcessor->processInsertGetId(Object(Illuminate/Database/Query/Builder), 'insert into \"ac...', Array, 'id')
#5 C:/Users/new/Desktop/alyasheiee/vendor/laravel/framework/src/Illuminate/Database/Eloquent/Builder.php(2120): Illuminate/Database/Query/Builder->insertGetId(Array, 'id')
#6 C:/Users/new/Desktop/alyasheiee/vendor/laravel/framework/src/Illuminate/Database/Eloquent/Model.php(1359): Illuminate/Database/Eloquent/Builder->__call('insertGetId', Array)
#7 C:/Users/new/Desktop/alyasheiee/vendor/laravel/framework/src/Illuminate/Database/Eloquent/Model.php(1324): Illuminate/Database/Eloquent/Model->insertAndSetId(Object(Illuminate/Database/Eloquent/Builder), Array)
#8 C:/Users/new/Desktop/alyasheiee/vendor/laravel/framework/src/Illuminate/Database/Eloquent/Model.php(1163): Illuminate/Database/Eloquent/Model->performInsert(Object(Illuminate/Database/Eloquent/Builder))
#9 C:/Users/new/Desktop/alyasheiee/vendor/spatie/laravel-activitylog/src/ActivityLogger.php(176): Illuminate/Database/Eloquent/Model->save()
#10 C:/Users/new/Desktop/alyasheiee/vendor/spatie/laravel-activitylog/src/Traits/LogsActivity.php(84): Spatie/Activitylog/ActivityLogger->log('created')
#11 C:/Users/new/Desktop/alyasheiee/vendor/laravel/framework/src/Illuminate/Events/Dispatcher.php(459): App/Modules/ProjectManagement/Models/Project::Spatie/Activitylog/Traits/{closure}(Object(App/Modules/ProjectManagement/Models/Project))
#12 C:/Users/new/Desktop/alyasheiee/vendor/laravel/framework/src/Illuminate/Events/Dispatcher.php(287): Illuminate/Events/Dispatcher->Illuminate/Events/{closure}('eloquent.create...', Array)
#13 C:/Users/new/Desktop/alyasheiee/vendor/laravel/framework/src/Illuminate/Events/Dispatcher.php(267): Illuminate/Events/Dispatcher->invokeListeners('eloquent.create...', Array, false)
#14 C:/Users/new/Desktop/alyasheiee/vendor/laravel/framework/src/Illuminate/Database/Eloquent/Concerns/HasEvents.php(224): Illuminate/Events/Dispatcher->dispatch('eloquent.create...', Array)
#15 C:/Users/new/Desktop/alyasheiee/vendor/laravel/framework/src/Illuminate/Database/Eloquent/Model.php(1345): Illuminate/Database/Eloquent/Model->fireModelEvent('created', false)
#16 C:/Users/new/Desktop/alyasheiee/vendor/laravel/framework/src/Illuminate/Database/Eloquent/Model.php(1163): Illuminate/Database/Eloquent/Model->performInsert(Object(Illuminate/Database/Eloquent/Builder))
#17 C:/Users/new/Desktop/alyasheiee/vendor/laravel/framework/src/Illuminate/Database/Eloquent/Builder.php(1128): Illuminate/Database/Eloquent/Model->save()
#18 C:/Users/new/Desktop/alyasheiee/vendor/laravel/framework/src/Illuminate/Support/helpers.php(399): Illuminate/Database/Eloquent/Builder->Illuminate/Database/Eloquent/{closure}(Object(App/Modules/ProjectManagement/Models/Project))
#19 C:/Users/new/Desktop/alyasheiee/vendor/laravel/framework/src/Illuminate/Database/Eloquent/Builder.php(1127): tap(Object(App/Modules/ProjectManagement/Models/Project), Object(Closure))
#20 C:/Users/new/Desktop/alyasheiee/vendor/laravel/framework/src/Illuminate/Database/Eloquent/Builder.php(634): Illuminate/Database/Eloquent/Builder->create(Array)
#21 C:/Users/new/Desktop/alyasheiee/vendor/laravel/framework/src/Illuminate/Database/Eloquent/Builder.php(1864): Illuminate/Database/Eloquent/Builder->Illuminate/Database/Eloquent/{closure}()
#22 C:/Users/new/Desktop/alyasheiee/vendor/laravel/framework/src/Illuminate/Database/Eloquent/Builder.php(634): Illuminate/Database/Eloquent/Builder->withSavepointIfNeeded(Object(Closure))
#23 C:/Users/new/Desktop/alyasheiee/vendor/laravel/framework/src/Illuminate/Database/Eloquent/Builder.php(621): Illuminate/Database/Eloquent/Builder->createOrFirst(Array, Array)
#24 C:/Users/new/Desktop/alyasheiee/vendor/laravel/framework/src/Illuminate/Support/Traits/ForwardsCalls.php(23): Illuminate/Database/Eloquent/Builder->firstOrCreate(Array, Array)
#25 C:/Users/new/Desktop/alyasheiee/vendor/laravel/framework/src/Illuminate/Database/Eloquent/Model.php(2372): Illuminate/Database/Eloquent/Model->forwardCallTo(Object(Illuminate/Database/Eloquent/Builder), 'firstOrCreate', Array)
#26 C:/Users/new/Desktop/alyasheiee/vendor/laravel/framework/src/Illuminate/Database/Eloquent/Model.php(2384): Illuminate/Database/Eloquent/Model->__call('firstOrCreate', Array)
#27 C:/Users/new/Desktop/alyasheiee/test_fuel_efficiency.php(18): Illuminate/Database/Eloquent/Model::__callStatic('firstOrCreate', Array)
#28 {main}

[previous exception] [object] (PDOException(code: 22P02): SQLSTATE[22P02]: Invalid text representation: 7 ERROR:  invalid input syntax for type bigint: \"a21c885c-5e73-40f5-881f-b2fd9440951c\"
CONTEXT:  unnamed portal parameter $3 = '...' at C:/Users/new/Desktop/alyasheiee/vendor/laravel/framework/src/Illuminate/Database/Connection.php:412)
[stacktrace]
#0 C:/Users/new/Desktop/alyasheiee/vendor/laravel/framework/src/Illuminate/Database/Connection.php(412): PDOStatement->execute()
#1 C:/Users/new/Desktop/alyasheiee/vendor/laravel/framework/src/Illuminate/Database/Connection.php(812): Illuminate/Database/Connection->Illuminate/Database/{closure}('insert into \"ac...', Array)
#2 C:/Users/new/Desktop/alyasheiee/vendor/laravel/framework/src/Illuminate/Database/Connection.php(779): Illuminate/Database/Connection->runQueryCallback('insert into \"ac...', Array, Object(Closure))
#3 C:/Users/new/Desktop/alyasheiee/vendor/laravel/framework/src/Illuminate/Database/Connection.php(398): Illuminate/Database/Connection->run('insert into \"ac...', Array, Object(Closure))
#4 C:/Users/new/Desktop/alyasheiee/vendor/laravel/framework/src/Illuminate/Database/Connection.php(385): Illuminate/Database/Connection->select('insert into \"ac...', Array, false)
#5 C:/Users/new/Desktop/alyasheiee/vendor/laravel/framework/src/Illuminate/Database/Query/Processors/PostgresProcessor.php(24): Illuminate/Database/Connection->selectFromWriteConnection('insert into \"ac...', Array)
#6 C:/Users/new/Desktop/alyasheiee/vendor/laravel/framework/src/Illuminate/Database/Query/Builder.php(3766): Illuminate/Database/Query/Processors/PostgresProcessor->processInsertGetId(Object(Illuminate/Database/Query/Builder), 'insert into \"ac...', Array, 'id')
#7 C:/Users/new/Desktop/alyasheiee/vendor/laravel/framework/src/Illuminate/Database/Eloquent/Builder.php(2120): Illuminate/Database/Query/Builder->insertGetId(Array, 'id')
#8 C:/Users/new/Desktop/alyasheiee/vendor/laravel/framework/src/Illuminate/Database/Eloquent/Model.php(1359): Illuminate/Database/Eloquent/Builder->__call('insertGetId', Array)
#9 C:/Users/new/Desktop/alyasheiee/vendor/laravel/framework/src/Illuminate/Database/Eloquent/Model.php(1324): Illuminate/Database/Eloquent/Model->insertAndSetId(Object(Illuminate/Database/Eloquent/Builder), Array)
#10 C:/Users/new/Desktop/alyasheiee/vendor/laravel/framework/src/Illuminate/Database/Eloquent/Model.php(1163): Illuminate/Database/Eloquent/Model->performInsert(Object(Illuminate/Database/Eloquent/Builder))
#11 C:/Users/new/Desktop/alyasheiee/vendor/spatie/laravel-activitylog/src/ActivityLogger.php(176): Illuminate/Database/Eloquent/Model->save()
#12 C:/Users/new/Desktop/alyasheiee/vendor/spatie/laravel-activitylog/src/Traits/LogsActivity.php(84): Spatie/Activitylog/ActivityLogger->log('created')
#13 C:/Users/new/Desktop/alyasheiee/vendor/laravel/framework/src/Illuminate/Events/Dispatcher.php(459): App/Modules/ProjectManagement/Models/Project::Spatie/Activitylog/Traits/{closure}(Object(App/Modules/ProjectManagement/Models/Project))
#14 C:/Users/new/Desktop/alyasheiee/vendor/laravel/framework/src/Illuminate/Events/Dispatcher.php(287): Illuminate/Events/Dispatcher->Illuminate/Events/{closure}('eloquent.create...', Array)
#15 C:/Users/new/Desktop/alyasheiee/vendor/laravel/framework/src/Illuminate/Events/Dispatcher.php(267): Illuminate/Events/Dispatcher->invokeListeners('eloquent.create...', Array, false)
#16 C:/Users/new/Desktop/alyasheiee/vendor/laravel/framework/src/Illuminate/Database/Eloquent/Concerns/HasEvents.php(224): Illuminate/Events/Dispatcher->dispatch('eloquent.create...', Array)
#17 C:/Users/new/Desktop/alyasheiee/vendor/laravel/framework/src/Illuminate/Database/Eloquent/Model.php(1345): Illuminate/Database/Eloquent/Model->fireModelEvent('created', false)
#18 C:/Users/new/Desktop/alyasheiee/vendor/laravel/framework/src/Illuminate/Database/Eloquent/Model.php(1163): Illuminate/Database/Eloquent/Model->performInsert(Object(Illuminate/Database/Eloquent/Builder))
#19 C:/Users/new/Desktop/alyasheiee/vendor/laravel/framework/src/Illuminate/Database/Eloquent/Builder.php(1128): Illuminate/Database/Eloquent/Model->save()
#20 C:/Users/new/Desktop/alyasheiee/vendor/laravel/framework/src/Illuminate/Support/helpers.php(399): Illuminate/Database/Eloquent/Builder->Illuminate/Database/Eloquent/{closure}(Object(App/Modules/ProjectManagement/Models/Project))
#21 C:/Users/new/Desktop/alyasheiee/vendor/laravel/framework/src/Illuminate/Database/Eloquent/Builder.php(1127): tap(Object(App/Modules/ProjectManagement/Models/Project), Object(Closure))
#22 C:/Users/new/Desktop/alyasheiee/vendor/laravel/framework/src/Illuminate/Database/Eloquent/Builder.php(634): Illuminate/Database/Eloquent/Builder->create(Array)
#23 C:/Users/new/Desktop/alyasheiee/vendor/laravel/framework/src/Illuminate/Database/Eloquent/Builder.php(1864): Illuminate/Database/Eloquent/Builder->Illuminate/Database/Eloquent/{closure}()
#24 C:/Users/new/Desktop/alyasheiee/vendor/laravel/framework/src/Illuminate/Database/Eloquent/Builder.php(634): Illuminate/Database/Eloquent/Builder->withSavepointIfNeeded(Object(Closure))
#25 C:/Users/new/Desktop/alyasheiee/vendor/laravel/framework/src/Illuminate/Database/Eloquent/Builder.php(621): Illuminate/Database/Eloquent/Builder->createOrFirst(Array, Array)
#26 C:/Users/new/Desktop/alyasheiee/vendor/laravel/framework/src/Illuminate/Support/Traits/ForwardsCalls.php(23): Illuminate/Database/Eloquent/Builder->firstOrCreate(Array, Array)
#27 C:/Users/new/Desktop/alyasheiee/vendor/laravel/framework/src/Illuminate/Database/Eloquent/Model.php(2372): Illuminate/Database/Eloquent/Model->forwardCallTo(Object(Illuminate/Database/Eloquent/Builder), 'firstOrCreate', Array)
#28 C:/Users/new/Desktop/alyasheiee/vendor/laravel/framework/src/Illuminate/Database/Eloquent/Model.php(2384): Illuminate/Database/Eloquent/Model->__call('firstOrCreate', Array)
#29 C:/Users/new/Desktop/alyasheiee/test_fuel_efficiency.php(18): Illuminate/Database/Eloquent/Model::__callStatic('firstOrCreate', Array)
#30 {main}
"} 
[2026-06-26 02:01:53] local.ERROR: SQLSTATE[23502]: Not null violation: 7 ERROR:  null value in column "capacity" of relation "fuel_tanks" violates not-null constraint
DETAIL:  Failing row contains (a21ca636-5ad9-442d-9d8d-b0d6132d1ea1, Main Tank, static, null, 1000.00, null, 2026-06-26 02:01:53, 2026-06-26 02:01:53, null). (Connection: pgsql, SQL: insert into "fuel_tanks" ("name", "current_balance", "id", "updated_at", "created_at") values (Main Tank, 1000, a21ca636-5ad9-442d-9d8d-b0d6132d1ea1, 2026-06-26 02:01:53, 2026-06-26 02:01:53)) {"userId":"a21c885c-5e73-40f5-881f-b2fd9440951c","exception":"[object] (Illuminate\\Database\\QueryException(code: 23502): SQLSTATE[23502]: Not null violation: 7 ERROR:  null value in column \"capacity\" of relation \"fuel_tanks\" violates not-null constraint
DETAIL:  Failing row contains (a21ca636-5ad9-442d-9d8d-b0d6132d1ea1, Main Tank, static, null, 1000.00, null, 2026-06-26 02:01:53, 2026-06-26 02:01:53, null). (Connection: pgsql, SQL: insert into \"fuel_tanks\" (\"name\", \"current_balance\", \"id\", \"updated_at\", \"created_at\") values (Main Tank, 1000, a21ca636-5ad9-442d-9d8d-b0d6132d1ea1, 2026-06-26 02:01:53, 2026-06-26 02:01:53)) at C:/Users/new/Desktop/alyasheiee/vendor/laravel/framework/src/Illuminate/Database/Connection.php:825)
[stacktrace]
#0 C:/Users/new/Desktop/alyasheiee/vendor/laravel/framework/src/Illuminate/Database/Connection.php(779): Illuminate/Database/Connection->runQueryCallback('insert into \"fu...', Array, Object(Closure))
#1 C:/Users/new/Desktop/alyasheiee/vendor/laravel/framework/src/Illuminate/Database/Connection.php(560): Illuminate/Database/Connection->run('insert into \"fu...', Array, Object(Closure))
#2 C:/Users/new/Desktop/alyasheiee/vendor/laravel/framework/src/Illuminate/Database/Connection.php(524): Illuminate/Database/Connection->statement('insert into \"fu...', Array)
#3 C:/Users/new/Desktop/alyasheiee/vendor/laravel/framework/src/Illuminate/Database/Query/Builder.php(3717): Illuminate/Database/Connection->insert('insert into \"fu...', Array)
#4 C:/Users/new/Desktop/alyasheiee/vendor/laravel/framework/src/Illuminate/Database/Eloquent/Builder.php(2120): Illuminate/Database/Query/Builder->insert(Array)
#5 C:/Users/new/Desktop/alyasheiee/vendor/laravel/framework/src/Illuminate/Database/Eloquent/Model.php(1335): Illuminate/Database/Eloquent/Builder->__call('insert', Array)
#6 C:/Users/new/Desktop/alyasheiee/vendor/laravel/framework/src/Illuminate/Database/Eloquent/Model.php(1163): Illuminate/Database/Eloquent/Model->performInsert(Object(Illuminate/Database/Eloquent/Builder))
#7 C:/Users/new/Desktop/alyasheiee/vendor/laravel/framework/src/Illuminate/Database/Eloquent/Builder.php(1128): Illuminate/Database/Eloquent/Model->save()
#8 C:/Users/new/Desktop/alyasheiee/vendor/laravel/framework/src/Illuminate/Support/helpers.php(399): Illuminate/Database/Eloquent/Builder->Illuminate/Database/Eloquent/{closure}(Object(App/Modules/FuelManagement/Models/FuelTank))
#9 C:/Users/new/Desktop/alyasheiee/vendor/laravel/framework/src/Illuminate/Database/Eloquent/Builder.php(1127): tap(Object(App/Modules/FuelManagement/Models/FuelTank), Object(Closure))
#10 C:/Users/new/Desktop/alyasheiee/vendor/laravel/framework/src/Illuminate/Database/Eloquent/Builder.php(634): Illuminate/Database/Eloquent/Builder->create(Array)
#11 C:/Users/new/Desktop/alyasheiee/vendor/laravel/framework/src/Illuminate/Database/Eloquent/Builder.php(1864): Illuminate/Database/Eloquent/Builder->Illuminate/Database/Eloquent/{closure}()
#12 C:/Users/new/Desktop/alyasheiee/vendor/laravel/framework/src/Illuminate/Database/Eloquent/Builder.php(634): Illuminate/Database/Eloquent/Builder->withSavepointIfNeeded(Object(Closure))
#13 C:/Users/new/Desktop/alyasheiee/vendor/laravel/framework/src/Illuminate/Database/Eloquent/Builder.php(621): Illuminate/Database/Eloquent/Builder->createOrFirst(Array, Array)
#14 C:/Users/new/Desktop/alyasheiee/vendor/laravel/framework/src/Illuminate/Support/Traits/ForwardsCalls.php(23): Illuminate/Database/Eloquent/Builder->firstOrCreate(Array, Array)
#15 C:/Users/new/Desktop/alyasheiee/vendor/laravel/framework/src/Illuminate/Database/Eloquent/Model.php(2372): Illuminate/Database/Eloquent/Model->forwardCallTo(Object(Illuminate/Database/Eloquent/Builder), 'firstOrCreate', Array)
#16 C:/Users/new/Desktop/alyasheiee/vendor/laravel/framework/src/Illuminate/Database/Eloquent/Model.php(2384): Illuminate/Database/Eloquent/Model->__call('firstOrCreate', Array)
#17 C:/Users/new/Desktop/alyasheiee/test_fuel_efficiency.php(19): Illuminate/Database/Eloquent/Model::__callStatic('firstOrCreate', Array)
#18 {main}

[previous exception] [object] (PDOException(code: 23502): SQLSTATE[23502]: Not null violation: 7 ERROR:  null value in column \"capacity\" of relation \"fuel_tanks\" violates not-null constraint
DETAIL:  Failing row contains (a21ca636-5ad9-442d-9d8d-b0d6132d1ea1, Main Tank, static, null, 1000.00, null, 2026-06-26 02:01:53, 2026-06-26 02:01:53, null). at C:/Users/new/Desktop/alyasheiee/vendor/laravel/framework/src/Illuminate/Database/Connection.php:571)
[stacktrace]
#0 C:/Users/new/Desktop/alyasheiee/vendor/laravel/framework/src/Illuminate/Database/Connection.php(571): PDOStatement->execute()
#1 C:/Users/new/Desktop/alyasheiee/vendor/laravel/framework/src/Illuminate/Database/Connection.php(812): Illuminate/Database/Connection->Illuminate/Database/{closure}('insert into \"fu...', Array)
#2 C:/Users/new/Desktop/alyasheiee/vendor/laravel/framework/src/Illuminate/Database/Connection.php(779): Illuminate/Database/Connection->runQueryCallback('insert into \"fu...', Array, Object(Closure))
#3 C:/Users/new/Desktop/alyasheiee/vendor/laravel/framework/src/Illuminate/Database/Connection.php(560): Illuminate/Database/Connection->run('insert into \"fu...', Array, Object(Closure))
#4 C:/Users/new/Desktop/alyasheiee/vendor/laravel/framework/src/Illuminate/Database/Connection.php(524): Illuminate/Database/Connection->statement('insert into \"fu...', Array)
#5 C:/Users/new/Desktop/alyasheiee/vendor/laravel/framework/src/Illuminate/Database/Query/Builder.php(3717): Illuminate/Database/Connection->insert('insert into \"fu...', Array)
#6 C:/Users/new/Desktop/alyasheiee/vendor/laravel/framework/src/Illuminate/Database/Eloquent/Builder.php(2120): Illuminate/Database/Query/Builder->insert(Array)
#7 C:/Users/new/Desktop/alyasheiee/vendor/laravel/framework/src/Illuminate/Database/Eloquent/Model.php(1335): Illuminate/Database/Eloquent/Builder->__call('insert', Array)
#8 C:/Users/new/Desktop/alyasheiee/vendor/laravel/framework/src/Illuminate/Database/Eloquent/Model.php(1163): Illuminate/Database/Eloquent/Model->performInsert(Object(Illuminate/Database/Eloquent/Builder))
#9 C:/Users/new/Desktop/alyasheiee/vendor/laravel/framework/src/Illuminate/Database/Eloquent/Builder.php(1128): Illuminate/Database/Eloquent/Model->save()
#10 C:/Users/new/Desktop/alyasheiee/vendor/laravel/framework/src/Illuminate/Support/helpers.php(399): Illuminate/Database/Eloquent/Builder->Illuminate/Database/Eloquent/{closure}(Object(App/Modules/FuelManagement/Models/FuelTank))
#11 C:/Users/new/Desktop/alyasheiee/vendor/laravel/framework/src/Illuminate/Database/Eloquent/Builder.php(1127): tap(Object(App/Modules/FuelManagement/Models/FuelTank), Object(Closure))
#12 C:/Users/new/Desktop/alyasheiee/vendor/laravel/framework/src/Illuminate/Database/Eloquent/Builder.php(634): Illuminate/Database/Eloquent/Builder->create(Array)
#13 C:/Users/new/Desktop/alyasheiee/vendor/laravel/framework/src/Illuminate/Database/Eloquent/Builder.php(1864): Illuminate/Database/Eloquent/Builder->Illuminate/Database/Eloquent/{closure}()
#14 C:/Users/new/Desktop/alyasheiee/vendor/laravel/framework/src/Illuminate/Database/Eloquent/Builder.php(634): Illuminate/Database/Eloquent/Builder->withSavepointIfNeeded(Object(Closure))
#15 C:/Users/new/Desktop/alyasheiee/vendor/laravel/framework/src/Illuminate/Database/Eloquent/Builder.php(621): Illuminate/Database/Eloquent/Builder->createOrFirst(Array, Array)
#16 C:/Users/new/Desktop/alyasheiee/vendor/laravel/framework/src/Illuminate/Support/Traits/ForwardsCalls.php(23): Illuminate/Database/Eloquent/Builder->firstOrCreate(Array, Array)
#17 C:/Users/new/Desktop/alyasheiee/vendor/laravel/framework/src/Illuminate/Database/Eloquent/Model.php(2372): Illuminate/Database/Eloquent/Model->forwardCallTo(Object(Illuminate/Database/Eloquent/Builder), 'firstOrCreate', Array)
#18 C:/Users/new/Desktop/alyasheiee/vendor/laravel/framework/src/Illuminate/Database/Eloquent/Model.php(2384): Illuminate/Database/Eloquent/Model->__call('firstOrCreate', Array)
#19 C:/Users/new/Desktop/alyasheiee/test_fuel_efficiency.php(19): Illuminate/Database/Eloquent/Model::__callStatic('firstOrCreate', Array)
#20 {main}
"} 
[2026-06-26 02:07:15] local.ERROR: SQLSTATE[23502]: Not null violation: 7 ERROR:  null value in column "type" of relation "equipment" violates not-null constraint
DETAIL:  Failing row contains (a21ca821-41a1-47da-a72e-5d4754fbc35f, EXC-01, Caterpillar 320, null, null, null, available, null, 2026-06-26 02:07:15, 2026-06-26 02:07:15, null, 0.00, hours, 20.00, 10.00, 1000.00). (Connection: pgsql, SQL: insert into "equipment" ("code", "name", "standard_consumption_rate", "fuel_tracking_type", "fuel_tolerance_percentage", "last_meter_reading", "id", "updated_at", "created_at") values (EXC-01, Caterpillar 320, 20, hours, 10, 1000, a21ca821-41a1-47da-a72e-5d4754fbc35f, 2026-06-26 02:07:15, 2026-06-26 02:07:15)) {"userId":"a21c885c-5e73-40f5-881f-b2fd9440951c","exception":"[object] (Illuminate\\Database\\QueryException(code: 23502): SQLSTATE[23502]: Not null violation: 7 ERROR:  null value in column \"type\" of relation \"equipment\" violates not-null constraint
DETAIL:  Failing row contains (a21ca821-41a1-47da-a72e-5d4754fbc35f, EXC-01, Caterpillar 320, null, null, null, available, null, 2026-06-26 02:07:15, 2026-06-26 02:07:15, null, 0.00, hours, 20.00, 10.00, 1000.00). (Connection: pgsql, SQL: insert into \"equipment\" (\"code\", \"name\", \"standard_consumption_rate\", \"fuel_tracking_type\", \"fuel_tolerance_percentage\", \"last_meter_reading\", \"id\", \"updated_at\", \"created_at\") values (EXC-01, Caterpillar 320, 20, hours, 10, 1000, a21ca821-41a1-47da-a72e-5d4754fbc35f, 2026-06-26 02:07:15, 2026-06-26 02:07:15)) at C:/Users/new/Desktop/alyasheiee/vendor/laravel/framework/src/Illuminate/Database/Connection.php:825)
[stacktrace]
#0 C:/Users/new/Desktop/alyasheiee/vendor/laravel/framework/src/Illuminate/Database/Connection.php(779): Illuminate/Database/Connection->runQueryCallback('insert into \"eq...', Array, Object(Closure))
#1 C:/Users/new/Desktop/alyasheiee/vendor/laravel/framework/src/Illuminate/Database/Connection.php(560): Illuminate/Database/Connection->run('insert into \"eq...', Array, Object(Closure))
#2 C:/Users/new/Desktop/alyasheiee/vendor/laravel/framework/src/Illuminate/Database/Connection.php(524): Illuminate/Database/Connection->statement('insert into \"eq...', Array)
#3 C:/Users/new/Desktop/alyasheiee/vendor/laravel/framework/src/Illuminate/Database/Query/Builder.php(3717): Illuminate/Database/Connection->insert('insert into \"eq...', Array)
#4 C:/Users/new/Desktop/alyasheiee/vendor/laravel/framework/src/Illuminate/Database/Eloquent/Builder.php(2120): Illuminate/Database/Query/Builder->insert(Array)
#5 C:/Users/new/Desktop/alyasheiee/vendor/laravel/framework/src/Illuminate/Database/Eloquent/Model.php(1335): Illuminate/Database/Eloquent/Builder->__call('insert', Array)
#6 C:/Users/new/Desktop/alyasheiee/vendor/laravel/framework/src/Illuminate/Database/Eloquent/Model.php(1163): Illuminate/Database/Eloquent/Model->performInsert(Object(Illuminate/Database/Eloquent/Builder))
#7 C:/Users/new/Desktop/alyasheiee/vendor/laravel/framework/src/Illuminate/Database/Eloquent/Builder.php(1128): Illuminate/Database/Eloquent/Model->save()
#8 C:/Users/new/Desktop/alyasheiee/vendor/laravel/framework/src/Illuminate/Support/helpers.php(399): Illuminate/Database/Eloquent/Builder->Illuminate/Database/Eloquent/{closure}(Object(App/Modules/ResourceAllocation/Models/Equipment))
#9 C:/Users/new/Desktop/alyasheiee/vendor/laravel/framework/src/Illuminate/Database/Eloquent/Builder.php(1127): tap(Object(App/Modules/ResourceAllocation/Models/Equipment), Object(Closure))
#10 C:/Users/new/Desktop/alyasheiee/vendor/laravel/framework/src/Illuminate/Database/Eloquent/Builder.php(634): Illuminate/Database/Eloquent/Builder->create(Array)
#11 C:/Users/new/Desktop/alyasheiee/vendor/laravel/framework/src/Illuminate/Database/Eloquent/Builder.php(1864): Illuminate/Database/Eloquent/Builder->Illuminate/Database/Eloquent/{closure}()
#12 C:/Users/new/Desktop/alyasheiee/vendor/laravel/framework/src/Illuminate/Database/Eloquent/Builder.php(634): Illuminate/Database/Eloquent/Builder->withSavepointIfNeeded(Object(Closure))
#13 C:/Users/new/Desktop/alyasheiee/vendor/laravel/framework/src/Illuminate/Database/Eloquent/Builder.php(621): Illuminate/Database/Eloquent/Builder->createOrFirst(Array, Array)
#14 C:/Users/new/Desktop/alyasheiee/vendor/laravel/framework/src/Illuminate/Support/Traits/ForwardsCalls.php(23): Illuminate/Database/Eloquent/Builder->firstOrCreate(Array, Array)
#15 C:/Users/new/Desktop/alyasheiee/vendor/laravel/framework/src/Illuminate/Database/Eloquent/Model.php(2372): Illuminate/Database/Eloquent/Model->forwardCallTo(Object(Illuminate/Database/Eloquent/Builder), 'firstOrCreate', Array)
#16 C:/Users/new/Desktop/alyasheiee/vendor/laravel/framework/src/Illuminate/Database/Eloquent/Model.php(2384): Illuminate/Database/Eloquent/Model->__call('firstOrCreate', Array)
#17 C:/Users/new/Desktop/alyasheiee/test_fuel_efficiency.php(20): Illuminate/Database/Eloquent/Model::__callStatic('firstOrCreate', Array)
#18 {main}

[previous exception] [object] (PDOException(code: 23502): SQLSTATE[23502]: Not null violation: 7 ERROR:  null value in column \"type\" of relation \"equipment\" violates not-null constraint
DETAIL:  Failing row contains (a21ca821-41a1-47da-a72e-5d4754fbc35f, EXC-01, Caterpillar 320, null, null, null, available, null, 2026-06-26 02:07:15, 2026-06-26 02:07:15, null, 0.00, hours, 20.00, 10.00, 1000.00). at C:/Users/new/Desktop/alyasheiee/vendor/laravel/framework/src/Illuminate/Database/Connection.php:571)
[stacktrace]
#0 C:/Users/new/Desktop/alyasheiee/vendor/laravel/framework/src/Illuminate/Database/Connection.php(571): PDOStatement->execute()
#1 C:/Users/new/Desktop/alyasheiee/vendor/laravel/framework/src/Illuminate/Database/Connection.php(812): Illuminate/Database/Connection->Illuminate/Database/{closure}('insert into \"eq...', Array)
#2 C:/Users/new/Desktop/alyasheiee/vendor/laravel/framework/src/Illuminate/Database/Connection.php(779): Illuminate/Database/Connection->runQueryCallback('insert into \"eq...', Array, Object(Closure))
#3 C:/Users/new/Desktop/alyasheiee/vendor/laravel/framework/src/Illuminate/Database/Connection.php(560): Illuminate/Database/Connection->run('insert into \"eq...', Array, Object(Closure))
#4 C:/Users/new/Desktop/alyasheiee/vendor/laravel/framework/src/Illuminate/Database/Connection.php(524): Illuminate/Database/Connection->statement('insert into \"eq...', Array)
#5 C:/Users/new/Desktop/alyasheiee/vendor/laravel/framework/src/Illuminate/Database/Query/Builder.php(3717): Illuminate/Database/Connection->insert('insert into \"eq...', Array)
#6 C:/Users/new/Desktop/alyasheiee/vendor/laravel/framework/src/Illuminate/Database/Eloquent/Builder.php(2120): Illuminate/Database/Query/Builder->insert(Array)
#7 C:/Users/new/Desktop/alyasheiee/vendor/laravel/framework/src/Illuminate/Database/Eloquent/Model.php(1335): Illuminate/Database/Eloquent/Builder->__call('insert', Array)
#8 C:/Users/new/Desktop/alyasheiee/vendor/laravel/framework/src/Illuminate/Database/Eloquent/Model.php(1163): Illuminate/Database/Eloquent/Model->performInsert(Object(Illuminate/Database/Eloquent/Builder))
#9 C:/Users/new/Desktop/alyasheiee/vendor/laravel/framework/src/Illuminate/Database/Eloquent/Builder.php(1128): Illuminate/Database/Eloquent/Model->save()
#10 C:/Users/new/Desktop/alyasheiee/vendor/laravel/framework/src/Illuminate/Support/helpers.php(399): Illuminate/Database/Eloquent/Builder->Illuminate/Database/Eloquent/{closure}(Object(App/Modules/ResourceAllocation/Models/Equipment))
#11 C:/Users/new/Desktop/alyasheiee/vendor/laravel/framework/src/Illuminate/Database/Eloquent/Builder.php(1127): tap(Object(App/Modules/ResourceAllocation/Models/Equipment), Object(Closure))
#12 C:/Users/new/Desktop/alyasheiee/vendor/laravel/framework/src/Illuminate/Database/Eloquent/Builder.php(634): Illuminate/Database/Eloquent/Builder->create(Array)
#13 C:/Users/new/Desktop/alyasheiee/vendor/laravel/framework/src/Illuminate/Database/Eloquent/Builder.php(1864): Illuminate/Database/Eloquent/Builder->Illuminate/Database/Eloquent/{closure}()
#14 C:/Users/new/Desktop/alyasheiee/vendor/laravel/framework/src/Illuminate/Database/Eloquent/Builder.php(634): Illuminate/Database/Eloquent/Builder->withSavepointIfNeeded(Object(Closure))
#15 C:/Users/new/Desktop/alyasheiee/vendor/laravel/framework/src/Illuminate/Database/Eloquent/Builder.php(621): Illuminate/Database/Eloquent/Builder->createOrFirst(Array, Array)
#16 C:/Users/new/Desktop/alyasheiee/vendor/laravel/framework/src/Illuminate/Support/Traits/ForwardsCalls.php(23): Illuminate/Database/Eloquent/Builder->firstOrCreate(Array, Array)
#17 C:/Users/new/Desktop/alyasheiee/vendor/laravel/framework/src/Illuminate/Database/Eloquent/Model.php(2372): Illuminate/Database/Eloquent/Model->forwardCallTo(Object(Illuminate/Database/Eloquent/Builder), 'firstOrCreate', Array)
#18 C:/Users/new/Desktop/alyasheiee/vendor/laravel/framework/src/Illuminate/Database/Eloquent/Model.php(2384): Illuminate/Database/Eloquent/Model->__call('firstOrCreate', Array)
#19 C:/Users/new/Desktop/alyasheiee/test_fuel_efficiency.php(20): Illuminate/Database/Eloquent/Model::__callStatic('firstOrCreate', Array)
#20 {main}
"} 
[2026-06-28 15:15:36] local.ERROR: SQLSTATE[23503]: Foreign key violation: 7 ERROR:  insert or update on table "disbursement_requests" violates foreign key constraint "disbursement_requests_warehouse_id_foreign"
DETAIL:  Key (warehouse_id)=(a217e82b-cb3d-4136-8ca4-21cc1aec830e) is not present in table "warehouses". (Connection: pgsql, SQL: alter table "disbursement_requests" add constraint "disbursement_requests_warehouse_id_foreign" foreign key ("warehouse_id") references "warehouses" ("id") on delete set null) {"exception":"[object] (Illuminate\\Database\\QueryException(code: 23503): SQLSTATE[23503]: Foreign key violation: 7 ERROR:  insert or update on table \"disbursement_requests\" violates foreign key constraint \"disbursement_requests_warehouse_id_foreign\"
DETAIL:  Key (warehouse_id)=(a217e82b-cb3d-4136-8ca4-21cc1aec830e) is not present in table \"warehouses\". (Connection: pgsql, SQL: alter table \"disbursement_requests\" add constraint \"disbursement_requests_warehouse_id_foreign\" foreign key (\"warehouse_id\") references \"warehouses\" (\"id\") on delete set null) at C:/Users/new/Desktop/alyasheiee/vendor/laravel/framework/src/Illuminate/Database/Connection.php:825)
[stacktrace]
#0 C:/Users/new/Desktop/alyasheiee/vendor/laravel/framework/src/Illuminate/Database/Connection.php(779): Illuminate/Database/Connection->runQueryCallback('alter table \"di...', Array, Object(Closure))
#1 C:/Users/new/Desktop/alyasheiee/vendor/laravel/framework/src/Illuminate/Database/Connection.php(560): Illuminate/Database/Connection->run('alter table \"di...', Array, Object(Closure))
#2 C:/Users/new/Desktop/alyasheiee/vendor/laravel/framework/src/Illuminate/Database/Schema/Blueprint.php(118): Illuminate/Database/Connection->statement('alter table \"di...')
#3 C:/Users/new/Desktop/alyasheiee/vendor/laravel/framework/src/Illuminate/Database/Schema/Builder.php(564): Illuminate/Database/Schema/Blueprint->build(Object(Illuminate/Database/PostgresConnection), Object(Illuminate/Database/Schema/Grammars/PostgresGrammar))
#4 C:/Users/new/Desktop/alyasheiee/vendor/laravel/framework/src/Illuminate/Database/Schema/Builder.php(406): Illuminate/Database/Schema/Builder->build(Object(Illuminate/Database/Schema/Blueprint))
#5 C:/Users/new/Desktop/alyasheiee/vendor/laravel/framework/src/Illuminate/Support/Facades/Facade.php(361): Illuminate/Database/Schema/Builder->table('disbursement_re...', Object(Closure))
#6 C:/Users/new/Desktop/alyasheiee/database/migrations/2026_06_28_151440_modify_warehouse_id_foreign_on_disbursement_requests_table.php(14): Illuminate/Support/Facades/Facade::__callStatic('table', Array)
#7 C:/Users/new/Desktop/alyasheiee/vendor/laravel/framework/src/Illuminate/Database/Migrations/Migrator.php(507): Illuminate/Database/Migrations/Migration@anonymous->up()
#8 C:/Users/new/Desktop/alyasheiee/vendor/laravel/framework/src/Illuminate/Database/Migrations/Migrator.php(432): Illuminate/Database/Migrations/Migrator->runMethod(Object(Illuminate/Database/PostgresConnection), Object(Illuminate/Database/Migrations/Migration@anonymous), 'up')
#9 C:/Users/new/Desktop/alyasheiee/vendor/laravel/framework/src/Illuminate/Database/Concerns/ManagesTransactions.php(32): Illuminate/Database/Migrations/Migrator->Illuminate/Database/Migrations/{closure}(Object(Illuminate/Database/PostgresConnection))
#10 C:/Users/new/Desktop/alyasheiee/vendor/laravel/framework/src/Illuminate/Database/Migrations/Migrator.php(440): Illuminate/Database/Connection->transaction(Object(Closure))
#11 C:/Users/new/Desktop/alyasheiee/vendor/laravel/framework/src/Illuminate/Database/Migrations/Migrator.php(244): Illuminate/Database/Migrations/Migrator->runMigration(Object(Illuminate/Database/Migrations/Migration@anonymous), 'up')
#12 C:/Users/new/Desktop/alyasheiee/vendor/laravel/framework/src/Illuminate/Console/View/Components/Task.php(40): Illuminate/Database/Migrations/Migrator->Illuminate/Database/Migrations/{closure}()
#13 C:/Users/new/Desktop/alyasheiee/vendor/laravel/framework/src/Illuminate/Database/Migrations/Migrator.php(798): Illuminate/Console/View/Components/Task->render('2026_06_28_1514...', Object(Closure))
#14 C:/Users/new/Desktop/alyasheiee/vendor/laravel/framework/src/Illuminate/Database/Migrations/Migrator.php(244): Illuminate/Database/Migrations/Migrator->write('Illuminate//Cons...', '2026_06_28_1514...', Object(Closure))
#15 C:/Users/new/Desktop/alyasheiee/vendor/laravel/framework/src/Illuminate/Database/Migrations/Migrator.php(211): Illuminate/Database/Migrations/Migrator->runUp('C://Users//new//De...', 13, false)
#16 C:/Users/new/Desktop/alyasheiee/vendor/laravel/framework/src/Illuminate/Database/Migrations/Migrator.php(138): Illuminate/Database/Migrations/Migrator->runPending(Array, Array)
#17 C:/Users/new/Desktop/alyasheiee/vendor/laravel/framework/src/Illuminate/Database/Console/Migrations/MigrateCommand.php(117): Illuminate/Database/Migrations/Migrator->run(Array, Array)
#18 C:/Users/new/Desktop/alyasheiee/vendor/laravel/framework/src/Illuminate/Database/Migrations/Migrator.php(658): Illuminate/Database/Console/Migrations/MigrateCommand->Illuminate/Database/Console/Migrations/{closure}()
#19 C:/Users/new/Desktop/alyasheiee/vendor/laravel/framework/src/Illuminate/Database/Console/Migrations/MigrateCommand.php(110): Illuminate/Database/Migrations/Migrator->usingConnection(NULL, Object(Closure))
#20 C:/Users/new/Desktop/alyasheiee/vendor/laravel/framework/src/Illuminate/Database/Console/Migrations/MigrateCommand.php(89): Illuminate/Database/Console/Migrations/MigrateCommand->runMigrations()
#21 C:/Users/new/Desktop/alyasheiee/vendor/laravel/framework/src/Illuminate/Container/BoundMethod.php(36): Illuminate/Database/Console/Migrations/MigrateCommand->handle()
#22 C:/Users/new/Desktop/alyasheiee/vendor/laravel/framework/src/Illuminate/Container/Util.php(43): Illuminate/Container/BoundMethod::Illuminate/Container/{closure}()
#23 C:/Users/new/Desktop/alyasheiee/vendor/laravel/framework/src/Illuminate/Container/BoundMethod.php(95): Illuminate/Container/Util::unwrapIfClosure(Object(Closure))
#24 C:/Users/new/Desktop/alyasheiee/vendor/laravel/framework/src/Illuminate/Container/BoundMethod.php(35): Illuminate/Container/BoundMethod::callBoundMethod(Object(Illuminate/Foundation/Application), Array, Object(Closure))
#25 C:/Users/new/Desktop/alyasheiee/vendor/laravel/framework/src/Illuminate/Container/Container.php(696): Illuminate/Container/BoundMethod::call(Object(Illuminate/Foundation/Application), Array, Array, NULL)
#26 C:/Users/new/Desktop/alyasheiee/vendor/laravel/framework/src/Illuminate/Console/Command.php(213): Illuminate/Container/Container->call(Array)
#27 C:/Users/new/Desktop/alyasheiee/vendor/symfony/console/Command/Command.php(341): Illuminate/Console/Command->execute(Object(Symfony/Component/Console/Input/ArgvInput), Object(Illuminate/Console/OutputStyle))
#28 C:/Users/new/Desktop/alyasheiee/vendor/laravel/framework/src/Illuminate/Console/Command.php(182): Symfony/Component/Console/Command/Command->run(Object(Symfony/Component/Console/Input/ArgvInput), Object(Illuminate/Console/OutputStyle))
#29 C:/Users/new/Desktop/alyasheiee/vendor/symfony/console/Application.php(1117): Illuminate/Console/Command->run(Object(Symfony/Component/Console/Input/ArgvInput), Object(Symfony/Component/Console/Output/ConsoleOutput))
#30 C:/Users/new/Desktop/alyasheiee/vendor/symfony/console/Application.php(356): Symfony/Component/Console/Application->doRunCommand(Object(Illuminate/Database/Console/Migrations/MigrateCommand), Object(Symfony/Component/Console/Input/ArgvInput), Object(Symfony/Component/Console/Output/ConsoleOutput))
#31 C:/Users/new/Desktop/alyasheiee/vendor/symfony/console/Application.php(195): Symfony/Component/Console/Application->doRun(Object(Symfony/Component/Console/Input/ArgvInput), Object(Symfony/Component/Console/Output/ConsoleOutput))
#32 C:/Users/new/Desktop/alyasheiee/vendor/laravel/framework/src/Illuminate/Foundation/Console/Kernel.php(198): Symfony/Component/Console/Application->run(Object(Symfony/Component/Console/Input/ArgvInput), Object(Symfony/Component/Console/Output/ConsoleOutput))
#33 C:/Users/new/Desktop/alyasheiee/vendor/laravel/framework/src/Illuminate/Foundation/Application.php(1235): Illuminate/Foundation/Console/Kernel->handle(Object(Symfony/Component/Console/Input/ArgvInput), Object(Symfony/Component/Console/Output/ConsoleOutput))
#34 C:/Users/new/Desktop/alyasheiee/artisan(13): Illuminate/Foundation/Application->handleCommand(Object(Symfony/Component/Console/Input/ArgvInput))
#35 {main}

[previous exception] [object] (PDOException(code: 23503): SQLSTATE[23503]: Foreign key violation: 7 ERROR:  insert or update on table \"disbursement_requests\" violates foreign key constraint \"disbursement_requests_warehouse_id_foreign\"
DETAIL:  Key (warehouse_id)=(a217e82b-cb3d-4136-8ca4-21cc1aec830e) is not present in table \"warehouses\". at C:/Users/new/Desktop/alyasheiee/vendor/laravel/framework/src/Illuminate/Database/Connection.php:571)
[stacktrace]
#0 C:/Users/new/Desktop/alyasheiee/vendor/laravel/framework/src/Illuminate/Database/Connection.php(571): PDOStatement->execute()
#1 C:/Users/new/Desktop/alyasheiee/vendor/laravel/framework/src/Illuminate/Database/Connection.php(812): Illuminate/Database/Connection->Illuminate/Database/{closure}('alter table \"di...', Array)
#2 C:/Users/new/Desktop/alyasheiee/vendor/laravel/framework/src/Illuminate/Database/Connection.php(779): Illuminate/Database/Connection->runQueryCallback('alter table \"di...', Array, Object(Closure))
#3 C:/Users/new/Desktop/alyasheiee/vendor/laravel/framework/src/Illuminate/Database/Connection.php(560): Illuminate/Database/Connection->run('alter table \"di...', Array, Object(Closure))
#4 C:/Users/new/Desktop/alyasheiee/vendor/laravel/framework/src/Illuminate/Database/Schema/Blueprint.php(118): Illuminate/Database/Connection->statement('alter table \"di...')
#5 C:/Users/new/Desktop/alyasheiee/vendor/laravel/framework/src/Illuminate/Database/Schema/Builder.php(564): Illuminate/Database/Schema/Blueprint->build(Object(Illuminate/Database/PostgresConnection), Object(Illuminate/Database/Schema/Grammars/PostgresGrammar))
#6 C:/Users/new/Desktop/alyasheiee/vendor/laravel/framework/src/Illuminate/Database/Schema/Builder.php(406): Illuminate/Database/Schema/Builder->build(Object(Illuminate/Database/Schema/Blueprint))
#7 C:/Users/new/Desktop/alyasheiee/vendor/laravel/framework/src/Illuminate/Support/Facades/Facade.php(361): Illuminate/Database/Schema/Builder->table('disbursement_re...', Object(Closure))
#8 C:/Users/new/Desktop/alyasheiee/database/migrations/2026_06_28_151440_modify_warehouse_id_foreign_on_disbursement_requests_table.php(14): Illuminate/Support/Facades/Facade::__callStatic('table', Array)
#9 C:/Users/new/Desktop/alyasheiee/vendor/laravel/framework/src/Illuminate/Database/Migrations/Migrator.php(507): Illuminate/Database/Migrations/Migration@anonymous->up()
#10 C:/Users/new/Desktop/alyasheiee/vendor/laravel/framework/src/Illuminate/Database/Migrations/Migrator.php(432): Illuminate/Database/Migrations/Migrator->runMethod(Object(Illuminate/Database/PostgresConnection), Object(Illuminate/Database/Migrations/Migration@anonymous), 'up')
#11 C:/Users/new/Desktop/alyasheiee/vendor/laravel/framework/src/Illuminate/Database/Concerns/ManagesTransactions.php(32): Illuminate/Database/Migrations/Migrator->Illuminate/Database/Migrations/{closure}(Object(Illuminate/Database/PostgresConnection))
#12 C:/Users/new/Desktop/alyasheiee/vendor/laravel/framework/src/Illuminate/Database/Migrations/Migrator.php(440): Illuminate/Database/Connection->transaction(Object(Closure))
#13 C:/Users/new/Desktop/alyasheiee/vendor/laravel/framework/src/Illuminate/Database/Migrations/Migrator.php(244): Illuminate/Database/Migrations/Migrator->runMigration(Object(Illuminate/Database/Migrations/Migration@anonymous), 'up')
#14 C:/Users/new/Desktop/alyasheiee/vendor/laravel/framework/src/Illuminate/Console/View/Components/Task.php(40): Illuminate/Database/Migrations/Migrator->Illuminate/Database/Migrations/{closure}()
#15 C:/Users/new/Desktop/alyasheiee/vendor/laravel/framework/src/Illuminate/Database/Migrations/Migrator.php(798): Illuminate/Console/View/Components/Task->render('2026_06_28_1514...', Object(Closure))
#16 C:/Users/new/Desktop/alyasheiee/vendor/laravel/framework/src/Illuminate/Database/Migrations/Migrator.php(244): Illuminate/Database/Migrations/Migrator->write('Illuminate//Cons...', '2026_06_28_1514...', Object(Closure))
#17 C:/Users/new/Desktop/alyasheiee/vendor/laravel/framework/src/Illuminate/Database/Migrations/Migrator.php(211): Illuminate/Database/Migrations/Migrator->runUp('C://Users//new//De...', 13, false)
#18 C:/Users/new/Desktop/alyasheiee/vendor/laravel/framework/src/Illuminate/Database/Migrations/Migrator.php(138): Illuminate/Database/Migrations/Migrator->runPending(Array, Array)
#19 C:/Users/new/Desktop/alyasheiee/vendor/laravel/framework/src/Illuminate/Database/Console/Migrations/MigrateCommand.php(117): Illuminate/Database/Migrations/Migrator->run(Array, Array)
#20 C:/Users/new/Desktop/alyasheiee/vendor/laravel/framework/src/Illuminate/Database/Migrations/Migrator.php(658): Illuminate/Database/Console/Migrations/MigrateCommand->Illuminate/Database/Console/Migrations/{closure}()
#21 C:/Users/new/Desktop/alyasheiee/vendor/laravel/framework/src/Illuminate/Database/Console/Migrations/MigrateCommand.php(110): Illuminate/Database/Migrations/Migrator->usingConnection(NULL, Object(Closure))
#22 C:/Users/new/Desktop/alyasheiee/vendor/laravel/framework/src/Illuminate/Database/Console/Migrations/MigrateCommand.php(89): Illuminate/Database/Console/Migrations/MigrateCommand->runMigrations()
#23 C:/Users/new/Desktop/alyasheiee/vendor/laravel/framework/src/Illuminate/Container/BoundMethod.php(36): Illuminate/Database/Console/Migrations/MigrateCommand->handle()
#24 C:/Users/new/Desktop/alyasheiee/vendor/laravel/framework/src/Illuminate/Container/Util.php(43): Illuminate/Container/BoundMethod::Illuminate/Container/{closure}()
#25 C:/Users/new/Desktop/alyasheiee/vendor/laravel/framework/src/Illuminate/Container/BoundMethod.php(95): Illuminate/Container/Util::unwrapIfClosure(Object(Closure))
#26 C:/Users/new/Desktop/alyasheiee/vendor/laravel/framework/src/Illuminate/Container/BoundMethod.php(35): Illuminate/Container/BoundMethod::callBoundMethod(Object(Illuminate/Foundation/Application), Array, Object(Closure))
#27 C:/Users/new/Desktop/alyasheiee/vendor/laravel/framework/src/Illuminate/Container/Container.php(696): Illuminate/Container/BoundMethod::call(Object(Illuminate/Foundation/Application), Array, Array, NULL)
#28 C:/Users/new/Desktop/alyasheiee/vendor/laravel/framework/src/Illuminate/Console/Command.php(213): Illuminate/Container/Container->call(Array)
#29 C:/Users/new/Desktop/alyasheiee/vendor/symfony/console/Command/Command.php(341): Illuminate/Console/Command->execute(Object(Symfony/Component/Console/Input/ArgvInput), Object(Illuminate/Console/OutputStyle))
#30 C:/Users/new/Desktop/alyasheiee/vendor/laravel/framework/src/Illuminate/Console/Command.php(182): Symfony/Component/Console/Command/Command->run(Object(Symfony/Component/Console/Input/ArgvInput), Object(Illuminate/Console/OutputStyle))
#31 C:/Users/new/Desktop/alyasheiee/vendor/symfony/console/Application.php(1117): Illuminate/Console/Command->run(Object(Symfony/Component/Console/Input/ArgvInput), Object(Symfony/Component/Console/Output/ConsoleOutput))
#32 C:/Users/new/Desktop/alyasheiee/vendor/symfony/console/Application.php(356): Symfony/Component/Console/Application->doRunCommand(Object(Illuminate/Database/Console/Migrations/MigrateCommand), Object(Symfony/Component/Console/Input/ArgvInput), Object(Symfony/Component/Console/Output/ConsoleOutput))
#33 C:/Users/new/Desktop/alyasheiee/vendor/symfony/console/Application.php(195): Symfony/Component/Console/Application->doRun(Object(Symfony/Component/Console/Input/ArgvInput), Object(Symfony/Component/Console/Output/ConsoleOutput))
#34 C:/Users/new/Desktop/alyasheiee/vendor/laravel/framework/src/Illuminate/Foundation/Console/Kernel.php(198): Symfony/Component/Console/Application->run(Object(Symfony/Component/Console/Input/ArgvInput), Object(Symfony/Component/Console/Output/ConsoleOutput))
#35 C:/Users/new/Desktop/alyasheiee/vendor/laravel/framework/src/Illuminate/Foundation/Application.php(1235): Illuminate/Foundation/Console/Kernel->handle(Object(Symfony/Component/Console/Input/ArgvInput), Object(Symfony/Component/Console/Output/ConsoleOutput))
#36 C:/Users/new/Desktop/alyasheiee/artisan(13): Illuminate/Foundation/Application->handleCommand(Object(Symfony/Component/Console/Input/ArgvInput))
#37 {main}
"} 
[2026-06-28 15:18:02] local.ERROR: SQLSTATE[23503]: Foreign key violation: 7 ERROR:  insert or update on table "disbursement_requests" violates foreign key constraint "disbursement_requests_warehouse_id_foreign"
DETAIL:  Key (warehouse_id)=(a217e82b-cb3d-4136-8ca4-21cc1aec830e) is not present in table "warehouses". (Connection: pgsql, SQL: alter table "disbursement_requests" add constraint "disbursement_requests_warehouse_id_foreign" foreign key ("warehouse_id") references "warehouses" ("id") on delete set null) {"exception":"[object] (Illuminate\\Database\\QueryException(code: 23503): SQLSTATE[23503]: Foreign key violation: 7 ERROR:  insert or update on table \"disbursement_requests\" violates foreign key constraint \"disbursement_requests_warehouse_id_foreign\"
DETAIL:  Key (warehouse_id)=(a217e82b-cb3d-4136-8ca4-21cc1aec830e) is not present in table \"warehouses\". (Connection: pgsql, SQL: alter table \"disbursement_requests\" add constraint \"disbursement_requests_warehouse_id_foreign\" foreign key (\"warehouse_id\") references \"warehouses\" (\"id\") on delete set null) at C:/Users/new/Desktop/alyasheiee/vendor/laravel/framework/src/Illuminate/Database/Connection.php:825)
[stacktrace]
#0 C:/Users/new/Desktop/alyasheiee/vendor/laravel/framework/src/Illuminate/Database/Connection.php(779): Illuminate/Database/Connection->runQueryCallback('alter table \"di...', Array, Object(Closure))
#1 C:/Users/new/Desktop/alyasheiee/vendor/laravel/framework/src/Illuminate/Database/Connection.php(560): Illuminate/Database/Connection->run('alter table \"di...', Array, Object(Closure))
#2 C:/Users/new/Desktop/alyasheiee/vendor/laravel/framework/src/Illuminate/Database/Schema/Blueprint.php(118): Illuminate/Database/Connection->statement('alter table \"di...')
#3 C:/Users/new/Desktop/alyasheiee/vendor/laravel/framework/src/Illuminate/Database/Schema/Builder.php(564): Illuminate/Database/Schema/Blueprint->build(Object(Illuminate/Database/PostgresConnection), Object(Illuminate/Database/Schema/Grammars/PostgresGrammar))
#4 C:/Users/new/Desktop/alyasheiee/vendor/laravel/framework/src/Illuminate/Database/Schema/Builder.php(406): Illuminate/Database/Schema/Builder->build(Object(Illuminate/Database/Schema/Blueprint))
#5 C:/Users/new/Desktop/alyasheiee/vendor/laravel/framework/src/Illuminate/Support/Facades/Facade.php(361): Illuminate/Database/Schema/Builder->table('disbursement_re...', Object(Closure))
#6 C:/Users/new/Desktop/alyasheiee/database/migrations/2026_06_28_151440_modify_warehouse_id_foreign_on_disbursement_requests_table.php(14): Illuminate/Support/Facades/Facade::__callStatic('table', Array)
#7 C:/Users/new/Desktop/alyasheiee/vendor/laravel/framework/src/Illuminate/Database/Migrations/Migrator.php(507): Illuminate/Database/Migrations/Migration@anonymous->up()
#8 C:/Users/new/Desktop/alyasheiee/vendor/laravel/framework/src/Illuminate/Database/Migrations/Migrator.php(432): Illuminate/Database/Migrations/Migrator->runMethod(Object(Illuminate/Database/PostgresConnection), Object(Illuminate/Database/Migrations/Migration@anonymous), 'up')
#9 C:/Users/new/Desktop/alyasheiee/vendor/laravel/framework/src/Illuminate/Database/Concerns/ManagesTransactions.php(32): Illuminate/Database/Migrations/Migrator->Illuminate/Database/Migrations/{closure}(Object(Illuminate/Database/PostgresConnection))
#10 C:/Users/new/Desktop/alyasheiee/vendor/laravel/framework/src/Illuminate/Database/Migrations/Migrator.php(440): Illuminate/Database/Connection->transaction(Object(Closure))
#11 C:/Users/new/Desktop/alyasheiee/vendor/laravel/framework/src/Illuminate/Database/Migrations/Migrator.php(244): Illuminate/Database/Migrations/Migrator->runMigration(Object(Illuminate/Database/Migrations/Migration@anonymous), 'up')
#12 C:/Users/new/Desktop/alyasheiee/vendor/laravel/framework/src/Illuminate/Console/View/Components/Task.php(40): Illuminate/Database/Migrations/Migrator->Illuminate/Database/Migrations/{closure}()
#13 C:/Users/new/Desktop/alyasheiee/vendor/laravel/framework/src/Illuminate/Database/Migrations/Migrator.php(798): Illuminate/Console/View/Components/Task->render('2026_06_28_1514...', Object(Closure))
#14 C:/Users/new/Desktop/alyasheiee/vendor/laravel/framework/src/Illuminate/Database/Migrations/Migrator.php(244): Illuminate/Database/Migrations/Migrator->write('Illuminate//Cons...', '2026_06_28_1514...', Object(Closure))
#15 C:/Users/new/Desktop/alyasheiee/vendor/laravel/framework/src/Illuminate/Database/Migrations/Migrator.php(211): Illuminate/Database/Migrations/Migrator->runUp('C://Users//new//De...', 13, false)
#16 C:/Users/new/Desktop/alyasheiee/vendor/laravel/framework/src/Illuminate/Database/Migrations/Migrator.php(138): Illuminate/Database/Migrations/Migrator->runPending(Array, Array)
#17 C:/Users/new/Desktop/alyasheiee/vendor/laravel/framework/src/Illuminate/Database/Console/Migrations/MigrateCommand.php(117): Illuminate/Database/Migrations/Migrator->run(Array, Array)
#18 C:/Users/new/Desktop/alyasheiee/vendor/laravel/framework/src/Illuminate/Database/Migrations/Migrator.php(658): Illuminate/Database/Console/Migrations/MigrateCommand->Illuminate/Database/Console/Migrations/{closure}()
#19 C:/Users/new/Desktop/alyasheiee/vendor/laravel/framework/src/Illuminate/Database/Console/Migrations/MigrateCommand.php(110): Illuminate/Database/Migrations/Migrator->usingConnection(NULL, Object(Closure))
#20 C:/Users/new/Desktop/alyasheiee/vendor/laravel/framework/src/Illuminate/Database/Console/Migrations/MigrateCommand.php(89): Illuminate/Database/Console/Migrations/MigrateCommand->runMigrations()
#21 C:/Users/new/Desktop/alyasheiee/vendor/laravel/framework/src/Illuminate/Container/BoundMethod.php(36): Illuminate/Database/Console/Migrations/MigrateCommand->handle()
#22 C:/Users/new/Desktop/alyasheiee/vendor/laravel/framework/src/Illuminate/Container/Util.php(43): Illuminate/Container/BoundMethod::Illuminate/Container/{closure}()
#23 C:/Users/new/Desktop/alyasheiee/vendor/laravel/framework/src/Illuminate/Container/BoundMethod.php(95): Illuminate/Container/Util::unwrapIfClosure(Object(Closure))
#24 C:/Users/new/Desktop/alyasheiee/vendor/laravel/framework/src/Illuminate/Container/BoundMethod.php(35): Illuminate/Container/BoundMethod::callBoundMethod(Object(Illuminate/Foundation/Application), Array, Object(Closure))
#25 C:/Users/new/Desktop/alyasheiee/vendor/laravel/framework/src/Illuminate/Container/Container.php(696): Illuminate/Container/BoundMethod::call(Object(Illuminate/Foundation/Application), Array, Array, NULL)
#26 C:/Users/new/Desktop/alyasheiee/vendor/laravel/framework/src/Illuminate/Console/Command.php(213): Illuminate/Container/Container->call(Array)
#27 C:/Users/new/Desktop/alyasheiee/vendor/symfony/console/Command/Command.php(341): Illuminate/Console/Command->execute(Object(Symfony/Component/Console/Input/ArgvInput), Object(Illuminate/Console/OutputStyle))
#28 C:/Users/new/Desktop/alyasheiee/vendor/laravel/framework/src/Illuminate/Console/Command.php(182): Symfony/Component/Console/Command/Command->run(Object(Symfony/Component/Console/Input/ArgvInput), Object(Illuminate/Console/OutputStyle))
#29 C:/Users/new/Desktop/alyasheiee/vendor/symfony/console/Application.php(1117): Illuminate/Console/Command->run(Object(Symfony/Component/Console/Input/ArgvInput), Object(Symfony/Component/Console/Output/ConsoleOutput))
#30 C:/Users/new/Desktop/alyasheiee/vendor/symfony/console/Application.php(356): Symfony/Component/Console/Application->doRunCommand(Object(Illuminate/Database/Console/Migrations/MigrateCommand), Object(Symfony/Component/Console/Input/ArgvInput), Object(Symfony/Component/Console/Output/ConsoleOutput))
#31 C:/Users/new/Desktop/alyasheiee/vendor/symfony/console/Application.php(195): Symfony/Component/Console/Application->doRun(Object(Symfony/Component/Console/Input/ArgvInput), Object(Symfony/Component/Console/Output/ConsoleOutput))
#32 C:/Users/new/Desktop/alyasheiee/vendor/laravel/framework/src/Illuminate/Foundation/Console/Kernel.php(198): Symfony/Component/Console/Application->run(Object(Symfony/Component/Console/Input/ArgvInput), Object(Symfony/Component/Console/Output/ConsoleOutput))
#33 C:/Users/new/Desktop/alyasheiee/vendor/laravel/framework/src/Illuminate/Foundation/Application.php(1235): Illuminate/Foundation/Console/Kernel->handle(Object(Symfony/Component/Console/Input/ArgvInput), Object(Symfony/Component/Console/Output/ConsoleOutput))
#34 C:/Users/new/Desktop/alyasheiee/artisan(13): Illuminate/Foundation/Application->handleCommand(Object(Symfony/Component/Console/Input/ArgvInput))
#35 {main}

[previous exception] [object] (PDOException(code: 23503): SQLSTATE[23503]: Foreign key violation: 7 ERROR:  insert or update on table \"disbursement_requests\" violates foreign key constraint \"disbursement_requests_warehouse_id_foreign\"
DETAIL:  Key (warehouse_id)=(a217e82b-cb3d-4136-8ca4-21cc1aec830e) is not present in table \"warehouses\". at C:/Users/new/Desktop/alyasheiee/vendor/laravel/framework/src/Illuminate/Database/Connection.php:571)
[stacktrace]
#0 C:/Users/new/Desktop/alyasheiee/vendor/laravel/framework/src/Illuminate/Database/Connection.php(571): PDOStatement->execute()
#1 C:/Users/new/Desktop/alyasheiee/vendor/laravel/framework/src/Illuminate/Database/Connection.php(812): Illuminate/Database/Connection->Illuminate/Database/{closure}('alter table \"di...', Array)
#2 C:/Users/new/Desktop/alyasheiee/vendor/laravel/framework/src/Illuminate/Database/Connection.php(779): Illuminate/Database/Connection->runQueryCallback('alter table \"di...', Array, Object(Closure))
#3 C:/Users/new/Desktop/alyasheiee/vendor/laravel/framework/src/Illuminate/Database/Connection.php(560): Illuminate/Database/Connection->run('alter table \"di...', Array, Object(Closure))
#4 C:/Users/new/Desktop/alyasheiee/vendor/laravel/framework/src/Illuminate/Database/Schema/Blueprint.php(118): Illuminate/Database/Connection->statement('alter table \"di...')
#5 C:/Users/new/Desktop/alyasheiee/vendor/laravel/framework/src/Illuminate/Database/Schema/Builder.php(564): Illuminate/Database/Schema/Blueprint->build(Object(Illuminate/Database/PostgresConnection), Object(Illuminate/Database/Schema/Grammars/PostgresGrammar))
#6 C:/Users/new/Desktop/alyasheiee/vendor/laravel/framework/src/Illuminate/Database/Schema/Builder.php(406): Illuminate/Database/Schema/Builder->build(Object(Illuminate/Database/Schema/Blueprint))
#7 C:/Users/new/Desktop/alyasheiee/vendor/laravel/framework/src/Illuminate/Support/Facades/Facade.php(361): Illuminate/Database/Schema/Builder->table('disbursement_re...', Object(Closure))
#8 C:/Users/new/Desktop/alyasheiee/database/migrations/2026_06_28_151440_modify_warehouse_id_foreign_on_disbursement_requests_table.php(14): Illuminate/Support/Facades/Facade::__callStatic('table', Array)
#9 C:/Users/new/Desktop/alyasheiee/vendor/laravel/framework/src/Illuminate/Database/Migrations/Migrator.php(507): Illuminate/Database/Migrations/Migration@anonymous->up()
#10 C:/Users/new/Desktop/alyasheiee/vendor/laravel/framework/src/Illuminate/Database/Migrations/Migrator.php(432): Illuminate/Database/Migrations/Migrator->runMethod(Object(Illuminate/Database/PostgresConnection), Object(Illuminate/Database/Migrations/Migration@anonymous), 'up')
#11 C:/Users/new/Desktop/alyasheiee/vendor/laravel/framework/src/Illuminate/Database/Concerns/ManagesTransactions.php(32): Illuminate/Database/Migrations/Migrator->Illuminate/Database/Migrations/{closure}(Object(Illuminate/Database/PostgresConnection))
#12 C:/Users/new/Desktop/alyasheiee/vendor/laravel/framework/src/Illuminate/Database/Migrations/Migrator.php(440): Illuminate/Database/Connection->transaction(Object(Closure))
#13 C:/Users/new/Desktop/alyasheiee/vendor/laravel/framework/src/Illuminate/Database/Migrations/Migrator.php(244): Illuminate/Database/Migrations/Migrator->runMigration(Object(Illuminate/Database/Migrations/Migration@anonymous), 'up')
#14 C:/Users/new/Desktop/alyasheiee/vendor/laravel/framework/src/Illuminate/Console/View/Components/Task.php(40): Illuminate/Database/Migrations/Migrator->Illuminate/Database/Migrations/{closure}()
#15 C:/Users/new/Desktop/alyasheiee/vendor/laravel/framework/src/Illuminate/Database/Migrations/Migrator.php(798): Illuminate/Console/View/Components/Task->render('2026_06_28_1514...', Object(Closure))
#16 C:/Users/new/Desktop/alyasheiee/vendor/laravel/framework/src/Illuminate/Database/Migrations/Migrator.php(244): Illuminate/Database/Migrations/Migrator->write('Illuminate//Cons...', '2026_06_28_1514...', Object(Closure))
#17 C:/Users/new/Desktop/alyasheiee/vendor/laravel/framework/src/Illuminate/Database/Migrations/Migrator.php(211): Illuminate/Database/Migrations/Migrator->runUp('C://Users//new//De...', 13, false)
#18 C:/Users/new/Desktop/alyasheiee/vendor/laravel/framework/src/Illuminate/Database/Migrations/Migrator.php(138): Illuminate/Database/Migrations/Migrator->runPending(Array, Array)
#19 C:/Users/new/Desktop/alyasheiee/vendor/laravel/framework/src/Illuminate/Database/Console/Migrations/MigrateCommand.php(117): Illuminate/Database/Migrations/Migrator->run(Array, Array)
#20 C:/Users/new/Desktop/alyasheiee/vendor/laravel/framework/src/Illuminate/Database/Migrations/Migrator.php(658): Illuminate/Database/Console/Migrations/MigrateCommand->Illuminate/Database/Console/Migrations/{closure}()
#21 C:/Users/new/Desktop/alyasheiee/vendor/laravel/framework/src/Illuminate/Database/Console/Migrations/MigrateCommand.php(110): Illuminate/Database/Migrations/Migrator->usingConnection(NULL, Object(Closure))
#22 C:/Users/new/Desktop/alyasheiee/vendor/laravel/framework/src/Illuminate/Database/Console/Migrations/MigrateCommand.php(89): Illuminate/Database/Console/Migrations/MigrateCommand->runMigrations()
#23 C:/Users/new/Desktop/alyasheiee/vendor/laravel/framework/src/Illuminate/Container/BoundMethod.php(36): Illuminate/Database/Console/Migrations/MigrateCommand->handle()
#24 C:/Users/new/Desktop/alyasheiee/vendor/laravel/framework/src/Illuminate/Container/Util.php(43): Illuminate/Container/BoundMethod::Illuminate/Container/{closure}()
#25 C:/Users/new/Desktop/alyasheiee/vendor/laravel/framework/src/Illuminate/Container/BoundMethod.php(95): Illuminate/Container/Util::unwrapIfClosure(Object(Closure))
#26 C:/Users/new/Desktop/alyasheiee/vendor/laravel/framework/src/Illuminate/Container/BoundMethod.php(35): Illuminate/Container/BoundMethod::callBoundMethod(Object(Illuminate/Foundation/Application), Array, Object(Closure))
#27 C:/Users/new/Desktop/alyasheiee/vendor/laravel/framework/src/Illuminate/Container/Container.php(696): Illuminate/Container/BoundMethod::call(Object(Illuminate/Foundation/Application), Array, Array, NULL)
#28 C:/Users/new/Desktop/alyasheiee/vendor/laravel/framework/src/Illuminate/Console/Command.php(213): Illuminate/Container/Container->call(Array)
#29 C:/Users/new/Desktop/alyasheiee/vendor/symfony/console/Command/Command.php(341): Illuminate/Console/Command->execute(Object(Symfony/Component/Console/Input/ArgvInput), Object(Illuminate/Console/OutputStyle))
#30 C:/Users/new/Desktop/alyasheiee/vendor/laravel/framework/src/Illuminate/Console/Command.php(182): Symfony/Component/Console/Command/Command->run(Object(Symfony/Component/Console/Input/ArgvInput), Object(Illuminate/Console/OutputStyle))
#31 C:/Users/new/Desktop/alyasheiee/vendor/symfony/console/Application.php(1117): Illuminate/Console/Command->run(Object(Symfony/Component/Console/Input/ArgvInput), Object(Symfony/Component/Console/Output/ConsoleOutput))
#32 C:/Users/new/Desktop/alyasheiee/vendor/symfony/console/Application.php(356): Symfony/Component/Console/Application->doRunCommand(Object(Illuminate/Database/Console/Migrations/MigrateCommand), Object(Symfony/Component/Console/Input/ArgvInput), Object(Symfony/Component/Console/Output/ConsoleOutput))
#33 C:/Users/new/Desktop/alyasheiee/vendor/symfony/console/Application.php(195): Symfony/Component/Console/Application->doRun(Object(Symfony/Component/Console/Input/ArgvInput), Object(Symfony/Component/Console/Output/ConsoleOutput))
#34 C:/Users/new/Desktop/alyasheiee/vendor/laravel/framework/src/Illuminate/Foundation/Console/Kernel.php(198): Symfony/Component/Console/Application->run(Object(Symfony/Component/Console/Input/ArgvInput), Object(Symfony/Component/Console/Output/ConsoleOutput))
#35 C:/Users/new/Desktop/alyasheiee/vendor/laravel/framework/src/Illuminate/Foundation/Application.php(1235): Illuminate/Foundation/Console/Kernel->handle(Object(Symfony/Component/Console/Input/ArgvInput), Object(Symfony/Component/Console/Output/ConsoleOutput))
#36 C:/Users/new/Desktop/alyasheiee/artisan(13): Illuminate/Foundation/Application->handleCommand(Object(Symfony/Component/Console/Input/ArgvInput))
#37 {main}
"} 
[2026-06-28 15:20:29] local.ERROR: SQLSTATE[23503]: Foreign key violation: 7 ERROR:  insert or update on table "disbursement_requests" violates foreign key constraint "disbursement_requests_warehouse_id_foreign"
DETAIL:  Key (warehouse_id)=(a217e82b-cb3d-4136-8ca4-21cc1aec830e) is not present in table "warehouses". (Connection: pgsql, SQL: alter table "disbursement_requests" add constraint "disbursement_requests_warehouse_id_foreign" foreign key ("warehouse_id") references "warehouses" ("id") on delete set null) {"exception":"[object] (Illuminate\\Database\\QueryException(code: 23503): SQLSTATE[23503]: Foreign key violation: 7 ERROR:  insert or update on table \"disbursement_requests\" violates foreign key constraint \"disbursement_requests_warehouse_id_foreign\"
DETAIL:  Key (warehouse_id)=(a217e82b-cb3d-4136-8ca4-21cc1aec830e) is not present in table \"warehouses\". (Connection: pgsql, SQL: alter table \"disbursement_requests\" add constraint \"disbursement_requests_warehouse_id_foreign\" foreign key (\"warehouse_id\") references \"warehouses\" (\"id\") on delete set null) at C:/Users/new/Desktop/alyasheiee/vendor/laravel/framework/src/Illuminate/Database/Connection.php:825)
[stacktrace]
#0 C:/Users/new/Desktop/alyasheiee/vendor/laravel/framework/src/Illuminate/Database/Connection.php(779): Illuminate/Database/Connection->runQueryCallback('alter table \"di...', Array, Object(Closure))
#1 C:/Users/new/Desktop/alyasheiee/vendor/laravel/framework/src/Illuminate/Database/Connection.php(560): Illuminate/Database/Connection->run('alter table \"di...', Array, Object(Closure))
#2 C:/Users/new/Desktop/alyasheiee/vendor/laravel/framework/src/Illuminate/Database/Schema/Blueprint.php(118): Illuminate/Database/Connection->statement('alter table \"di...')
#3 C:/Users/new/Desktop/alyasheiee/vendor/laravel/framework/src/Illuminate/Database/Schema/Builder.php(564): Illuminate/Database/Schema/Blueprint->build(Object(Illuminate/Database/PostgresConnection), Object(Illuminate/Database/Schema/Grammars/PostgresGrammar))
#4 C:/Users/new/Desktop/alyasheiee/vendor/laravel/framework/src/Illuminate/Database/Schema/Builder.php(406): Illuminate/Database/Schema/Builder->build(Object(Illuminate/Database/Schema/Blueprint))
#5 C:/Users/new/Desktop/alyasheiee/vendor/laravel/framework/src/Illuminate/Support/Facades/Facade.php(361): Illuminate/Database/Schema/Builder->table('disbursement_re...', Object(Closure))
#6 C:/Users/new/Desktop/alyasheiee/database/migrations/2026_06_28_151440_modify_warehouse_id_foreign_on_disbursement_requests_table.php(14): Illuminate/Support/Facades/Facade::__callStatic('table', Array)
#7 C:/Users/new/Desktop/alyasheiee/vendor/laravel/framework/src/Illuminate/Database/Migrations/Migrator.php(507): Illuminate/Database/Migrations/Migration@anonymous->up()
#8 C:/Users/new/Desktop/alyasheiee/vendor/laravel/framework/src/Illuminate/Database/Migrations/Migrator.php(432): Illuminate/Database/Migrations/Migrator->runMethod(Object(Illuminate/Database/PostgresConnection), Object(Illuminate/Database/Migrations/Migration@anonymous), 'up')
#9 C:/Users/new/Desktop/alyasheiee/vendor/laravel/framework/src/Illuminate/Database/Concerns/ManagesTransactions.php(32): Illuminate/Database/Migrations/Migrator->Illuminate/Database/Migrations/{closure}(Object(Illuminate/Database/PostgresConnection))
#10 C:/Users/new/Desktop/alyasheiee/vendor/laravel/framework/src/Illuminate/Database/Migrations/Migrator.php(440): Illuminate/Database/Connection->transaction(Object(Closure))
#11 C:/Users/new/Desktop/alyasheiee/vendor/laravel/framework/src/Illuminate/Database/Migrations/Migrator.php(244): Illuminate/Database/Migrations/Migrator->runMigration(Object(Illuminate/Database/Migrations/Migration@anonymous), 'up')
#12 C:/Users/new/Desktop/alyasheiee/vendor/laravel/framework/src/Illuminate/Console/View/Components/Task.php(40): Illuminate/Database/Migrations/Migrator->Illuminate/Database/Migrations/{closure}()
#13 C:/Users/new/Desktop/alyasheiee/vendor/laravel/framework/src/Illuminate/Database/Migrations/Migrator.php(798): Illuminate/Console/View/Components/Task->render('2026_06_28_1514...', Object(Closure))
#14 C:/Users/new/Desktop/alyasheiee/vendor/laravel/framework/src/Illuminate/Database/Migrations/Migrator.php(244): Illuminate/Database/Migrations/Migrator->write('Illuminate//Cons...', '2026_06_28_1514...', Object(Closure))
#15 C:/Users/new/Desktop/alyasheiee/vendor/laravel/framework/src/Illuminate/Database/Migrations/Migrator.php(211): Illuminate/Database/Migrations/Migrator->runUp('C://Users//new//De...', 13, false)
#16 C:/Users/new/Desktop/alyasheiee/vendor/laravel/framework/src/Illuminate/Database/Migrations/Migrator.php(138): Illuminate/Database/Migrations/Migrator->runPending(Array, Array)
#17 C:/Users/new/Desktop/alyasheiee/vendor/laravel/framework/src/Illuminate/Database/Console/Migrations/MigrateCommand.php(117): Illuminate/Database/Migrations/Migrator->run(Array, Array)
#18 C:/Users/new/Desktop/alyasheiee/vendor/laravel/framework/src/Illuminate/Database/Migrations/Migrator.php(658): Illuminate/Database/Console/Migrations/MigrateCommand->Illuminate/Database/Console/Migrations/{closure}()
#19 C:/Users/new/Desktop/alyasheiee/vendor/laravel/framework/src/Illuminate/Database/Console/Migrations/MigrateCommand.php(110): Illuminate/Database/Migrations/Migrator->usingConnection(NULL, Object(Closure))
#20 C:/Users/new/Desktop/alyasheiee/vendor/laravel/framework/src/Illuminate/Database/Console/Migrations/MigrateCommand.php(89): Illuminate/Database/Console/Migrations/MigrateCommand->runMigrations()
#21 C:/Users/new/Desktop/alyasheiee/vendor/laravel/framework/src/Illuminate/Container/BoundMethod.php(36): Illuminate/Database/Console/Migrations/MigrateCommand->handle()
#22 C:/Users/new/Desktop/alyasheiee/vendor/laravel/framework/src/Illuminate/Container/Util.php(43): Illuminate/Container/BoundMethod::Illuminate/Container/{closure}()
#23 C:/Users/new/Desktop/alyasheiee/vendor/laravel/framework/src/Illuminate/Container/BoundMethod.php(95): Illuminate/Container/Util::unwrapIfClosure(Object(Closure))
#24 C:/Users/new/Desktop/alyasheiee/vendor/laravel/framework/src/Illuminate/Container/BoundMethod.php(35): Illuminate/Container/BoundMethod::callBoundMethod(Object(Illuminate/Foundation/Application), Array, Object(Closure))
#25 C:/Users/new/Desktop/alyasheiee/vendor/laravel/framework/src/Illuminate/Container/Container.php(696): Illuminate/Container/BoundMethod::call(Object(Illuminate/Foundation/Application), Array, Array, NULL)
#26 C:/Users/new/Desktop/alyasheiee/vendor/laravel/framework/src/Illuminate/Console/Command.php(213): Illuminate/Container/Container->call(Array)
#27 C:/Users/new/Desktop/alyasheiee/vendor/symfony/console/Command/Command.php(341): Illuminate/Console/Command->execute(Object(Symfony/Component/Console/Input/ArgvInput), Object(Illuminate/Console/OutputStyle))
#28 C:/Users/new/Desktop/alyasheiee/vendor/laravel/framework/src/Illuminate/Console/Command.php(182): Symfony/Component/Console/Command/Command->run(Object(Symfony/Component/Console/Input/ArgvInput), Object(Illuminate/Console/OutputStyle))
#29 C:/Users/new/Desktop/alyasheiee/vendor/symfony/console/Application.php(1117): Illuminate/Console/Command->run(Object(Symfony/Component/Console/Input/ArgvInput), Object(Symfony/Component/Console/Output/ConsoleOutput))
#30 C:/Users/new/Desktop/alyasheiee/vendor/symfony/console/Application.php(356): Symfony/Component/Console/Application->doRunCommand(Object(Illuminate/Database/Console/Migrations/MigrateCommand), Object(Symfony/Component/Console/Input/ArgvInput), Object(Symfony/Component/Console/Output/ConsoleOutput))
#31 C:/Users/new/Desktop/alyasheiee/vendor/symfony/console/Application.php(195): Symfony/Component/Console/Application->doRun(Object(Symfony/Component/Console/Input/ArgvInput), Object(Symfony/Component/Console/Output/ConsoleOutput))
#32 C:/Users/new/Desktop/alyasheiee/vendor/laravel/framework/src/Illuminate/Foundation/Console/Kernel.php(198): Symfony/Component/Console/Application->run(Object(Symfony/Component/Console/Input/ArgvInput), Object(Symfony/Component/Console/Output/ConsoleOutput))
#33 C:/Users/new/Desktop/alyasheiee/vendor/laravel/framework/src/Illuminate/Foundation/Application.php(1235): Illuminate/Foundation/Console/Kernel->handle(Object(Symfony/Component/Console/Input/ArgvInput), Object(Symfony/Component/Console/Output/ConsoleOutput))
#34 C:/Users/new/Desktop/alyasheiee/artisan(13): Illuminate/Foundation/Application->handleCommand(Object(Symfony/Component/Console/Input/ArgvInput))
#35 {main}

[previous exception] [object] (PDOException(code: 23503): SQLSTATE[23503]: Foreign key violation: 7 ERROR:  insert or update on table \"disbursement_requests\" violates foreign key constraint \"disbursement_requests_warehouse_id_foreign\"
DETAIL:  Key (warehouse_id)=(a217e82b-cb3d-4136-8ca4-21cc1aec830e) is not present in table \"warehouses\". at C:/Users/new/Desktop/alyasheiee/vendor/laravel/framework/src/Illuminate/Database/Connection.php:571)
[stacktrace]
#0 C:/Users/new/Desktop/alyasheiee/vendor/laravel/framework/src/Illuminate/Database/Connection.php(571): PDOStatement->execute()
#1 C:/Users/new/Desktop/alyasheiee/vendor/laravel/framework/src/Illuminate/Database/Connection.php(812): Illuminate/Database/Connection->Illuminate/Database/{closure}('alter table \"di...', Array)
#2 C:/Users/new/Desktop/alyasheiee/vendor/laravel/framework/src/Illuminate/Database/Connection.php(779): Illuminate/Database/Connection->runQueryCallback('alter table \"di...', Array, Object(Closure))
#3 C:/Users/new/Desktop/alyasheiee/vendor/laravel/framework/src/Illuminate/Database/Connection.php(560): Illuminate/Database/Connection->run('alter table \"di...', Array, Object(Closure))
#4 C:/Users/new/Desktop/alyasheiee/vendor/laravel/framework/src/Illuminate/Database/Schema/Blueprint.php(118): Illuminate/Database/Connection->statement('alter table \"di...')
#5 C:/Users/new/Desktop/alyasheiee/vendor/laravel/framework/src/Illuminate/Database/Schema/Builder.php(564): Illuminate/Database/Schema/Blueprint->build(Object(Illuminate/Database/PostgresConnection), Object(Illuminate/Database/Schema/Grammars/PostgresGrammar))
#6 C:/Users/new/Desktop/alyasheiee/vendor/laravel/framework/src/Illuminate/Database/Schema/Builder.php(406): Illuminate/Database/Schema/Builder->build(Object(Illuminate/Database/Schema/Blueprint))
#7 C:/Users/new/Desktop/alyasheiee/vendor/laravel/framework/src/Illuminate/Support/Facades/Facade.php(361): Illuminate/Database/Schema/Builder->table('disbursement_re...', Object(Closure))
#8 C:/Users/new/Desktop/alyasheiee/database/migrations/2026_06_28_151440_modify_warehouse_id_foreign_on_disbursement_requests_table.php(14): Illuminate/Support/Facades/Facade::__callStatic('table', Array)
#9 C:/Users/new/Desktop/alyasheiee/vendor/laravel/framework/src/Illuminate/Database/Migrations/Migrator.php(507): Illuminate/Database/Migrations/Migration@anonymous->up()
#10 C:/Users/new/Desktop/alyasheiee/vendor/laravel/framework/src/Illuminate/Database/Migrations/Migrator.php(432): Illuminate/Database/Migrations/Migrator->runMethod(Object(Illuminate/Database/PostgresConnection), Object(Illuminate/Database/Migrations/Migration@anonymous), 'up')
#11 C:/Users/new/Desktop/alyasheiee/vendor/laravel/framework/src/Illuminate/Database/Concerns/ManagesTransactions.php(32): Illuminate/Database/Migrations/Migrator->Illuminate/Database/Migrations/{closure}(Object(Illuminate/Database/PostgresConnection))
#12 C:/Users/new/Desktop/alyasheiee/vendor/laravel/framework/src/Illuminate/Database/Migrations/Migrator.php(440): Illuminate/Database/Connection->transaction(Object(Closure))
#13 C:/Users/new/Desktop/alyasheiee/vendor/laravel/framework/src/Illuminate/Database/Migrations/Migrator.php(244): Illuminate/Database/Migrations/Migrator->runMigration(Object(Illuminate/Database/Migrations/Migration@anonymous), 'up')
#14 C:/Users/new/Desktop/alyasheiee/vendor/laravel/framework/src/Illuminate/Console/View/Components/Task.php(40): Illuminate/Database/Migrations/Migrator->Illuminate/Database/Migrations/{closure}()
#15 C:/Users/new/Desktop/alyasheiee/vendor/laravel/framework/src/Illuminate/Database/Migrations/Migrator.php(798): Illuminate/Console/View/Components/Task->render('2026_06_28_1514...', Object(Closure))
#16 C:/Users/new/Desktop/alyasheiee/vendor/laravel/framework/src/Illuminate/Database/Migrations/Migrator.php(244): Illuminate/Database/Migrations/Migrator->write('Illuminate//Cons...', '2026_06_28_1514...', Object(Closure))
#17 C:/Users/new/Desktop/alyasheiee/vendor/laravel/framework/src/Illuminate/Database/Migrations/Migrator.php(211): Illuminate/Database/Migrations/Migrator->runUp('C://Users//new//De...', 13, false)
#18 C:/Users/new/Desktop/alyasheiee/vendor/laravel/framework/src/Illuminate/Database/Migrations/Migrator.php(138): Illuminate/Database/Migrations/Migrator->runPending(Array, Array)
#19 C:/Users/new/Desktop/alyasheiee/vendor/laravel/framework/src/Illuminate/Database/Console/Migrations/MigrateCommand.php(117): Illuminate/Database/Migrations/Migrator->run(Array, Array)
#20 C:/Users/new/Desktop/alyasheiee/vendor/laravel/framework/src/Illuminate/Database/Migrations/Migrator.php(658): Illuminate/Database/Console/Migrations/MigrateCommand->Illuminate/Database/Console/Migrations/{closure}()
#21 C:/Users/new/Desktop/alyasheiee/vendor/laravel/framework/src/Illuminate/Database/Console/Migrations/MigrateCommand.php(110): Illuminate/Database/Migrations/Migrator->usingConnection(NULL, Object(Closure))
#22 C:/Users/new/Desktop/alyasheiee/vendor/laravel/framework/src/Illuminate/Database/Console/Migrations/MigrateCommand.php(89): Illuminate/Database/Console/Migrations/MigrateCommand->runMigrations()
#23 C:/Users/new/Desktop/alyasheiee/vendor/laravel/framework/src/Illuminate/Container/BoundMethod.php(36): Illuminate/Database/Console/Migrations/MigrateCommand->handle()
#24 C:/Users/new/Desktop/alyasheiee/vendor/laravel/framework/src/Illuminate/Container/Util.php(43): Illuminate/Container/BoundMethod::Illuminate/Container/{closure}()
#25 C:/Users/new/Desktop/alyasheiee/vendor/laravel/framework/src/Illuminate/Container/BoundMethod.php(95): Illuminate/Container/Util::unwrapIfClosure(Object(Closure))
#26 C:/Users/new/Desktop/alyasheiee/vendor/laravel/framework/src/Illuminate/Container/BoundMethod.php(35): Illuminate/Container/BoundMethod::callBoundMethod(Object(Illuminate/Foundation/Application), Array, Object(Closure))
#27 C:/Users/new/Desktop/alyasheiee/vendor/laravel/framework/src/Illuminate/Container/Container.php(696): Illuminate/Container/BoundMethod::call(Object(Illuminate/Foundation/Application), Array, Array, NULL)
#28 C:/Users/new/Desktop/alyasheiee/vendor/laravel/framework/src/Illuminate/Console/Command.php(213): Illuminate/Container/Container->call(Array)
#29 C:/Users/new/Desktop/alyasheiee/vendor/symfony/console/Command/Command.php(341): Illuminate/Console/Command->execute(Object(Symfony/Component/Console/Input/ArgvInput), Object(Illuminate/Console/OutputStyle))
#30 C:/Users/new/Desktop/alyasheiee/vendor/laravel/framework/src/Illuminate/Console/Command.php(182): Symfony/Component/Console/Command/Command->run(Object(Symfony/Component/Console/Input/ArgvInput), Object(Illuminate/Console/OutputStyle))
#31 C:/Users/new/Desktop/alyasheiee/vendor/symfony/console/Application.php(1117): Illuminate/Console/Command->run(Object(Symfony/Component/Console/Input/ArgvInput), Object(Symfony/Component/Console/Output/ConsoleOutput))
#32 C:/Users/new/Desktop/alyasheiee/vendor/symfony/console/Application.php(356): Symfony/Component/Console/Application->doRunCommand(Object(Illuminate/Database/Console/Migrations/MigrateCommand), Object(Symfony/Component/Console/Input/ArgvInput), Object(Symfony/Component/Console/Output/ConsoleOutput))
#33 C:/Users/new/Desktop/alyasheiee/vendor/symfony/console/Application.php(195): Symfony/Component/Console/Application->doRun(Object(Symfony/Component/Console/Input/ArgvInput), Object(Symfony/Component/Console/Output/ConsoleOutput))
#34 C:/Users/new/Desktop/alyasheiee/vendor/laravel/framework/src/Illuminate/Foundation/Console/Kernel.php(198): Symfony/Component/Console/Application->run(Object(Symfony/Component/Console/Input/ArgvInput), Object(Symfony/Component/Console/Output/ConsoleOutput))
#35 C:/Users/new/Desktop/alyasheiee/vendor/laravel/framework/src/Illuminate/Foundation/Application.php(1235): Illuminate/Foundation/Console/Kernel->handle(Object(Symfony/Component/Console/Input/ArgvInput), Object(Symfony/Component/Console/Output/ConsoleOutput))
#36 C:/Users/new/Desktop/alyasheiee/artisan(13): Illuminate/Foundation/Application->handleCommand(Object(Symfony/Component/Console/Input/ArgvInput))
#37 {main}
"} 
[2026-06-28 15:30:13] local.ERROR: SQLSTATE[22P02]: Invalid text representation: 7 ERROR:  invalid input syntax for type bigint: "a221cd3b-8938-4e95-8975-07a3b8278c06"
CONTEXT:  unnamed portal parameter $5 = '...' (Connection: pgsql, SQL: insert into "activity_log" ("log_name", "properties", "batch_uuid", "event", "subject_id", "subject_type", "description", "updated_at", "created_at") values (default, {"attributes":{"code":"DISB-PROJ","name":"Disbursement Test Project","status":"planning","progress_percentage":0}}, ?, created, a221cd3b-8938-4e95-8975-07a3b8278c06, App\Modules\ProjectManagement\Models\Project, created, 2026-06-28 15:30:11, 2026-06-28 15:30:11) returning "id") {"exception":"[object] (Illuminate\\Database\\QueryException(code: 22P02): SQLSTATE[22P02]: Invalid text representation: 7 ERROR:  invalid input syntax for type bigint: \"a221cd3b-8938-4e95-8975-07a3b8278c06\"
CONTEXT:  unnamed portal parameter $5 = '...' (Connection: pgsql, SQL: insert into \"activity_log\" (\"log_name\", \"properties\", \"batch_uuid\", \"event\", \"subject_id\", \"subject_type\", \"description\", \"updated_at\", \"created_at\") values (default, {\"attributes\":{\"code\":\"DISB-PROJ\",\"name\":\"Disbursement Test Project\",\"status\":\"planning\",\"progress_percentage\":0}}, ?, created, a221cd3b-8938-4e95-8975-07a3b8278c06, App\\Modules\\ProjectManagement\\Models\\Project, created, 2026-06-28 15:30:11, 2026-06-28 15:30:11) returning \"id\") at C:/Users/new/Desktop/alyasheiee/vendor/laravel/framework/src/Illuminate/Database/Connection.php:825)
[stacktrace]
#0 C:/Users/new/Desktop/alyasheiee/vendor/laravel/framework/src/Illuminate/Database/Connection.php(779): Illuminate/Database/Connection->runQueryCallback('insert into \"ac...', Array, Object(Closure))
#1 C:/Users/new/Desktop/alyasheiee/vendor/laravel/framework/src/Illuminate/Database/Connection.php(398): Illuminate/Database/Connection->run('insert into \"ac...', Array, Object(Closure))
#2 C:/Users/new/Desktop/alyasheiee/vendor/laravel/framework/src/Illuminate/Database/Connection.php(385): Illuminate/Database/Connection->select('insert into \"ac...', Array, false)
#3 C:/Users/new/Desktop/alyasheiee/vendor/laravel/framework/src/Illuminate/Database/Query/Processors/PostgresProcessor.php(24): Illuminate/Database/Connection->selectFromWriteConnection('insert into \"ac...', Array)
#4 C:/Users/new/Desktop/alyasheiee/vendor/laravel/framework/src/Illuminate/Database/Query/Builder.php(3766): Illuminate/Database/Query/Processors/PostgresProcessor->processInsertGetId(Object(Illuminate/Database/Query/Builder), 'insert into \"ac...', Array, 'id')
#5 C:/Users/new/Desktop/alyasheiee/vendor/laravel/framework/src/Illuminate/Database/Eloquent/Builder.php(2120): Illuminate/Database/Query/Builder->insertGetId(Array, 'id')
#6 C:/Users/new/Desktop/alyasheiee/vendor/laravel/framework/src/Illuminate/Database/Eloquent/Model.php(1359): Illuminate/Database/Eloquent/Builder->__call('insertGetId', Array)
#7 C:/Users/new/Desktop/alyasheiee/vendor/laravel/framework/src/Illuminate/Database/Eloquent/Model.php(1324): Illuminate/Database/Eloquent/Model->insertAndSetId(Object(Illuminate/Database/Eloquent/Builder), Array)
#8 C:/Users/new/Desktop/alyasheiee/vendor/laravel/framework/src/Illuminate/Database/Eloquent/Model.php(1163): Illuminate/Database/Eloquent/Model->performInsert(Object(Illuminate/Database/Eloquent/Builder))
#9 C:/Users/new/Desktop/alyasheiee/vendor/spatie/laravel-activitylog/src/ActivityLogger.php(176): Illuminate/Database/Eloquent/Model->save()
#10 C:/Users/new/Desktop/alyasheiee/vendor/spatie/laravel-activitylog/src/Traits/LogsActivity.php(84): Spatie/Activitylog/ActivityLogger->log('created')
#11 C:/Users/new/Desktop/alyasheiee/vendor/laravel/framework/src/Illuminate/Events/Dispatcher.php(459): App/Modules/ProjectManagement/Models/Project::Spatie/Activitylog/Traits/{closure}(Object(App/Modules/ProjectManagement/Models/Project))
#12 C:/Users/new/Desktop/alyasheiee/vendor/laravel/framework/src/Illuminate/Events/Dispatcher.php(287): Illuminate/Events/Dispatcher->Illuminate/Events/{closure}('eloquent.create...', Array)
#13 C:/Users/new/Desktop/alyasheiee/vendor/laravel/framework/src/Illuminate/Events/Dispatcher.php(267): Illuminate/Events/Dispatcher->invokeListeners('eloquent.create...', Array, false)
#14 C:/Users/new/Desktop/alyasheiee/vendor/laravel/framework/src/Illuminate/Database/Eloquent/Concerns/HasEvents.php(224): Illuminate/Events/Dispatcher->dispatch('eloquent.create...', Array)
#15 C:/Users/new/Desktop/alyasheiee/vendor/laravel/framework/src/Illuminate/Database/Eloquent/Model.php(1345): Illuminate/Database/Eloquent/Model->fireModelEvent('created', false)
#16 C:/Users/new/Desktop/alyasheiee/vendor/laravel/framework/src/Illuminate/Database/Eloquent/Model.php(1163): Illuminate/Database/Eloquent/Model->performInsert(Object(Illuminate/Database/Eloquent/Builder))
#17 C:/Users/new/Desktop/alyasheiee/vendor/laravel/framework/src/Illuminate/Database/Eloquent/Builder.php(1128): Illuminate/Database/Eloquent/Model->save()
#18 C:/Users/new/Desktop/alyasheiee/vendor/laravel/framework/src/Illuminate/Support/helpers.php(399): Illuminate/Database/Eloquent/Builder->Illuminate/Database/Eloquent/{closure}(Object(App/Modules/ProjectManagement/Models/Project))
#19 C:/Users/new/Desktop/alyasheiee/vendor/laravel/framework/src/Illuminate/Database/Eloquent/Builder.php(1127): tap(Object(App/Modules/ProjectManagement/Models/Project), Object(Closure))
#20 C:/Users/new/Desktop/alyasheiee/vendor/laravel/framework/src/Illuminate/Database/Eloquent/Builder.php(634): Illuminate/Database/Eloquent/Builder->create(Array)
#21 C:/Users/new/Desktop/alyasheiee/vendor/laravel/framework/src/Illuminate/Database/Eloquent/Builder.php(1864): Illuminate/Database/Eloquent/Builder->Illuminate/Database/Eloquent/{closure}()
#22 C:/Users/new/Desktop/alyasheiee/vendor/laravel/framework/src/Illuminate/Database/Eloquent/Builder.php(634): Illuminate/Database/Eloquent/Builder->withSavepointIfNeeded(Object(Closure))
#23 C:/Users/new/Desktop/alyasheiee/vendor/laravel/framework/src/Illuminate/Database/Eloquent/Builder.php(621): Illuminate/Database/Eloquent/Builder->createOrFirst(Array, Array)
#24 C:/Users/new/Desktop/alyasheiee/vendor/laravel/framework/src/Illuminate/Support/Traits/ForwardsCalls.php(23): Illuminate/Database/Eloquent/Builder->firstOrCreate(Array, Array)
#25 C:/Users/new/Desktop/alyasheiee/vendor/laravel/framework/src/Illuminate/Database/Eloquent/Model.php(2372): Illuminate/Database/Eloquent/Model->forwardCallTo(Object(Illuminate/Database/Eloquent/Builder), 'firstOrCreate', Array)
#26 C:/Users/new/Desktop/alyasheiee/vendor/laravel/framework/src/Illuminate/Database/Eloquent/Model.php(2384): Illuminate/Database/Eloquent/Model->__call('firstOrCreate', Array)
#27 C:/Users/new/Desktop/alyasheiee/test_disbursement.php(21): Illuminate/Database/Eloquent/Model::__callStatic('firstOrCreate', Array)
#28 {main}

[previous exception] [object] (PDOException(code: 22P02): SQLSTATE[22P02]: Invalid text representation: 7 ERROR:  invalid input syntax for type bigint: \"a221cd3b-8938-4e95-8975-07a3b8278c06\"
CONTEXT:  unnamed portal parameter $5 = '...' at C:/Users/new/Desktop/alyasheiee/vendor/laravel/framework/src/Illuminate/Database/Connection.php:412)
[stacktrace]
#0 C:/Users/new/Desktop/alyasheiee/vendor/laravel/framework/src/Illuminate/Database/Connection.php(412): PDOStatement->execute()
#1 C:/Users/new/Desktop/alyasheiee/vendor/laravel/framework/src/Illuminate/Database/Connection.php(812): Illuminate/Database/Connection->Illuminate/Database/{closure}('insert into \"ac...', Array)
#2 C:/Users/new/Desktop/alyasheiee/vendor/laravel/framework/src/Illuminate/Database/Connection.php(779): Illuminate/Database/Connection->runQueryCallback('insert into \"ac...', Array, Object(Closure))
#3 C:/Users/new/Desktop/alyasheiee/vendor/laravel/framework/src/Illuminate/Database/Connection.php(398): Illuminate/Database/Connection->run('insert into \"ac...', Array, Object(Closure))
#4 C:/Users/new/Desktop/alyasheiee/vendor/laravel/framework/src/Illuminate/Database/Connection.php(385): Illuminate/Database/Connection->select('insert into \"ac...', Array, false)
#5 C:/Users/new/Desktop/alyasheiee/vendor/laravel/framework/src/Illuminate/Database/Query/Processors/PostgresProcessor.php(24): Illuminate/Database/Connection->selectFromWriteConnection('insert into \"ac...', Array)
#6 C:/Users/new/Desktop/alyasheiee/vendor/laravel/framework/src/Illuminate/Database/Query/Builder.php(3766): Illuminate/Database/Query/Processors/PostgresProcessor->processInsertGetId(Object(Illuminate/Database/Query/Builder), 'insert into \"ac...', Array, 'id')
#7 C:/Users/new/Desktop/alyasheiee/vendor/laravel/framework/src/Illuminate/Database/Eloquent/Builder.php(2120): Illuminate/Database/Query/Builder->insertGetId(Array, 'id')
#8 C:/Users/new/Desktop/alyasheiee/vendor/laravel/framework/src/Illuminate/Database/Eloquent/Model.php(1359): Illuminate/Database/Eloquent/Builder->__call('insertGetId', Array)
#9 C:/Users/new/Desktop/alyasheiee/vendor/laravel/framework/src/Illuminate/Database/Eloquent/Model.php(1324): Illuminate/Database/Eloquent/Model->insertAndSetId(Object(Illuminate/Database/Eloquent/Builder), Array)
#10 C:/Users/new/Desktop/alyasheiee/vendor/laravel/framework/src/Illuminate/Database/Eloquent/Model.php(1163): Illuminate/Database/Eloquent/Model->performInsert(Object(Illuminate/Database/Eloquent/Builder))
#11 C:/Users/new/Desktop/alyasheiee/vendor/spatie/laravel-activitylog/src/ActivityLogger.php(176): Illuminate/Database/Eloquent/Model->save()
#12 C:/Users/new/Desktop/alyasheiee/vendor/spatie/laravel-activitylog/src/Traits/LogsActivity.php(84): Spatie/Activitylog/ActivityLogger->log('created')
#13 C:/Users/new/Desktop/alyasheiee/vendor/laravel/framework/src/Illuminate/Events/Dispatcher.php(459): App/Modules/ProjectManagement/Models/Project::Spatie/Activitylog/Traits/{closure}(Object(App/Modules/ProjectManagement/Models/Project))
#14 C:/Users/new/Desktop/alyasheiee/vendor/laravel/framework/src/Illuminate/Events/Dispatcher.php(287): Illuminate/Events/Dispatcher->Illuminate/Events/{closure}('eloquent.create...', Array)
#15 C:/Users/new/Desktop/alyasheiee/vendor/laravel/framework/src/Illuminate/Events/Dispatcher.php(267): Illuminate/Events/Dispatcher->invokeListeners('eloquent.create...', Array, false)
#16 C:/Users/new/Desktop/alyasheiee/vendor/laravel/framework/src/Illuminate/Database/Eloquent/Concerns/HasEvents.php(224): Illuminate/Events/Dispatcher->dispatch('eloquent.create...', Array)
#17 C:/Users/new/Desktop/alyasheiee/vendor/laravel/framework/src/Illuminate/Database/Eloquent/Model.php(1345): Illuminate/Database/Eloquent/Model->fireModelEvent('created', false)
#18 C:/Users/new/Desktop/alyasheiee/vendor/laravel/framework/src/Illuminate/Database/Eloquent/Model.php(1163): Illuminate/Database/Eloquent/Model->performInsert(Object(Illuminate/Database/Eloquent/Builder))
#19 C:/Users/new/Desktop/alyasheiee/vendor/laravel/framework/src/Illuminate/Database/Eloquent/Builder.php(1128): Illuminate/Database/Eloquent/Model->save()
#20 C:/Users/new/Desktop/alyasheiee/vendor/laravel/framework/src/Illuminate/Support/helpers.php(399): Illuminate/Database/Eloquent/Builder->Illuminate/Database/Eloquent/{closure}(Object(App/Modules/ProjectManagement/Models/Project))
#21 C:/Users/new/Desktop/alyasheiee/vendor/laravel/framework/src/Illuminate/Database/Eloquent/Builder.php(1127): tap(Object(App/Modules/ProjectManagement/Models/Project), Object(Closure))
#22 C:/Users/new/Desktop/alyasheiee/vendor/laravel/framework/src/Illuminate/Database/Eloquent/Builder.php(634): Illuminate/Database/Eloquent/Builder->create(Array)
#23 C:/Users/new/Desktop/alyasheiee/vendor/laravel/framework/src/Illuminate/Database/Eloquent/Builder.php(1864): Illuminate/Database/Eloquent/Builder->Illuminate/Database/Eloquent/{closure}()
#24 C:/Users/new/Desktop/alyasheiee/vendor/laravel/framework/src/Illuminate/Database/Eloquent/Builder.php(634): Illuminate/Database/Eloquent/Builder->withSavepointIfNeeded(Object(Closure))
#25 C:/Users/new/Desktop/alyasheiee/vendor/laravel/framework/src/Illuminate/Database/Eloquent/Builder.php(621): Illuminate/Database/Eloquent/Builder->createOrFirst(Array, Array)
#26 C:/Users/new/Desktop/alyasheiee/vendor/laravel/framework/src/Illuminate/Support/Traits/ForwardsCalls.php(23): Illuminate/Database/Eloquent/Builder->firstOrCreate(Array, Array)
#27 C:/Users/new/Desktop/alyasheiee/vendor/laravel/framework/src/Illuminate/Database/Eloquent/Model.php(2372): Illuminate/Database/Eloquent/Model->forwardCallTo(Object(Illuminate/Database/Eloquent/Builder), 'firstOrCreate', Array)
#28 C:/Users/new/Desktop/alyasheiee/vendor/laravel/framework/src/Illuminate/Database/Eloquent/Model.php(2384): Illuminate/Database/Eloquent/Model->__call('firstOrCreate', Array)
#29 C:/Users/new/Desktop/alyasheiee/test_disbursement.php(21): Illuminate/Database/Eloquent/Model::__callStatic('firstOrCreate', Array)
#30 {main}
"} 
[2026-06-30 00:59:07] production.ERROR: The "-e" option does not exist. {"exception":"[object] (Symfony\\Component\\Console\\Exception\\RuntimeException(code: 0): The \"-e\" option does not exist. at D:/Alyasheiee/backend/vendor/symfony/console/Input/ArgvInput.php:211)
[stacktrace]
#0 D:/Alyasheiee/backend/vendor/symfony/console/Input/ArgvInput.php(113): Symfony/Component/Console/Input/ArgvInput->addShortOption('e', NULL)
#1 D:/Alyasheiee/backend/vendor/symfony/console/Input/ArgvInput.php(90): Symfony/Component/Console/Input/ArgvInput->parseShortOption('-e')
#2 D:/Alyasheiee/backend/vendor/symfony/console/Input/ArgvInput.php(77): Symfony/Component/Console/Input/ArgvInput->parseToken('-e', true)
#3 D:/Alyasheiee/backend/vendor/symfony/console/Input/Input.php(53): Symfony/Component/Console/Input/ArgvInput->parse()
#4 D:/Alyasheiee/backend/vendor/symfony/console/Command/Command.php(295): Symfony/Component/Console/Input/Input->bind(Object(Symfony/Component/Console/Input/InputDefinition))
#5 D:/Alyasheiee/backend/vendor/laravel/framework/src/Illuminate/Console/Command.php(182): Symfony/Component/Console/Command/Command->run(Object(Symfony/Component/Console/Input/ArgvInput), Object(Illuminate/Console/OutputStyle))
#6 D:/Alyasheiee/backend/vendor/symfony/console/Application.php(1117): Illuminate/Console/Command->run(Object(Symfony/Component/Console/Input/ArgvInput), Object(Symfony/Component/Console/Output/ConsoleOutput))
#7 D:/Alyasheiee/backend/vendor/symfony/console/Application.php(356): Symfony/Component/Console/Application->doRunCommand(Object(Laravel/Tinker/Console/TinkerCommand), Object(Symfony/Component/Console/Input/ArgvInput), Object(Symfony/Component/Console/Output/ConsoleOutput))
#8 D:/Alyasheiee/backend/vendor/symfony/console/Application.php(195): Symfony/Component/Console/Application->doRun(Object(Symfony/Component/Console/Input/ArgvInput), Object(Symfony/Component/Console/Output/ConsoleOutput))
#9 D:/Alyasheiee/backend/vendor/laravel/framework/src/Illuminate/Foundation/Console/Kernel.php(198): Symfony/Component/Console/Application->run(Object(Symfony/Component/Console/Input/ArgvInput), Object(Symfony/Component/Console/Output/ConsoleOutput))
#10 D:/Alyasheiee/backend/vendor/laravel/framework/src/Illuminate/Foundation/Application.php(1235): Illuminate/Foundation/Console/Kernel->handle(Object(Symfony/Component/Console/Input/ArgvInput), Object(Symfony/Component/Console/Output/ConsoleOutput))
#11 D:/Alyasheiee/backend/artisan(13): Illuminate/Foundation/Application->handleCommand(Object(Symfony/Component/Console/Input/ArgvInput))
#12 {main}
"} 
[2026-06-30 01:05:48] production.ERROR: Database file at path [D:\Alyasheiee\backend\database\database.sqlite] does not exist. Ensure this is an absolute path to the database. (Connection: sqlite, SQL: select exists (select 1 from sqlite_master where name = 'migrations' and type = 'table') as "exists") {"exception":"[object] (Illuminate\\Database\\QueryException(code: 0): Database file at path [D:\\Alyasheiee\\backend\\database\\database.sqlite] does not exist. Ensure this is an absolute path to the database. (Connection: sqlite, SQL: select exists (select 1 from sqlite_master where name = 'migrations' and type = 'table') as \"exists\") at D:/Alyasheiee/backend/vendor/laravel/framework/src/Illuminate/Database/Connection.php:825)
[stacktrace]
#0 D:/Alyasheiee/backend/vendor/laravel/framework/src/Illuminate/Database/Connection.php(779): Illuminate/Database/Connection->runQueryCallback('select exists (...', Array, Object(Closure))
#1 D:/Alyasheiee/backend/vendor/laravel/framework/src/Illuminate/Database/Connection.php(398): Illuminate/Database/Connection->run('select exists (...', Array, Object(Closure))
#2 D:/Alyasheiee/backend/vendor/laravel/framework/src/Illuminate/Database/Connection.php(344): Illuminate/Database/Connection->select('select exists (...', Array, true)
#3 D:/Alyasheiee/backend/vendor/laravel/framework/src/Illuminate/Database/Connection.php(361): Illuminate/Database/Connection->selectOne('select exists (...', Array, true)
#4 D:/Alyasheiee/backend/vendor/laravel/framework/src/Illuminate/Database/Schema/SQLiteBuilder.php(44): Illuminate/Database/Connection->scalar('select exists (...')
#5 D:/Alyasheiee/backend/vendor/laravel/framework/src/Illuminate/Database/Migrations/DatabaseMigrationRepository.php(184): Illuminate/Database/Schema/SQLiteBuilder->hasTable('migrations')
#6 D:/Alyasheiee/backend/vendor/laravel/framework/src/Illuminate/Database/Migrations/Migrator.php(742): Illuminate/Database/Migrations/DatabaseMigrationRepository->repositoryExists()
#7 D:/Alyasheiee/backend/vendor/laravel/framework/src/Illuminate/Database/Console/Migrations/FreshCommand.php(68): Illuminate/Database/Migrations/Migrator->repositoryExists()
#8 D:/Alyasheiee/backend/vendor/laravel/framework/src/Illuminate/Database/Migrations/Migrator.php(658): Illuminate/Database/Console/Migrations/FreshCommand->Illuminate/Database/Console/Migrations/{closure}()
#9 D:/Alyasheiee/backend/vendor/laravel/framework/src/Illuminate/Database/Console/Migrations/FreshCommand.php(67): Illuminate/Database/Migrations/Migrator->usingConnection(NULL, Object(Closure))
#10 D:/Alyasheiee/backend/vendor/laravel/framework/src/Illuminate/Container/BoundMethod.php(36): Illuminate/Database/Console/Migrations/FreshCommand->handle()
#11 D:/Alyasheiee/backend/vendor/laravel/framework/src/Illuminate/Container/Util.php(43): Illuminate/Container/BoundMethod::Illuminate/Container/{closure}()
#12 D:/Alyasheiee/backend/vendor/laravel/framework/src/Illuminate/Container/BoundMethod.php(95): Illuminate/Container/Util::unwrapIfClosure(Object(Closure))
#13 D:/Alyasheiee/backend/vendor/laravel/framework/src/Illuminate/Container/BoundMethod.php(35): Illuminate/Container/BoundMethod::callBoundMethod(Object(Illuminate/Foundation/Application), Array, Object(Closure))
#14 D:/Alyasheiee/backend/vendor/laravel/framework/src/Illuminate/Container/Container.php(696): Illuminate/Container/BoundMethod::call(Object(Illuminate/Foundation/Application), Array, Array, NULL)
#15 D:/Alyasheiee/backend/vendor/laravel/framework/src/Illuminate/Console/Command.php(213): Illuminate/Container/Container->call(Array)
#16 D:/Alyasheiee/backend/vendor/symfony/console/Command/Command.php(341): Illuminate/Console/Command->execute(Object(Symfony/Component/Console/Input/ArgvInput), Object(Illuminate/Console/OutputStyle))
#17 D:/Alyasheiee/backend/vendor/laravel/framework/src/Illuminate/Console/Command.php(182): Symfony/Component/Console/Command/Command->run(Object(Symfony/Component/Console/Input/ArgvInput), Object(Illuminate/Console/OutputStyle))
#18 D:/Alyasheiee/backend/vendor/symfony/console/Application.php(1117): Illuminate/Console/Command->run(Object(Symfony/Component/Console/Input/ArgvInput), Object(Symfony/Component/Console/Output/ConsoleOutput))
#19 D:/Alyasheiee/backend/vendor/symfony/console/Application.php(356): Symfony/Component/Console/Application->doRunCommand(Object(Illuminate/Database/Console/Migrations/FreshCommand), Object(Symfony/Component/Console/Input/ArgvInput), Object(Symfony/Component/Console/Output/ConsoleOutput))
#20 D:/Alyasheiee/backend/vendor/symfony/console/Application.php(195): Symfony/Component/Console/Application->doRun(Object(Symfony/Component/Console/Input/ArgvInput), Object(Symfony/Component/Console/Output/ConsoleOutput))
#21 D:/Alyasheiee/backend/vendor/laravel/framework/src/Illuminate/Foundation/Console/Kernel.php(198): Symfony/Component/Console/Application->run(Object(Symfony/Component/Console/Input/ArgvInput), Object(Symfony/Component/Console/Output/ConsoleOutput))
#22 D:/Alyasheiee/backend/vendor/laravel/framework/src/Illuminate/Foundation/Application.php(1235): Illuminate/Foundation/Console/Kernel->handle(Object(Symfony/Component/Console/Input/ArgvInput), Object(Symfony/Component/Console/Output/ConsoleOutput))
#23 D:/Alyasheiee/backend/artisan(13): Illuminate/Foundation/Application->handleCommand(Object(Symfony/Component/Console/Input/ArgvInput))
#24 {main}

[previous exception] [object] (Illuminate\\Database\\SQLiteDatabaseDoesNotExistException(code: 0): Database file at path [D:\\Alyasheiee\\backend\\database\\database.sqlite] does not exist. Ensure this is an absolute path to the database. at D:/Alyasheiee/backend/vendor/laravel/framework/src/Illuminate/Database/Connectors/SQLiteConnector.php:37)
[stacktrace]
#0 D:/Alyasheiee/backend/vendor/laravel/framework/src/Illuminate/Database/Connectors/ConnectionFactory.php(224): Illuminate/Database/Connectors/SQLiteConnector->connect(Array)
#1 [internal function]: Illuminate/Database/Connectors/ConnectionFactory->Illuminate/Database/Connectors/{closure}()
#2 D:/Alyasheiee/backend/vendor/laravel/framework/src/Illuminate/Database/Connection.php(1231): call_user_func(Object(Closure))
#3 D:/Alyasheiee/backend/vendor/laravel/framework/src/Illuminate/Database/Connection.php(1267): Illuminate/Database/Connection->getPdo()
#4 D:/Alyasheiee/backend/vendor/laravel/framework/src/Illuminate/Database/Connection.php(512): Illuminate/Database/Connection->getReadPdo()
#5 D:/Alyasheiee/backend/vendor/laravel/framework/src/Illuminate/Database/Connection.php(407): Illuminate/Database/Connection->getPdoForSelect(true)
#6 D:/Alyasheiee/backend/vendor/laravel/framework/src/Illuminate/Database/Connection.php(812): Illuminate/Database/Connection->Illuminate/Database/{closure}('select exists (...', Array)
#7 D:/Alyasheiee/backend/vendor/laravel/framework/src/Illuminate/Database/Connection.php(779): Illuminate/Database/Connection->runQueryCallback('select exists (...', Array, Object(Closure))
#8 D:/Alyasheiee/backend/vendor/laravel/framework/src/Illuminate/Database/Connection.php(398): Illuminate/Database/Connection->run('select exists (...', Array, Object(Closure))
#9 D:/Alyasheiee/backend/vendor/laravel/framework/src/Illuminate/Database/Connection.php(344): Illuminate/Database/Connection->select('select exists (...', Array, true)
#10 D:/Alyasheiee/backend/vendor/laravel/framework/src/Illuminate/Database/Connection.php(361): Illuminate/Database/Connection->selectOne('select exists (...', Array, true)
#11 D:/Alyasheiee/backend/vendor/laravel/framework/src/Illuminate/Database/Schema/SQLiteBuilder.php(44): Illuminate/Database/Connection->scalar('select exists (...')
#12 D:/Alyasheiee/backend/vendor/laravel/framework/src/Illuminate/Database/Migrations/DatabaseMigrationRepository.php(184): Illuminate/Database/Schema/SQLiteBuilder->hasTable('migrations')
#13 D:/Alyasheiee/backend/vendor/laravel/framework/src/Illuminate/Database/Migrations/Migrator.php(742): Illuminate/Database/Migrations/DatabaseMigrationRepository->repositoryExists()
#14 D:/Alyasheiee/backend/vendor/laravel/framework/src/Illuminate/Database/Console/Migrations/FreshCommand.php(68): Illuminate/Database/Migrations/Migrator->repositoryExists()
#15 D:/Alyasheiee/backend/vendor/laravel/framework/src/Illuminate/Database/Migrations/Migrator.php(658): Illuminate/Database/Console/Migrations/FreshCommand->Illuminate/Database/Console/Migrations/{closure}()
#16 D:/Alyasheiee/backend/vendor/laravel/framework/src/Illuminate/Database/Console/Migrations/FreshCommand.php(67): Illuminate/Database/Migrations/Migrator->usingConnection(NULL, Object(Closure))
#17 D:/Alyasheiee/backend/vendor/laravel/framework/src/Illuminate/Container/BoundMethod.php(36): Illuminate/Database/Console/Migrations/FreshCommand->handle()
#18 D:/Alyasheiee/backend/vendor/laravel/framework/src/Illuminate/Container/Util.php(43): Illuminate/Container/BoundMethod::Illuminate/Container/{closure}()
#19 D:/Alyasheiee/backend/vendor/laravel/framework/src/Illuminate/Container/BoundMethod.php(95): Illuminate/Container/Util::unwrapIfClosure(Object(Closure))
#20 D:/Alyasheiee/backend/vendor/laravel/framework/src/Illuminate/Container/BoundMethod.php(35): Illuminate/Container/BoundMethod::callBoundMethod(Object(Illuminate/Foundation/Application), Array, Object(Closure))
#21 D:/Alyasheiee/backend/vendor/laravel/framework/src/Illuminate/Container/Container.php(696): Illuminate/Container/BoundMethod::call(Object(Illuminate/Foundation/Application), Array, Array, NULL)
#22 D:/Alyasheiee/backend/vendor/laravel/framework/src/Illuminate/Console/Command.php(213): Illuminate/Container/Container->call(Array)
#23 D:/Alyasheiee/backend/vendor/symfony/console/Command/Command.php(341): Illuminate/Console/Command->execute(Object(Symfony/Component/Console/Input/ArgvInput), Object(Illuminate/Console/OutputStyle))
#24 D:/Alyasheiee/backend/vendor/laravel/framework/src/Illuminate/Console/Command.php(182): Symfony/Component/Console/Command/Command->run(Object(Symfony/Component/Console/Input/ArgvInput), Object(Illuminate/Console/OutputStyle))
#25 D:/Alyasheiee/backend/vendor/symfony/console/Application.php(1117): Illuminate/Console/Command->run(Object(Symfony/Component/Console/Input/ArgvInput), Object(Symfony/Component/Console/Output/ConsoleOutput))
#26 D:/Alyasheiee/backend/vendor/symfony/console/Application.php(356): Symfony/Component/Console/Application->doRunCommand(Object(Illuminate/Database/Console/Migrations/FreshCommand), Object(Symfony/Component/Console/Input/ArgvInput), Object(Symfony/Component/Console/Output/ConsoleOutput))
#27 D:/Alyasheiee/backend/vendor/symfony/console/Application.php(195): Symfony/Component/Console/Application->doRun(Object(Symfony/Component/Console/Input/ArgvInput), Object(Symfony/Component/Console/Output/ConsoleOutput))
#28 D:/Alyasheiee/backend/vendor/laravel/framework/src/Illuminate/Foundation/Console/Kernel.php(198): Symfony/Component/Console/Application->run(Object(Symfony/Component/Console/Input/ArgvInput), Object(Symfony/Component/Console/Output/ConsoleOutput))
#29 D:/Alyasheiee/backend/vendor/laravel/framework/src/Illuminate/Foundation/Application.php(1235): Illuminate/Foundation/Console/Kernel->handle(Object(Symfony/Component/Console/Input/ArgvInput), Object(Symfony/Component/Console/Output/ConsoleOutput))
#30 D:/Alyasheiee/backend/artisan(13): Illuminate/Foundation/Application->handleCommand(Object(Symfony/Component/Console/Input/ArgvInput))
#31 {main}
"} 
[2026-06-30 01:06:17] production.ERROR: Database file at path [D:\Alyasheiee\backend\database\database.sqlite] does not exist. Ensure this is an absolute path to the database. (Connection: sqlite, SQL: select exists (select 1 from sqlite_master where name = 'migrations' and type = 'table') as "exists") {"exception":"[object] (Illuminate\\Database\\QueryException(code: 0): Database file at path [D:\\Alyasheiee\\backend\\database\\database.sqlite] does not exist. Ensure this is an absolute path to the database. (Connection: sqlite, SQL: select exists (select 1 from sqlite_master where name = 'migrations' and type = 'table') as \"exists\") at D:/Alyasheiee/backend/vendor/laravel/framework/src/Illuminate/Database/Connection.php:825)
[stacktrace]
#0 D:/Alyasheiee/backend/vendor/laravel/framework/src/Illuminate/Database/Connection.php(779): Illuminate/Database/Connection->runQueryCallback('select exists (...', Array, Object(Closure))
#1 D:/Alyasheiee/backend/vendor/laravel/framework/src/Illuminate/Database/Connection.php(398): Illuminate/Database/Connection->run('select exists (...', Array, Object(Closure))
#2 D:/Alyasheiee/backend/vendor/laravel/framework/src/Illuminate/Database/Connection.php(344): Illuminate/Database/Connection->select('select exists (...', Array, true)
#3 D:/Alyasheiee/backend/vendor/laravel/framework/src/Illuminate/Database/Connection.php(361): Illuminate/Database/Connection->selectOne('select exists (...', Array, true)
#4 D:/Alyasheiee/backend/vendor/laravel/framework/src/Illuminate/Database/Schema/SQLiteBuilder.php(44): Illuminate/Database/Connection->scalar('select exists (...')
#5 D:/Alyasheiee/backend/vendor/laravel/framework/src/Illuminate/Database/Migrations/DatabaseMigrationRepository.php(184): Illuminate/Database/Schema/SQLiteBuilder->hasTable('migrations')
#6 D:/Alyasheiee/backend/vendor/laravel/framework/src/Illuminate/Database/Migrations/Migrator.php(742): Illuminate/Database/Migrations/DatabaseMigrationRepository->repositoryExists()
#7 D:/Alyasheiee/backend/vendor/laravel/framework/src/Illuminate/Database/Console/Migrations/FreshCommand.php(68): Illuminate/Database/Migrations/Migrator->repositoryExists()
#8 D:/Alyasheiee/backend/vendor/laravel/framework/src/Illuminate/Database/Migrations/Migrator.php(658): Illuminate/Database/Console/Migrations/FreshCommand->Illuminate/Database/Console/Migrations/{closure}()
#9 D:/Alyasheiee/backend/vendor/laravel/framework/src/Illuminate/Database/Console/Migrations/FreshCommand.php(67): Illuminate/Database/Migrations/Migrator->usingConnection(NULL, Object(Closure))
#10 D:/Alyasheiee/backend/vendor/laravel/framework/src/Illuminate/Container/BoundMethod.php(36): Illuminate/Database/Console/Migrations/FreshCommand->handle()
#11 D:/Alyasheiee/backend/vendor/laravel/framework/src/Illuminate/Container/Util.php(43): Illuminate/Container/BoundMethod::Illuminate/Container/{closure}()
#12 D:/Alyasheiee/backend/vendor/laravel/framework/src/Illuminate/Container/BoundMethod.php(95): Illuminate/Container/Util::unwrapIfClosure(Object(Closure))
#13 D:/Alyasheiee/backend/vendor/laravel/framework/src/Illuminate/Container/BoundMethod.php(35): Illuminate/Container/BoundMethod::callBoundMethod(Object(Illuminate/Foundation/Application), Array, Object(Closure))
#14 D:/Alyasheiee/backend/vendor/laravel/framework/src/Illuminate/Container/Container.php(696): Illuminate/Container/BoundMethod::call(Object(Illuminate/Foundation/Application), Array, Array, NULL)
#15 D:/Alyasheiee/backend/vendor/laravel/framework/src/Illuminate/Console/Command.php(213): Illuminate/Container/Container->call(Array)
#16 D:/Alyasheiee/backend/vendor/symfony/console/Command/Command.php(341): Illuminate/Console/Command->execute(Object(Symfony/Component/Console/Input/ArgvInput), Object(Illuminate/Console/OutputStyle))
#17 D:/Alyasheiee/backend/vendor/laravel/framework/src/Illuminate/Console/Command.php(182): Symfony/Component/Console/Command/Command->run(Object(Symfony/Component/Console/Input/ArgvInput), Object(Illuminate/Console/OutputStyle))
#18 D:/Alyasheiee/backend/vendor/symfony/console/Application.php(1117): Illuminate/Console/Command->run(Object(Symfony/Component/Console/Input/ArgvInput), Object(Symfony/Component/Console/Output/ConsoleOutput))
#19 D:/Alyasheiee/backend/vendor/symfony/console/Application.php(356): Symfony/Component/Console/Application->doRunCommand(Object(Illuminate/Database/Console/Migrations/FreshCommand), Object(Symfony/Component/Console/Input/ArgvInput), Object(Symfony/Component/Console/Output/ConsoleOutput))
#20 D:/Alyasheiee/backend/vendor/symfony/console/Application.php(195): Symfony/Component/Console/Application->doRun(Object(Symfony/Component/Console/Input/ArgvInput), Object(Symfony/Component/Console/Output/ConsoleOutput))
#21 D:/Alyasheiee/backend/vendor/laravel/framework/src/Illuminate/Foundation/Console/Kernel.php(198): Symfony/Component/Console/Application->run(Object(Symfony/Component/Console/Input/ArgvInput), Object(Symfony/Component/Console/Output/ConsoleOutput))
#22 D:/Alyasheiee/backend/vendor/laravel/framework/src/Illuminate/Foundation/Application.php(1235): Illuminate/Foundation/Console/Kernel->handle(Object(Symfony/Component/Console/Input/ArgvInput), Object(Symfony/Component/Console/Output/ConsoleOutput))
#23 D:/Alyasheiee/backend/artisan(13): Illuminate/Foundation/Application->handleCommand(Object(Symfony/Component/Console/Input/ArgvInput))
#24 {main}

[previous exception] [object] (Illuminate\\Database\\SQLiteDatabaseDoesNotExistException(code: 0): Database file at path [D:\\Alyasheiee\\backend\\database\\database.sqlite] does not exist. Ensure this is an absolute path to the database. at D:/Alyasheiee/backend/vendor/laravel/framework/src/Illuminate/Database/Connectors/SQLiteConnector.php:37)
[stacktrace]
#0 D:/Alyasheiee/backend/vendor/laravel/framework/src/Illuminate/Database/Connectors/ConnectionFactory.php(224): Illuminate/Database/Connectors/SQLiteConnector->connect(Array)
#1 [internal function]: Illuminate/Database/Connectors/ConnectionFactory->Illuminate/Database/Connectors/{closure}()
#2 D:/Alyasheiee/backend/vendor/laravel/framework/src/Illuminate/Database/Connection.php(1231): call_user_func(Object(Closure))
#3 D:/Alyasheiee/backend/vendor/laravel/framework/src/Illuminate/Database/Connection.php(1267): Illuminate/Database/Connection->getPdo()
#4 D:/Alyasheiee/backend/vendor/laravel/framework/src/Illuminate/Database/Connection.php(512): Illuminate/Database/Connection->getReadPdo()
#5 D:/Alyasheiee/backend/vendor/laravel/framework/src/Illuminate/Database/Connection.php(407): Illuminate/Database/Connection->getPdoForSelect(true)
#6 D:/Alyasheiee/backend/vendor/laravel/framework/src/Illuminate/Database/Connection.php(812): Illuminate/Database/Connection->Illuminate/Database/{closure}('select exists (...', Array)
#7 D:/Alyasheiee/backend/vendor/laravel/framework/src/Illuminate/Database/Connection.php(779): Illuminate/Database/Connection->runQueryCallback('select exists (...', Array, Object(Closure))
#8 D:/Alyasheiee/backend/vendor/laravel/framework/src/Illuminate/Database/Connection.php(398): Illuminate/Database/Connection->run('select exists (...', Array, Object(Closure))
#9 D:/Alyasheiee/backend/vendor/laravel/framework/src/Illuminate/Database/Connection.php(344): Illuminate/Database/Connection->select('select exists (...', Array, true)
#10 D:/Alyasheiee/backend/vendor/laravel/framework/src/Illuminate/Database/Connection.php(361): Illuminate/Database/Connection->selectOne('select exists (...', Array, true)
#11 D:/Alyasheiee/backend/vendor/laravel/framework/src/Illuminate/Database/Schema/SQLiteBuilder.php(44): Illuminate/Database/Connection->scalar('select exists (...')
#12 D:/Alyasheiee/backend/vendor/laravel/framework/src/Illuminate/Database/Migrations/DatabaseMigrationRepository.php(184): Illuminate/Database/Schema/SQLiteBuilder->hasTable('migrations')
#13 D:/Alyasheiee/backend/vendor/laravel/framework/src/Illuminate/Database/Migrations/Migrator.php(742): Illuminate/Database/Migrations/DatabaseMigrationRepository->repositoryExists()
#14 D:/Alyasheiee/backend/vendor/laravel/framework/src/Illuminate/Database/Console/Migrations/FreshCommand.php(68): Illuminate/Database/Migrations/Migrator->repositoryExists()
#15 D:/Alyasheiee/backend/vendor/laravel/framework/src/Illuminate/Database/Migrations/Migrator.php(658): Illuminate/Database/Console/Migrations/FreshCommand->Illuminate/Database/Console/Migrations/{closure}()
#16 D:/Alyasheiee/backend/vendor/laravel/framework/src/Illuminate/Database/Console/Migrations/FreshCommand.php(67): Illuminate/Database/Migrations/Migrator->usingConnection(NULL, Object(Closure))
#17 D:/Alyasheiee/backend/vendor/laravel/framework/src/Illuminate/Container/BoundMethod.php(36): Illuminate/Database/Console/Migrations/FreshCommand->handle()
#18 D:/Alyasheiee/backend/vendor/laravel/framework/src/Illuminate/Container/Util.php(43): Illuminate/Container/BoundMethod::Illuminate/Container/{closure}()
#19 D:/Alyasheiee/backend/vendor/laravel/framework/src/Illuminate/Container/BoundMethod.php(95): Illuminate/Container/Util::unwrapIfClosure(Object(Closure))
#20 D:/Alyasheiee/backend/vendor/laravel/framework/src/Illuminate/Container/BoundMethod.php(35): Illuminate/Container/BoundMethod::callBoundMethod(Object(Illuminate/Foundation/Application), Array, Object(Closure))
#21 D:/Alyasheiee/backend/vendor/laravel/framework/src/Illuminate/Container/Container.php(696): Illuminate/Container/BoundMethod::call(Object(Illuminate/Foundation/Application), Array, Array, NULL)
#22 D:/Alyasheiee/backend/vendor/laravel/framework/src/Illuminate/Console/Command.php(213): Illuminate/Container/Container->call(Array)
#23 D:/Alyasheiee/backend/vendor/symfony/console/Command/Command.php(341): Illuminate/Console/Command->execute(Object(Symfony/Component/Console/Input/ArgvInput), Object(Illuminate/Console/OutputStyle))
#24 D:/Alyasheiee/backend/vendor/laravel/framework/src/Illuminate/Console/Command.php(182): Symfony/Component/Console/Command/Command->run(Object(Symfony/Component/Console/Input/ArgvInput), Object(Illuminate/Console/OutputStyle))
#25 D:/Alyasheiee/backend/vendor/symfony/console/Application.php(1117): Illuminate/Console/Command->run(Object(Symfony/Component/Console/Input/ArgvInput), Object(Symfony/Component/Console/Output/ConsoleOutput))
#26 D:/Alyasheiee/backend/vendor/symfony/console/Application.php(356): Symfony/Component/Console/Application->doRunCommand(Object(Illuminate/Database/Console/Migrations/FreshCommand), Object(Symfony/Component/Console/Input/ArgvInput), Object(Symfony/Component/Console/Output/ConsoleOutput))
#27 D:/Alyasheiee/backend/vendor/symfony/console/Application.php(195): Symfony/Component/Console/Application->doRun(Object(Symfony/Component/Console/Input/ArgvInput), Object(Symfony/Component/Console/Output/ConsoleOutput))
#28 D:/Alyasheiee/backend/vendor/laravel/framework/src/Illuminate/Foundation/Console/Kernel.php(198): Symfony/Component/Console/Application->run(Object(Symfony/Component/Console/Input/ArgvInput), Object(Symfony/Component/Console/Output/ConsoleOutput))
#29 D:/Alyasheiee/backend/vendor/laravel/framework/src/Illuminate/Foundation/Application.php(1235): Illuminate/Foundation/Console/Kernel->handle(Object(Symfony/Component/Console/Input/ArgvInput), Object(Symfony/Component/Console/Output/ConsoleOutput))
#30 D:/Alyasheiee/backend/artisan(13): Illuminate/Foundation/Application->handleCommand(Object(Symfony/Component/Console/Input/ArgvInput))
#31 {main}
"} 
[2026-06-30 01:06:36] production.ERROR: Database file at path [D:\Alyasheiee\backend\database\database.sqlite] does not exist. Ensure this is an absolute path to the database. (Connection: sqlite, SQL: select exists (select 1 from sqlite_master where name = 'migrations' and type = 'table') as "exists") {"exception":"[object] (Illuminate\\Database\\QueryException(code: 0): Database file at path [D:\\Alyasheiee\\backend\\database\\database.sqlite] does not exist. Ensure this is an absolute path to the database. (Connection: sqlite, SQL: select exists (select 1 from sqlite_master where name = 'migrations' and type = 'table') as \"exists\") at D:/Alyasheiee/backend/vendor/laravel/framework/src/Illuminate/Database/Connection.php:825)
[stacktrace]
#0 D:/Alyasheiee/backend/vendor/laravel/framework/src/Illuminate/Database/Connection.php(779): Illuminate/Database/Connection->runQueryCallback('select exists (...', Array, Object(Closure))
#1 D:/Alyasheiee/backend/vendor/laravel/framework/src/Illuminate/Database/Connection.php(398): Illuminate/Database/Connection->run('select exists (...', Array, Object(Closure))
#2 D:/Alyasheiee/backend/vendor/laravel/framework/src/Illuminate/Database/Connection.php(344): Illuminate/Database/Connection->select('select exists (...', Array, true)
#3 D:/Alyasheiee/backend/vendor/laravel/framework/src/Illuminate/Database/Connection.php(361): Illuminate/Database/Connection->selectOne('select exists (...', Array, true)
#4 D:/Alyasheiee/backend/vendor/laravel/framework/src/Illuminate/Database/Schema/SQLiteBuilder.php(44): Illuminate/Database/Connection->scalar('select exists (...')
#5 D:/Alyasheiee/backend/vendor/laravel/framework/src/Illuminate/Database/Migrations/DatabaseMigrationRepository.php(184): Illuminate/Database/Schema/SQLiteBuilder->hasTable('migrations')
#6 D:/Alyasheiee/backend/vendor/laravel/framework/src/Illuminate/Database/Migrations/Migrator.php(742): Illuminate/Database/Migrations/DatabaseMigrationRepository->repositoryExists()
#7 D:/Alyasheiee/backend/vendor/laravel/framework/src/Illuminate/Database/Console/Migrations/FreshCommand.php(68): Illuminate/Database/Migrations/Migrator->repositoryExists()
#8 D:/Alyasheiee/backend/vendor/laravel/framework/src/Illuminate/Database/Migrations/Migrator.php(658): Illuminate/Database/Console/Migrations/FreshCommand->Illuminate/Database/Console/Migrations/{closure}()
#9 D:/Alyasheiee/backend/vendor/laravel/framework/src/Illuminate/Database/Console/Migrations/FreshCommand.php(67): Illuminate/Database/Migrations/Migrator->usingConnection(NULL, Object(Closure))
#10 D:/Alyasheiee/backend/vendor/laravel/framework/src/Illuminate/Container/BoundMethod.php(36): Illuminate/Database/Console/Migrations/FreshCommand->handle()
#11 D:/Alyasheiee/backend/vendor/laravel/framework/src/Illuminate/Container/Util.php(43): Illuminate/Container/BoundMethod::Illuminate/Container/{closure}()
#12 D:/Alyasheiee/backend/vendor/laravel/framework/src/Illuminate/Container/BoundMethod.php(95): Illuminate/Container/Util::unwrapIfClosure(Object(Closure))
#13 D:/Alyasheiee/backend/vendor/laravel/framework/src/Illuminate/Container/BoundMethod.php(35): Illuminate/Container/BoundMethod::callBoundMethod(Object(Illuminate/Foundation/Application), Array, Object(Closure))
#14 D:/Alyasheiee/backend/vendor/laravel/framework/src/Illuminate/Container/Container.php(696): Illuminate/Container/BoundMethod::call(Object(Illuminate/Foundation/Application), Array, Array, NULL)
#15 D:/Alyasheiee/backend/vendor/laravel/framework/src/Illuminate/Console/Command.php(213): Illuminate/Container/Container->call(Array)
#16 D:/Alyasheiee/backend/vendor/symfony/console/Command/Command.php(341): Illuminate/Console/Command->execute(Object(Symfony/Component/Console/Input/ArgvInput), Object(Illuminate/Console/OutputStyle))
#17 D:/Alyasheiee/backend/vendor/laravel/framework/src/Illuminate/Console/Command.php(182): Symfony/Component/Console/Command/Command->run(Object(Symfony/Component/Console/Input/ArgvInput), Object(Illuminate/Console/OutputStyle))
#18 D:/Alyasheiee/backend/vendor/symfony/console/Application.php(1117): Illuminate/Console/Command->run(Object(Symfony/Component/Console/Input/ArgvInput), Object(Symfony/Component/Console/Output/ConsoleOutput))
#19 D:/Alyasheiee/backend/vendor/symfony/console/Application.php(356): Symfony/Component/Console/Application->doRunCommand(Object(Illuminate/Database/Console/Migrations/FreshCommand), Object(Symfony/Component/Console/Input/ArgvInput), Object(Symfony/Component/Console/Output/ConsoleOutput))
#20 D:/Alyasheiee/backend/vendor/symfony/console/Application.php(195): Symfony/Component/Console/Application->doRun(Object(Symfony/Component/Console/Input/ArgvInput), Object(Symfony/Component/Console/Output/ConsoleOutput))
#21 D:/Alyasheiee/backend/vendor/laravel/framework/src/Illuminate/Foundation/Console/Kernel.php(198): Symfony/Component/Console/Application->run(Object(Symfony/Component/Console/Input/ArgvInput), Object(Symfony/Component/Console/Output/ConsoleOutput))
#22 D:/Alyasheiee/backend/vendor/laravel/framework/src/Illuminate/Foundation/Application.php(1235): Illuminate/Foundation/Console/Kernel->handle(Object(Symfony/Component/Console/Input/ArgvInput), Object(Symfony/Component/Console/Output/ConsoleOutput))
#23 D:/Alyasheiee/backend/artisan(13): Illuminate/Foundation/Application->handleCommand(Object(Symfony/Component/Console/Input/ArgvInput))
#24 {main}

[previous exception] [object] (Illuminate\\Database\\SQLiteDatabaseDoesNotExistException(code: 0): Database file at path [D:\\Alyasheiee\\backend\\database\\database.sqlite] does not exist. Ensure this is an absolute path to the database. at D:/Alyasheiee/backend/vendor/laravel/framework/src/Illuminate/Database/Connectors/SQLiteConnector.php:37)
[stacktrace]
#0 D:/Alyasheiee/backend/vendor/laravel/framework/src/Illuminate/Database/Connectors/ConnectionFactory.php(224): Illuminate/Database/Connectors/SQLiteConnector->connect(Array)
#1 [internal function]: Illuminate/Database/Connectors/ConnectionFactory->Illuminate/Database/Connectors/{closure}()
#2 D:/Alyasheiee/backend/vendor/laravel/framework/src/Illuminate/Database/Connection.php(1231): call_user_func(Object(Closure))
#3 D:/Alyasheiee/backend/vendor/laravel/framework/src/Illuminate/Database/Connection.php(1267): Illuminate/Database/Connection->getPdo()
#4 D:/Alyasheiee/backend/vendor/laravel/framework/src/Illuminate/Database/Connection.php(512): Illuminate/Database/Connection->getReadPdo()
#5 D:/Alyasheiee/backend/vendor/laravel/framework/src/Illuminate/Database/Connection.php(407): Illuminate/Database/Connection->getPdoForSelect(true)
#6 D:/Alyasheiee/backend/vendor/laravel/framework/src/Illuminate/Database/Connection.php(812): Illuminate/Database/Connection->Illuminate/Database/{closure}('select exists (...', Array)
#7 D:/Alyasheiee/backend/vendor/laravel/framework/src/Illuminate/Database/Connection.php(779): Illuminate/Database/Connection->runQueryCallback('select exists (...', Array, Object(Closure))
#8 D:/Alyasheiee/backend/vendor/laravel/framework/src/Illuminate/Database/Connection.php(398): Illuminate/Database/Connection->run('select exists (...', Array, Object(Closure))
#9 D:/Alyasheiee/backend/vendor/laravel/framework/src/Illuminate/Database/Connection.php(344): Illuminate/Database/Connection->select('select exists (...', Array, true)
#10 D:/Alyasheiee/backend/vendor/laravel/framework/src/Illuminate/Database/Connection.php(361): Illuminate/Database/Connection->selectOne('select exists (...', Array, true)
#11 D:/Alyasheiee/backend/vendor/laravel/framework/src/Illuminate/Database/Schema/SQLiteBuilder.php(44): Illuminate/Database/Connection->scalar('select exists (...')
#12 D:/Alyasheiee/backend/vendor/laravel/framework/src/Illuminate/Database/Migrations/DatabaseMigrationRepository.php(184): Illuminate/Database/Schema/SQLiteBuilder->hasTable('migrations')
#13 D:/Alyasheiee/backend/vendor/laravel/framework/src/Illuminate/Database/Migrations/Migrator.php(742): Illuminate/Database/Migrations/DatabaseMigrationRepository->repositoryExists()
#14 D:/Alyasheiee/backend/vendor/laravel/framework/src/Illuminate/Database/Console/Migrations/FreshCommand.php(68): Illuminate/Database/Migrations/Migrator->repositoryExists()
#15 D:/Alyasheiee/backend/vendor/laravel/framework/src/Illuminate/Database/Migrations/Migrator.php(658): Illuminate/Database/Console/Migrations/FreshCommand->Illuminate/Database/Console/Migrations/{closure}()
#16 D:/Alyasheiee/backend/vendor/laravel/framework/src/Illuminate/Database/Console/Migrations/FreshCommand.php(67): Illuminate/Database/Migrations/Migrator->usingConnection(NULL, Object(Closure))
#17 D:/Alyasheiee/backend/vendor/laravel/framework/src/Illuminate/Container/BoundMethod.php(36): Illuminate/Database/Console/Migrations/FreshCommand->handle()
#18 D:/Alyasheiee/backend/vendor/laravel/framework/src/Illuminate/Container/Util.php(43): Illuminate/Container/BoundMethod::Illuminate/Container/{closure}()
#19 D:/Alyasheiee/backend/vendor/laravel/framework/src/Illuminate/Container/BoundMethod.php(95): Illuminate/Container/Util::unwrapIfClosure(Object(Closure))
#20 D:/Alyasheiee/backend/vendor/laravel/framework/src/Illuminate/Container/BoundMethod.php(35): Illuminate/Container/BoundMethod::callBoundMethod(Object(Illuminate/Foundation/Application), Array, Object(Closure))
#21 D:/Alyasheiee/backend/vendor/laravel/framework/src/Illuminate/Container/Container.php(696): Illuminate/Container/BoundMethod::call(Object(Illuminate/Foundation/Application), Array, Array, NULL)
#22 D:/Alyasheiee/backend/vendor/laravel/framework/src/Illuminate/Console/Command.php(213): Illuminate/Container/Container->call(Array)
#23 D:/Alyasheiee/backend/vendor/symfony/console/Command/Command.php(341): Illuminate/Console/Command->execute(Object(Symfony/Component/Console/Input/ArgvInput), Object(Illuminate/Console/OutputStyle))
#24 D:/Alyasheiee/backend/vendor/laravel/framework/src/Illuminate/Console/Command.php(182): Symfony/Component/Console/Command/Command->run(Object(Symfony/Component/Console/Input/ArgvInput), Object(Illuminate/Console/OutputStyle))
#25 D:/Alyasheiee/backend/vendor/symfony/console/Application.php(1117): Illuminate/Console/Command->run(Object(Symfony/Component/Console/Input/ArgvInput), Object(Symfony/Component/Console/Output/ConsoleOutput))
#26 D:/Alyasheiee/backend/vendor/symfony/console/Application.php(356): Symfony/Component/Console/Application->doRunCommand(Object(Illuminate/Database/Console/Migrations/FreshCommand), Object(Symfony/Component/Console/Input/ArgvInput), Object(Symfony/Component/Console/Output/ConsoleOutput))
#27 D:/Alyasheiee/backend/vendor/symfony/console/Application.php(195): Symfony/Component/Console/Application->doRun(Object(Symfony/Component/Console/Input/ArgvInput), Object(Symfony/Component/Console/Output/ConsoleOutput))
#28 D:/Alyasheiee/backend/vendor/laravel/framework/src/Illuminate/Foundation/Console/Kernel.php(198): Symfony/Component/Console/Application->run(Object(Symfony/Component/Console/Input/ArgvInput), Object(Symfony/Component/Console/Output/ConsoleOutput))
#29 D:/Alyasheiee/backend/vendor/laravel/framework/src/Illuminate/Foundation/Application.php(1235): Illuminate/Foundation/Console/Kernel->handle(Object(Symfony/Component/Console/Input/ArgvInput), Object(Symfony/Component/Console/Output/ConsoleOutput))
#30 D:/Alyasheiee/backend/artisan(13): Illuminate/Foundation/Application->handleCommand(Object(Symfony/Component/Console/Input/ArgvInput))
#31 {main}
"} 
[2026-06-30 01:15:06] local.ERROR: SQLSTATE[08006] [7] fe_sendauth: no password supplied (Connection: pgsql, SQL: select exists (select 1 from pg_class c, pg_namespace n where n.nspname = 'public' and c.relname = 'migrations' and c.relkind in ('r', 'p') and n.oid = c.relnamespace)) {"exception":"[object] (Illuminate\\Database\\QueryException(code: 7): SQLSTATE[08006] [7] fe_sendauth: no password supplied (Connection: pgsql, SQL: select exists (select 1 from pg_class c, pg_namespace n where n.nspname = 'public' and c.relname = 'migrations' and c.relkind in ('r', 'p') and n.oid = c.relnamespace)) at D:/Alyasheiee/backend/vendor/laravel/framework/src/Illuminate/Database/Connection.php:825)
[stacktrace]
#0 D:/Alyasheiee/backend/vendor/laravel/framework/src/Illuminate/Database/Connection.php(779): Illuminate/Database/Connection->runQueryCallback('select exists (...', Array, Object(Closure))
#1 D:/Alyasheiee/backend/vendor/laravel/framework/src/Illuminate/Database/Connection.php(398): Illuminate/Database/Connection->run('select exists (...', Array, Object(Closure))
#2 D:/Alyasheiee/backend/vendor/laravel/framework/src/Illuminate/Database/Connection.php(344): Illuminate/Database/Connection->select('select exists (...', Array, true)
#3 D:/Alyasheiee/backend/vendor/laravel/framework/src/Illuminate/Database/Connection.php(361): Illuminate/Database/Connection->selectOne('select exists (...', Array, true)
#4 D:/Alyasheiee/backend/vendor/laravel/framework/src/Illuminate/Database/Schema/PostgresBuilder.php(52): Illuminate/Database/Connection->scalar('select exists (...')
#5 D:/Alyasheiee/backend/vendor/laravel/framework/src/Illuminate/Database/Migrations/DatabaseMigrationRepository.php(184): Illuminate/Database/Schema/PostgresBuilder->hasTable('migrations')
#6 D:/Alyasheiee/backend/vendor/laravel/framework/src/Illuminate/Database/Migrations/Migrator.php(742): Illuminate/Database/Migrations/DatabaseMigrationRepository->repositoryExists()
#7 D:/Alyasheiee/backend/vendor/laravel/framework/src/Illuminate/Database/Console/Migrations/FreshCommand.php(68): Illuminate/Database/Migrations/Migrator->repositoryExists()
#8 D:/Alyasheiee/backend/vendor/laravel/framework/src/Illuminate/Database/Migrations/Migrator.php(658): Illuminate/Database/Console/Migrations/FreshCommand->Illuminate/Database/Console/Migrations/{closure}()
#9 D:/Alyasheiee/backend/vendor/laravel/framework/src/Illuminate/Database/Console/Migrations/FreshCommand.php(67): Illuminate/Database/Migrations/Migrator->usingConnection(NULL, Object(Closure))
#10 D:/Alyasheiee/backend/vendor/laravel/framework/src/Illuminate/Container/BoundMethod.php(36): Illuminate/Database/Console/Migrations/FreshCommand->handle()
#11 D:/Alyasheiee/backend/vendor/laravel/framework/src/Illuminate/Container/Util.php(43): Illuminate/Container/BoundMethod::Illuminate/Container/{closure}()
#12 D:/Alyasheiee/backend/vendor/laravel/framework/src/Illuminate/Container/BoundMethod.php(95): Illuminate/Container/Util::unwrapIfClosure(Object(Closure))
#13 D:/Alyasheiee/backend/vendor/laravel/framework/src/Illuminate/Container/BoundMethod.php(35): Illuminate/Container/BoundMethod::callBoundMethod(Object(Illuminate/Foundation/Application), Array, Object(Closure))
#14 D:/Alyasheiee/backend/vendor/laravel/framework/src/Illuminate/Container/Container.php(696): Illuminate/Container/BoundMethod::call(Object(Illuminate/Foundation/Application), Array, Array, NULL)
#15 D:/Alyasheiee/backend/vendor/laravel/framework/src/Illuminate/Console/Command.php(213): Illuminate/Container/Container->call(Array)
#16 D:/Alyasheiee/backend/vendor/symfony/console/Command/Command.php(341): Illuminate/Console/Command->execute(Object(Symfony/Component/Console/Input/ArgvInput), Object(Illuminate/Console/OutputStyle))
#17 D:/Alyasheiee/backend/vendor/laravel/framework/src/Illuminate/Console/Command.php(182): Symfony/Component/Console/Command/Command->run(Object(Symfony/Component/Console/Input/ArgvInput), Object(Illuminate/Console/OutputStyle))
#18 D:/Alyasheiee/backend/vendor/symfony/console/Application.php(1117): Illuminate/Console/Command->run(Object(Symfony/Component/Console/Input/ArgvInput), Object(Symfony/Component/Console/Output/ConsoleOutput))
#19 D:/Alyasheiee/backend/vendor/symfony/console/Application.php(356): Symfony/Component/Console/Application->doRunCommand(Object(Illuminate/Database/Console/Migrations/FreshCommand), Object(Symfony/Component/Console/Input/ArgvInput), Object(Symfony/Component/Console/Output/ConsoleOutput))
#20 D:/Alyasheiee/backend/vendor/symfony/console/Application.php(195): Symfony/Component/Console/Application->doRun(Object(Symfony/Component/Console/Input/ArgvInput), Object(Symfony/Component/Console/Output/ConsoleOutput))
#21 D:/Alyasheiee/backend/vendor/laravel/framework/src/Illuminate/Foundation/Console/Kernel.php(198): Symfony/Component/Console/Application->run(Object(Symfony/Component/Console/Input/ArgvInput), Object(Symfony/Component/Console/Output/ConsoleOutput))
#22 D:/Alyasheiee/backend/vendor/laravel/framework/src/Illuminate/Foundation/Application.php(1235): Illuminate/Foundation/Console/Kernel->handle(Object(Symfony/Component/Console/Input/ArgvInput), Object(Symfony/Component/Console/Output/ConsoleOutput))
#23 D:/Alyasheiee/backend/artisan(13): Illuminate/Foundation/Application->handleCommand(Object(Symfony/Component/Console/Input/ArgvInput))
#24 {main}

[previous exception] [object] (PDOException(code: 7): SQLSTATE[08006] [7] fe_sendauth: no password supplied at D:/Alyasheiee/backend/vendor/laravel/framework/src/Illuminate/Database/Connectors/Connector.php:66)
[stacktrace]
#0 D:/Alyasheiee/backend/vendor/laravel/framework/src/Illuminate/Database/Connectors/Connector.php(66): PDO->__construct('pgsql:host=127....', 'postgres', Object(SensitiveParameterValue), Array)
#1 D:/Alyasheiee/backend/vendor/laravel/framework/src/Illuminate/Database/Connectors/Connector.php(44): Illuminate/Database/Connectors/Connector->createPdoConnection('pgsql:host=127....', 'postgres', Object(SensitiveParameterValue), Array)
#2 D:/Alyasheiee/backend/vendor/laravel/framework/src/Illuminate/Database/Connectors/PostgresConnector.php(35): Illuminate/Database/Connectors/Connector->createConnection('pgsql:host=127....', Array, Array)
#3 D:/Alyasheiee/backend/vendor/laravel/framework/src/Illuminate/Database/Connectors/ConnectionFactory.php(185): Illuminate/Database/Connectors/PostgresConnector->connect(Array)
#4 [internal function]: Illuminate/Database/Connectors/ConnectionFactory->Illuminate/Database/Connectors/{closure}()
#5 D:/Alyasheiee/backend/vendor/laravel/framework/src/Illuminate/Database/Connection.php(1231): call_user_func(Object(Closure))
#6 D:/Alyasheiee/backend/vendor/laravel/framework/src/Illuminate/Database/Connection.php(1267): Illuminate/Database/Connection->getPdo()
#7 D:/Alyasheiee/backend/vendor/laravel/framework/src/Illuminate/Database/Connection.php(512): Illuminate/Database/Connection->getReadPdo()
#8 D:/Alyasheiee/backend/vendor/laravel/framework/src/Illuminate/Database/Connection.php(407): Illuminate/Database/Connection->getPdoForSelect(true)
#9 D:/Alyasheiee/backend/vendor/laravel/framework/src/Illuminate/Database/Connection.php(812): Illuminate/Database/Connection->Illuminate/Database/{closure}('select exists (...', Array)
#10 D:/Alyasheiee/backend/vendor/laravel/framework/src/Illuminate/Database/Connection.php(779): Illuminate/Database/Connection->runQueryCallback('select exists (...', Array, Object(Closure))
#11 D:/Alyasheiee/backend/vendor/laravel/framework/src/Illuminate/Database/Connection.php(398): Illuminate/Database/Connection->run('select exists (...', Array, Object(Closure))
#12 D:/Alyasheiee/backend/vendor/laravel/framework/src/Illuminate/Database/Connection.php(344): Illuminate/Database/Connection->select('select exists (...', Array, true)
#13 D:/Alyasheiee/backend/vendor/laravel/framework/src/Illuminate/Database/Connection.php(361): Illuminate/Database/Connection->selectOne('select exists (...', Array, true)
#14 D:/Alyasheiee/backend/vendor/laravel/framework/src/Illuminate/Database/Schema/PostgresBuilder.php(52): Illuminate/Database/Connection->scalar('select exists (...')
#15 D:/Alyasheiee/backend/vendor/laravel/framework/src/Illuminate/Database/Migrations/DatabaseMigrationRepository.php(184): Illuminate/Database/Schema/PostgresBuilder->hasTable('migrations')
#16 D:/Alyasheiee/backend/vendor/laravel/framework/src/Illuminate/Database/Migrations/Migrator.php(742): Illuminate/Database/Migrations/DatabaseMigrationRepository->repositoryExists()
#17 D:/Alyasheiee/backend/vendor/laravel/framework/src/Illuminate/Database/Console/Migrations/FreshCommand.php(68): Illuminate/Database/Migrations/Migrator->repositoryExists()
#18 D:/Alyasheiee/backend/vendor/laravel/framework/src/Illuminate/Database/Migrations/Migrator.php(658): Illuminate/Database/Console/Migrations/FreshCommand->Illuminate/Database/Console/Migrations/{closure}()
#19 D:/Alyasheiee/backend/vendor/laravel/framework/src/Illuminate/Database/Console/Migrations/FreshCommand.php(67): Illuminate/Database/Migrations/Migrator->usingConnection(NULL, Object(Closure))
#20 D:/Alyasheiee/backend/vendor/laravel/framework/src/Illuminate/Container/BoundMethod.php(36): Illuminate/Database/Console/Migrations/FreshCommand->handle()
#21 D:/Alyasheiee/backend/vendor/laravel/framework/src/Illuminate/Container/Util.php(43): Illuminate/Container/BoundMethod::Illuminate/Container/{closure}()
#22 D:/Alyasheiee/backend/vendor/laravel/framework/src/Illuminate/Container/BoundMethod.php(95): Illuminate/Container/Util::unwrapIfClosure(Object(Closure))
#23 D:/Alyasheiee/backend/vendor/laravel/framework/src/Illuminate/Container/BoundMethod.php(35): Illuminate/Container/BoundMethod::callBoundMethod(Object(Illuminate/Foundation/Application), Array, Object(Closure))
#24 D:/Alyasheiee/backend/vendor/laravel/framework/src/Illuminate/Container/Container.php(696): Illuminate/Container/BoundMethod::call(Object(Illuminate/Foundation/Application), Array, Array, NULL)
#25 D:/Alyasheiee/backend/vendor/laravel/framework/src/Illuminate/Console/Command.php(213): Illuminate/Container/Container->call(Array)
#26 D:/Alyasheiee/backend/vendor/symfony/console/Command/Command.php(341): Illuminate/Console/Command->execute(Object(Symfony/Component/Console/Input/ArgvInput), Object(Illuminate/Console/OutputStyle))
#27 D:/Alyasheiee/backend/vendor/laravel/framework/src/Illuminate/Console/Command.php(182): Symfony/Component/Console/Command/Command->run(Object(Symfony/Component/Console/Input/ArgvInput), Object(Illuminate/Console/OutputStyle))
#28 D:/Alyasheiee/backend/vendor/symfony/console/Application.php(1117): Illuminate/Console/Command->run(Object(Symfony/Component/Console/Input/ArgvInput), Object(Symfony/Component/Console/Output/ConsoleOutput))
#29 D:/Alyasheiee/backend/vendor/symfony/console/Application.php(356): Symfony/Component/Console/Application->doRunCommand(Object(Illuminate/Database/Console/Migrations/FreshCommand), Object(Symfony/Component/Console/Input/ArgvInput), Object(Symfony/Component/Console/Output/ConsoleOutput))
#30 D:/Alyasheiee/backend/vendor/symfony/console/Application.php(195): Symfony/Component/Console/Application->doRun(Object(Symfony/Component/Console/Input/ArgvInput), Object(Symfony/Component/Console/Output/ConsoleOutput))
#31 D:/Alyasheiee/backend/vendor/laravel/framework/src/Illuminate/Foundation/Console/Kernel.php(198): Symfony/Component/Console/Application->run(Object(Symfony/Component/Console/Input/ArgvInput), Object(Symfony/Component/Console/Output/ConsoleOutput))
#32 D:/Alyasheiee/backend/vendor/laravel/framework/src/Illuminate/Foundation/Application.php(1235): Illuminate/Foundation/Console/Kernel->handle(Object(Symfony/Component/Console/Input/ArgvInput), Object(Symfony/Component/Console/Output/ConsoleOutput))
#33 D:/Alyasheiee/backend/artisan(13): Illuminate/Foundation/Application->handleCommand(Object(Symfony/Component/Console/Input/ArgvInput))
#34 {main}
"} 
[2026-06-30 01:15:40] local.ERROR: SQLSTATE[08006] [7] fe_sendauth: no password supplied (Connection: pgsql, SQL: select exists (select 1 from pg_class c, pg_namespace n where n.nspname = 'public' and c.relname = 'migrations' and c.relkind in ('r', 'p') and n.oid = c.relnamespace)) {"exception":"[object] (Illuminate\\Database\\QueryException(code: 7): SQLSTATE[08006] [7] fe_sendauth: no password supplied (Connection: pgsql, SQL: select exists (select 1 from pg_class c, pg_namespace n where n.nspname = 'public' and c.relname = 'migrations' and c.relkind in ('r', 'p') and n.oid = c.relnamespace)) at D:/Alyasheiee/backend/vendor/laravel/framework/src/Illuminate/Database/Connection.php:825)
[stacktrace]
#0 D:/Alyasheiee/backend/vendor/laravel/framework/src/Illuminate/Database/Connection.php(779): Illuminate/Database/Connection->runQueryCallback('select exists (...', Array, Object(Closure))
#1 D:/Alyasheiee/backend/vendor/laravel/framework/src/Illuminate/Database/Connection.php(398): Illuminate/Database/Connection->run('select exists (...', Array, Object(Closure))
#2 D:/Alyasheiee/backend/vendor/laravel/framework/src/Illuminate/Database/Connection.php(344): Illuminate/Database/Connection->select('select exists (...', Array, true)
#3 D:/Alyasheiee/backend/vendor/laravel/framework/src/Illuminate/Database/Connection.php(361): Illuminate/Database/Connection->selectOne('select exists (...', Array, true)
#4 D:/Alyasheiee/backend/vendor/laravel/framework/src/Illuminate/Database/Schema/PostgresBuilder.php(52): Illuminate/Database/Connection->scalar('select exists (...')
#5 D:/Alyasheiee/backend/vendor/laravel/framework/src/Illuminate/Database/Migrations/DatabaseMigrationRepository.php(184): Illuminate/Database/Schema/PostgresBuilder->hasTable('migrations')
#6 D:/Alyasheiee/backend/vendor/laravel/framework/src/Illuminate/Database/Migrations/Migrator.php(742): Illuminate/Database/Migrations/DatabaseMigrationRepository->repositoryExists()
#7 D:/Alyasheiee/backend/vendor/laravel/framework/src/Illuminate/Database/Console/Migrations/FreshCommand.php(68): Illuminate/Database/Migrations/Migrator->repositoryExists()
#8 D:/Alyasheiee/backend/vendor/laravel/framework/src/Illuminate/Database/Migrations/Migrator.php(658): Illuminate/Database/Console/Migrations/FreshCommand->Illuminate/Database/Console/Migrations/{closure}()
#9 D:/Alyasheiee/backend/vendor/laravel/framework/src/Illuminate/Database/Console/Migrations/FreshCommand.php(67): Illuminate/Database/Migrations/Migrator->usingConnection(NULL, Object(Closure))
#10 D:/Alyasheiee/backend/vendor/laravel/framework/src/Illuminate/Container/BoundMethod.php(36): Illuminate/Database/Console/Migrations/FreshCommand->handle()
#11 D:/Alyasheiee/backend/vendor/laravel/framework/src/Illuminate/Container/Util.php(43): Illuminate/Container/BoundMethod::Illuminate/Container/{closure}()
#12 D:/Alyasheiee/backend/vendor/laravel/framework/src/Illuminate/Container/BoundMethod.php(95): Illuminate/Container/Util::unwrapIfClosure(Object(Closure))
#13 D:/Alyasheiee/backend/vendor/laravel/framework/src/Illuminate/Container/BoundMethod.php(35): Illuminate/Container/BoundMethod::callBoundMethod(Object(Illuminate/Foundation/Application), Array, Object(Closure))
#14 D:/Alyasheiee/backend/vendor/laravel/framework/src/Illuminate/Container/Container.php(696): Illuminate/Container/BoundMethod::call(Object(Illuminate/Foundation/Application), Array, Array, NULL)
#15 D:/Alyasheiee/backend/vendor/laravel/framework/src/Illuminate/Console/Command.php(213): Illuminate/Container/Container->call(Array)
#16 D:/Alyasheiee/backend/vendor/symfony/console/Command/Command.php(341): Illuminate/Console/Command->execute(Object(Symfony/Component/Console/Input/ArgvInput), Object(Illuminate/Console/OutputStyle))
#17 D:/Alyasheiee/backend/vendor/laravel/framework/src/Illuminate/Console/Command.php(182): Symfony/Component/Console/Command/Command->run(Object(Symfony/Component/Console/Input/ArgvInput), Object(Illuminate/Console/OutputStyle))
#18 D:/Alyasheiee/backend/vendor/symfony/console/Application.php(1117): Illuminate/Console/Command->run(Object(Symfony/Component/Console/Input/ArgvInput), Object(Symfony/Component/Console/Output/ConsoleOutput))
#19 D:/Alyasheiee/backend/vendor/symfony/console/Application.php(356): Symfony/Component/Console/Application->doRunCommand(Object(Illuminate/Database/Console/Migrations/FreshCommand), Object(Symfony/Component/Console/Input/ArgvInput), Object(Symfony/Component/Console/Output/ConsoleOutput))
#20 D:/Alyasheiee/backend/vendor/symfony/console/Application.php(195): Symfony/Component/Console/Application->doRun(Object(Symfony/Component/Console/Input/ArgvInput), Object(Symfony/Component/Console/Output/ConsoleOutput))
#21 D:/Alyasheiee/backend/vendor/laravel/framework/src/Illuminate/Foundation/Console/Kernel.php(198): Symfony/Component/Console/Application->run(Object(Symfony/Component/Console/Input/ArgvInput), Object(Symfony/Component/Console/Output/ConsoleOutput))
#22 D:/Alyasheiee/backend/vendor/laravel/framework/src/Illuminate/Foundation/Application.php(1235): Illuminate/Foundation/Console/Kernel->handle(Object(Symfony/Component/Console/Input/ArgvInput), Object(Symfony/Component/Console/Output/ConsoleOutput))
#23 D:/Alyasheiee/backend/artisan(13): Illuminate/Foundation/Application->handleCommand(Object(Symfony/Component/Console/Input/ArgvInput))
#24 {main}

[previous exception] [object] (PDOException(code: 7): SQLSTATE[08006] [7] fe_sendauth: no password supplied at D:/Alyasheiee/backend/vendor/laravel/framework/src/Illuminate/Database/Connectors/Connector.php:66)
[stacktrace]
#0 D:/Alyasheiee/backend/vendor/laravel/framework/src/Illuminate/Database/Connectors/Connector.php(66): PDO->__construct('pgsql:host=127....', 'postgres', Object(SensitiveParameterValue), Array)
#1 D:/Alyasheiee/backend/vendor/laravel/framework/src/Illuminate/Database/Connectors/Connector.php(44): Illuminate/Database/Connectors/Connector->createPdoConnection('pgsql:host=127....', 'postgres', Object(SensitiveParameterValue), Array)
#2 D:/Alyasheiee/backend/vendor/laravel/framework/src/Illuminate/Database/Connectors/PostgresConnector.php(35): Illuminate/Database/Connectors/Connector->createConnection('pgsql:host=127....', Array, Array)
#3 D:/Alyasheiee/backend/vendor/laravel/framework/src/Illuminate/Database/Connectors/ConnectionFactory.php(185): Illuminate/Database/Connectors/PostgresConnector->connect(Array)
#4 [internal function]: Illuminate/Database/Connectors/ConnectionFactory->Illuminate/Database/Connectors/{closure}()
#5 D:/Alyasheiee/backend/vendor/laravel/framework/src/Illuminate/Database/Connection.php(1231): call_user_func(Object(Closure))
#6 D:/Alyasheiee/backend/vendor/laravel/framework/src/Illuminate/Database/Connection.php(1267): Illuminate/Database/Connection->getPdo()
#7 D:/Alyasheiee/backend/vendor/laravel/framework/src/Illuminate/Database/Connection.php(512): Illuminate/Database/Connection->getReadPdo()
#8 D:/Alyasheiee/backend/vendor/laravel/framework/src/Illuminate/Database/Connection.php(407): Illuminate/Database/Connection->getPdoForSelect(true)
#9 D:/Alyasheiee/backend/vendor/laravel/framework/src/Illuminate/Database/Connection.php(812): Illuminate/Database/Connection->Illuminate/Database/{closure}('select exists (...', Array)
#10 D:/Alyasheiee/backend/vendor/laravel/framework/src/Illuminate/Database/Connection.php(779): Illuminate/Database/Connection->runQueryCallback('select exists (...', Array, Object(Closure))
#11 D:/Alyasheiee/backend/vendor/laravel/framework/src/Illuminate/Database/Connection.php(398): Illuminate/Database/Connection->run('select exists (...', Array, Object(Closure))
#12 D:/Alyasheiee/backend/vendor/laravel/framework/src/Illuminate/Database/Connection.php(344): Illuminate/Database/Connection->select('select exists (...', Array, true)
#13 D:/Alyasheiee/backend/vendor/laravel/framework/src/Illuminate/Database/Connection.php(361): Illuminate/Database/Connection->selectOne('select exists (...', Array, true)
#14 D:/Alyasheiee/backend/vendor/laravel/framework/src/Illuminate/Database/Schema/PostgresBuilder.php(52): Illuminate/Database/Connection->scalar('select exists (...')
#15 D:/Alyasheiee/backend/vendor/laravel/framework/src/Illuminate/Database/Migrations/DatabaseMigrationRepository.php(184): Illuminate/Database/Schema/PostgresBuilder->hasTable('migrations')
#16 D:/Alyasheiee/backend/vendor/laravel/framework/src/Illuminate/Database/Migrations/Migrator.php(742): Illuminate/Database/Migrations/DatabaseMigrationRepository->repositoryExists()
#17 D:/Alyasheiee/backend/vendor/laravel/framework/src/Illuminate/Database/Console/Migrations/FreshCommand.php(68): Illuminate/Database/Migrations/Migrator->repositoryExists()
#18 D:/Alyasheiee/backend/vendor/laravel/framework/src/Illuminate/Database/Migrations/Migrator.php(658): Illuminate/Database/Console/Migrations/FreshCommand->Illuminate/Database/Console/Migrations/{closure}()
#19 D:/Alyasheiee/backend/vendor/laravel/framework/src/Illuminate/Database/Console/Migrations/FreshCommand.php(67): Illuminate/Database/Migrations/Migrator->usingConnection(NULL, Object(Closure))
#20 D:/Alyasheiee/backend/vendor/laravel/framework/src/Illuminate/Container/BoundMethod.php(36): Illuminate/Database/Console/Migrations/FreshCommand->handle()
#21 D:/Alyasheiee/backend/vendor/laravel/framework/src/Illuminate/Container/Util.php(43): Illuminate/Container/BoundMethod::Illuminate/Container/{closure}()
#22 D:/Alyasheiee/backend/vendor/laravel/framework/src/Illuminate/Container/BoundMethod.php(95): Illuminate/Container/Util::unwrapIfClosure(Object(Closure))
#23 D:/Alyasheiee/backend/vendor/laravel/framework/src/Illuminate/Container/BoundMethod.php(35): Illuminate/Container/BoundMethod::callBoundMethod(Object(Illuminate/Foundation/Application), Array, Object(Closure))
#24 D:/Alyasheiee/backend/vendor/laravel/framework/src/Illuminate/Container/Container.php(696): Illuminate/Container/BoundMethod::call(Object(Illuminate/Foundation/Application), Array, Array, NULL)
#25 D:/Alyasheiee/backend/vendor/laravel/framework/src/Illuminate/Console/Command.php(213): Illuminate/Container/Container->call(Array)
#26 D:/Alyasheiee/backend/vendor/symfony/console/Command/Command.php(341): Illuminate/Console/Command->execute(Object(Symfony/Component/Console/Input/ArgvInput), Object(Illuminate/Console/OutputStyle))
#27 D:/Alyasheiee/backend/vendor/laravel/framework/src/Illuminate/Console/Command.php(182): Symfony/Component/Console/Command/Command->run(Object(Symfony/Component/Console/Input/ArgvInput), Object(Illuminate/Console/OutputStyle))
#28 D:/Alyasheiee/backend/vendor/symfony/console/Application.php(1117): Illuminate/Console/Command->run(Object(Symfony/Component/Console/Input/ArgvInput), Object(Symfony/Component/Console/Output/ConsoleOutput))
#29 D:/Alyasheiee/backend/vendor/symfony/console/Application.php(356): Symfony/Component/Console/Application->doRunCommand(Object(Illuminate/Database/Console/Migrations/FreshCommand), Object(Symfony/Component/Console/Input/ArgvInput), Object(Symfony/Component/Console/Output/ConsoleOutput))
#30 D:/Alyasheiee/backend/vendor/symfony/console/Application.php(195): Symfony/Component/Console/Application->doRun(Object(Symfony/Component/Console/Input/ArgvInput), Object(Symfony/Component/Console/Output/ConsoleOutput))
#31 D:/Alyasheiee/backend/vendor/laravel/framework/src/Illuminate/Foundation/Console/Kernel.php(198): Symfony/Component/Console/Application->run(Object(Symfony/Component/Console/Input/ArgvInput), Object(Symfony/Component/Console/Output/ConsoleOutput))
#32 D:/Alyasheiee/backend/vendor/laravel/framework/src/Illuminate/Foundation/Application.php(1235): Illuminate/Foundation/Console/Kernel->handle(Object(Symfony/Component/Console/Input/ArgvInput), Object(Symfony/Component/Console/Output/ConsoleOutput))
#33 D:/Alyasheiee/backend/artisan(13): Illuminate/Foundation/Application->handleCommand(Object(Symfony/Component/Console/Input/ArgvInput))
#34 {main}
"} 
[2026-06-30 01:15:51] local.ERROR: SQLSTATE[08006] [7] fe_sendauth: no password supplied (Connection: pgsql, SQL: select exists (select 1 from pg_class c, pg_namespace n where n.nspname = 'public' and c.relname = 'migrations' and c.relkind in ('r', 'p') and n.oid = c.relnamespace)) {"exception":"[object] (Illuminate\\Database\\QueryException(code: 7): SQLSTATE[08006] [7] fe_sendauth: no password supplied (Connection: pgsql, SQL: select exists (select 1 from pg_class c, pg_namespace n where n.nspname = 'public' and c.relname = 'migrations' and c.relkind in ('r', 'p') and n.oid = c.relnamespace)) at D:/Alyasheiee/backend/vendor/laravel/framework/src/Illuminate/Database/Connection.php:825)
[stacktrace]
#0 D:/Alyasheiee/backend/vendor/laravel/framework/src/Illuminate/Database/Connection.php(779): Illuminate/Database/Connection->runQueryCallback('select exists (...', Array, Object(Closure))
#1 D:/Alyasheiee/backend/vendor/laravel/framework/src/Illuminate/Database/Connection.php(398): Illuminate/Database/Connection->run('select exists (...', Array, Object(Closure))
#2 D:/Alyasheiee/backend/vendor/laravel/framework/src/Illuminate/Database/Connection.php(344): Illuminate/Database/Connection->select('select exists (...', Array, true)
#3 D:/Alyasheiee/backend/vendor/laravel/framework/src/Illuminate/Database/Connection.php(361): Illuminate/Database/Connection->selectOne('select exists (...', Array, true)
#4 D:/Alyasheiee/backend/vendor/laravel/framework/src/Illuminate/Database/Schema/PostgresBuilder.php(52): Illuminate/Database/Connection->scalar('select exists (...')
#5 D:/Alyasheiee/backend/vendor/laravel/framework/src/Illuminate/Database/Migrations/DatabaseMigrationRepository.php(184): Illuminate/Database/Schema/PostgresBuilder->hasTable('migrations')
#6 D:/Alyasheiee/backend/vendor/laravel/framework/src/Illuminate/Database/Migrations/Migrator.php(742): Illuminate/Database/Migrations/DatabaseMigrationRepository->repositoryExists()
#7 D:/Alyasheiee/backend/vendor/laravel/framework/src/Illuminate/Database/Console/Migrations/ResetCommand.php(67): Illuminate/Database/Migrations/Migrator->repositoryExists()
#8 D:/Alyasheiee/backend/vendor/laravel/framework/src/Illuminate/Database/Migrations/Migrator.php(658): Illuminate/Database/Console/Migrations/ResetCommand->Illuminate/Database/Console/Migrations/{closure}()
#9 D:/Alyasheiee/backend/vendor/laravel/framework/src/Illuminate/Database/Console/Migrations/ResetCommand.php(63): Illuminate/Database/Migrations/Migrator->usingConnection(NULL, Object(Closure))
#10 D:/Alyasheiee/backend/vendor/laravel/framework/src/Illuminate/Container/BoundMethod.php(36): Illuminate/Database/Console/Migrations/ResetCommand->handle()
#11 D:/Alyasheiee/backend/vendor/laravel/framework/src/Illuminate/Container/Util.php(43): Illuminate/Container/BoundMethod::Illuminate/Container/{closure}()
#12 D:/Alyasheiee/backend/vendor/laravel/framework/src/Illuminate/Container/BoundMethod.php(95): Illuminate/Container/Util::unwrapIfClosure(Object(Closure))
#13 D:/Alyasheiee/backend/vendor/laravel/framework/src/Illuminate/Container/BoundMethod.php(35): Illuminate/Container/BoundMethod::callBoundMethod(Object(Illuminate/Foundation/Application), Array, Object(Closure))
#14 D:/Alyasheiee/backend/vendor/laravel/framework/src/Illuminate/Container/Container.php(696): Illuminate/Container/BoundMethod::call(Object(Illuminate/Foundation/Application), Array, Array, NULL)
#15 D:/Alyasheiee/backend/vendor/laravel/framework/src/Illuminate/Console/Command.php(213): Illuminate/Container/Container->call(Array)
#16 D:/Alyasheiee/backend/vendor/symfony/console/Command/Command.php(341): Illuminate/Console/Command->execute(Object(Symfony/Component/Console/Input/ArrayInput), Object(Illuminate/Console/OutputStyle))
#17 D:/Alyasheiee/backend/vendor/laravel/framework/src/Illuminate/Console/Command.php(182): Symfony/Component/Console/Command/Command->run(Object(Symfony/Component/Console/Input/ArrayInput), Object(Illuminate/Console/OutputStyle))
#18 D:/Alyasheiee/backend/vendor/laravel/framework/src/Illuminate/Console/Concerns/CallsCommands.php(68): Illuminate/Console/Command->run(Object(Symfony/Component/Console/Input/ArrayInput), Object(Illuminate/Console/OutputStyle))
#19 D:/Alyasheiee/backend/vendor/laravel/framework/src/Illuminate/Console/Concerns/CallsCommands.php(29): Illuminate/Console/Command->runCommand('migrate:reset', Array, Object(Illuminate/Console/OutputStyle))
#20 D:/Alyasheiee/backend/vendor/laravel/framework/src/Illuminate/Database/Console/Migrations/RefreshCommand.php(113): Illuminate/Console/Command->call('migrate:reset', Array)
#21 D:/Alyasheiee/backend/vendor/laravel/framework/src/Illuminate/Database/Console/Migrations/RefreshCommand.php(59): Illuminate/Database/Console/Migrations/RefreshCommand->runReset(NULL, Array)
#22 D:/Alyasheiee/backend/vendor/laravel/framework/src/Illuminate/Container/BoundMethod.php(36): Illuminate/Database/Console/Migrations/RefreshCommand->handle()
#23 D:/Alyasheiee/backend/vendor/laravel/framework/src/Illuminate/Container/Util.php(43): Illuminate/Container/BoundMethod::Illuminate/Container/{closure}()
#24 D:/Alyasheiee/backend/vendor/laravel/framework/src/Illuminate/Container/BoundMethod.php(95): Illuminate/Container/Util::unwrapIfClosure(Object(Closure))
#25 D:/Alyasheiee/backend/vendor/laravel/framework/src/Illuminate/Container/BoundMethod.php(35): Illuminate/Container/BoundMethod::callBoundMethod(Object(Illuminate/Foundation/Application), Array, Object(Closure))
#26 D:/Alyasheiee/backend/vendor/laravel/framework/src/Illuminate/Container/Container.php(696): Illuminate/Container/BoundMethod::call(Object(Illuminate/Foundation/Application), Array, Array, NULL)
#27 D:/Alyasheiee/backend/vendor/laravel/framework/src/Illuminate/Console/Command.php(213): Illuminate/Container/Container->call(Array)
#28 D:/Alyasheiee/backend/vendor/symfony/console/Command/Command.php(341): Illuminate/Console/Command->execute(Object(Symfony/Component/Console/Input/ArgvInput), Object(Illuminate/Console/OutputStyle))
#29 D:/Alyasheiee/backend/vendor/laravel/framework/src/Illuminate/Console/Command.php(182): Symfony/Component/Console/Command/Command->run(Object(Symfony/Component/Console/Input/ArgvInput), Object(Illuminate/Console/OutputStyle))
#30 D:/Alyasheiee/backend/vendor/symfony/console/Application.php(1117): Illuminate/Console/Command->run(Object(Symfony/Component/Console/Input/ArgvInput), Object(Symfony/Component/Console/Output/ConsoleOutput))
#31 D:/Alyasheiee/backend/vendor/symfony/console/Application.php(356): Symfony/Component/Console/Application->doRunCommand(Object(Illuminate/Database/Console/Migrations/RefreshCommand), Object(Symfony/Component/Console/Input/ArgvInput), Object(Symfony/Component/Console/Output/ConsoleOutput))
#32 D:/Alyasheiee/backend/vendor/symfony/console/Application.php(195): Symfony/Component/Console/Application->doRun(Object(Symfony/Component/Console/Input/ArgvInput), Object(Symfony/Component/Console/Output/ConsoleOutput))
#33 D:/Alyasheiee/backend/vendor/laravel/framework/src/Illuminate/Foundation/Console/Kernel.php(198): Symfony/Component/Console/Application->run(Object(Symfony/Component/Console/Input/ArgvInput), Object(Symfony/Component/Console/Output/ConsoleOutput))
#34 D:/Alyasheiee/backend/vendor/laravel/framework/src/Illuminate/Foundation/Application.php(1235): Illuminate/Foundation/Console/Kernel->handle(Object(Symfony/Component/Console/Input/ArgvInput), Object(Symfony/Component/Console/Output/ConsoleOutput))
#35 D:/Alyasheiee/backend/artisan(13): Illuminate/Foundation/Application->handleCommand(Object(Symfony/Component/Console/Input/ArgvInput))
#36 {main}

[previous exception] [object] (PDOException(code: 7): SQLSTATE[08006] [7] fe_sendauth: no password supplied at D:/Alyasheiee/backend/vendor/laravel/framework/src/Illuminate/Database/Connectors/Connector.php:66)
[stacktrace]
#0 D:/Alyasheiee/backend/vendor/laravel/framework/src/Illuminate/Database/Connectors/Connector.php(66): PDO->__construct('pgsql:host=127....', 'postgres', Object(SensitiveParameterValue), Array)
#1 D:/Alyasheiee/backend/vendor/laravel/framework/src/Illuminate/Database/Connectors/Connector.php(44): Illuminate/Database/Connectors/Connector->createPdoConnection('pgsql:host=127....', 'postgres', Object(SensitiveParameterValue), Array)
#2 D:/Alyasheiee/backend/vendor/laravel/framework/src/Illuminate/Database/Connectors/PostgresConnector.php(35): Illuminate/Database/Connectors/Connector->createConnection('pgsql:host=127....', Array, Array)
#3 D:/Alyasheiee/backend/vendor/laravel/framework/src/Illuminate/Database/Connectors/ConnectionFactory.php(185): Illuminate/Database/Connectors/PostgresConnector->connect(Array)
#4 [internal function]: Illuminate/Database/Connectors/ConnectionFactory->Illuminate/Database/Connectors/{closure}()
#5 D:/Alyasheiee/backend/vendor/laravel/framework/src/Illuminate/Database/Connection.php(1231): call_user_func(Object(Closure))
#6 D:/Alyasheiee/backend/vendor/laravel/framework/src/Illuminate/Database/Connection.php(1267): Illuminate/Database/Connection->getPdo()
#7 D:/Alyasheiee/backend/vendor/laravel/framework/src/Illuminate/Database/Connection.php(512): Illuminate/Database/Connection->getReadPdo()
#8 D:/Alyasheiee/backend/vendor/laravel/framework/src/Illuminate/Database/Connection.php(407): Illuminate/Database/Connection->getPdoForSelect(true)
#9 D:/Alyasheiee/backend/vendor/laravel/framework/src/Illuminate/Database/Connection.php(812): Illuminate/Database/Connection->Illuminate/Database/{closure}('select exists (...', Array)
#10 D:/Alyasheiee/backend/vendor/laravel/framework/src/Illuminate/Database/Connection.php(779): Illuminate/Database/Connection->runQueryCallback('select exists (...', Array, Object(Closure))
#11 D:/Alyasheiee/backend/vendor/laravel/framework/src/Illuminate/Database/Connection.php(398): Illuminate/Database/Connection->run('select exists (...', Array, Object(Closure))
#12 D:/Alyasheiee/backend/vendor/laravel/framework/src/Illuminate/Database/Connection.php(344): Illuminate/Database/Connection->select('select exists (...', Array, true)
#13 D:/Alyasheiee/backend/vendor/laravel/framework/src/Illuminate/Database/Connection.php(361): Illuminate/Database/Connection->selectOne('select exists (...', Array, true)
#14 D:/Alyasheiee/backend/vendor/laravel/framework/src/Illuminate/Database/Schema/PostgresBuilder.php(52): Illuminate/Database/Connection->scalar('select exists (...')
#15 D:/Alyasheiee/backend/vendor/laravel/framework/src/Illuminate/Database/Migrations/DatabaseMigrationRepository.php(184): Illuminate/Database/Schema/PostgresBuilder->hasTable('migrations')
#16 D:/Alyasheiee/backend/vendor/laravel/framework/src/Illuminate/Database/Migrations/Migrator.php(742): Illuminate/Database/Migrations/DatabaseMigrationRepository->repositoryExists()
#17 D:/Alyasheiee/backend/vendor/laravel/framework/src/Illuminate/Database/Console/Migrations/ResetCommand.php(67): Illuminate/Database/Migrations/Migrator->repositoryExists()
#18 D:/Alyasheiee/backend/vendor/laravel/framework/src/Illuminate/Database/Migrations/Migrator.php(658): Illuminate/Database/Console/Migrations/ResetCommand->Illuminate/Database/Console/Migrations/{closure}()
#19 D:/Alyasheiee/backend/vendor/laravel/framework/src/Illuminate/Database/Console/Migrations/ResetCommand.php(63): Illuminate/Database/Migrations/Migrator->usingConnection(NULL, Object(Closure))
#20 D:/Alyasheiee/backend/vendor/laravel/framework/src/Illuminate/Container/BoundMethod.php(36): Illuminate/Database/Console/Migrations/ResetCommand->handle()
#21 D:/Alyasheiee/backend/vendor/laravel/framework/src/Illuminate/Container/Util.php(43): Illuminate/Container/BoundMethod::Illuminate/Container/{closure}()
#22 D:/Alyasheiee/backend/vendor/laravel/framework/src/Illuminate/Container/BoundMethod.php(95): Illuminate/Container/Util::unwrapIfClosure(Object(Closure))
#23 D:/Alyasheiee/backend/vendor/laravel/framework/src/Illuminate/Container/BoundMethod.php(35): Illuminate/Container/BoundMethod::callBoundMethod(Object(Illuminate/Foundation/Application), Array, Object(Closure))
#24 D:/Alyasheiee/backend/vendor/laravel/framework/src/Illuminate/Container/Container.php(696): Illuminate/Container/BoundMethod::call(Object(Illuminate/Foundation/Application), Array, Array, NULL)
#25 D:/Alyasheiee/backend/vendor/laravel/framework/src/Illuminate/Console/Command.php(213): Illuminate/Container/Container->call(Array)
#26 D:/Alyasheiee/backend/vendor/symfony/console/Command/Command.php(341): Illuminate/Console/Command->execute(Object(Symfony/Component/Console/Input/ArrayInput), Object(Illuminate/Console/OutputStyle))
#27 D:/Alyasheiee/backend/vendor/laravel/framework/src/Illuminate/Console/Command.php(182): Symfony/Component/Console/Command/Command->run(Object(Symfony/Component/Console/Input/ArrayInput), Object(Illuminate/Console/OutputStyle))
#28 D:/Alyasheiee/backend/vendor/laravel/framework/src/Illuminate/Console/Concerns/CallsCommands.php(68): Illuminate/Console/Command->run(Object(Symfony/Component/Console/Input/ArrayInput), Object(Illuminate/Console/OutputStyle))
#29 D:/Alyasheiee/backend/vendor/laravel/framework/src/Illuminate/Console/Concerns/CallsCommands.php(29): Illuminate/Console/Command->runCommand('migrate:reset', Array, Object(Illuminate/Console/OutputStyle))
#30 D:/Alyasheiee/backend/vendor/laravel/framework/src/Illuminate/Database/Console/Migrations/RefreshCommand.php(113): Illuminate/Console/Command->call('migrate:reset', Array)
#31 D:/Alyasheiee/backend/vendor/laravel/framework/src/Illuminate/Database/Console/Migrations/RefreshCommand.php(59): Illuminate/Database/Console/Migrations/RefreshCommand->runReset(NULL, Array)
#32 D:/Alyasheiee/backend/vendor/laravel/framework/src/Illuminate/Container/BoundMethod.php(36): Illuminate/Database/Console/Migrations/RefreshCommand->handle()
#33 D:/Alyasheiee/backend/vendor/laravel/framework/src/Illuminate/Container/Util.php(43): Illuminate/Container/BoundMethod::Illuminate/Container/{closure}()
#34 D:/Alyasheiee/backend/vendor/laravel/framework/src/Illuminate/Container/BoundMethod.php(95): Illuminate/Container/Util::unwrapIfClosure(Object(Closure))
#35 D:/Alyasheiee/backend/vendor/laravel/framework/src/Illuminate/Container/BoundMethod.php(35): Illuminate/Container/BoundMethod::callBoundMethod(Object(Illuminate/Foundation/Application), Array, Object(Closure))
#36 D:/Alyasheiee/backend/vendor/laravel/framework/src/Illuminate/Container/Container.php(696): Illuminate/Container/BoundMethod::call(Object(Illuminate/Foundation/Application), Array, Array, NULL)
#37 D:/Alyasheiee/backend/vendor/laravel/framework/src/Illuminate/Console/Command.php(213): Illuminate/Container/Container->call(Array)
#38 D:/Alyasheiee/backend/vendor/symfony/console/Command/Command.php(341): Illuminate/Console/Command->execute(Object(Symfony/Component/Console/Input/ArgvInput), Object(Illuminate/Console/OutputStyle))
#39 D:/Alyasheiee/backend/vendor/laravel/framework/src/Illuminate/Console/Command.php(182): Symfony/Component/Console/Command/Command->run(Object(Symfony/Component/Console/Input/ArgvInput), Object(Illuminate/Console/OutputStyle))
#40 D:/Alyasheiee/backend/vendor/symfony/console/Application.php(1117): Illuminate/Console/Command->run(Object(Symfony/Component/Console/Input/ArgvInput), Object(Symfony/Component/Console/Output/ConsoleOutput))
#41 D:/Alyasheiee/backend/vendor/symfony/console/Application.php(356): Symfony/Component/Console/Application->doRunCommand(Object(Illuminate/Database/Console/Migrations/RefreshCommand), Object(Symfony/Component/Console/Input/ArgvInput), Object(Symfony/Component/Console/Output/ConsoleOutput))
#42 D:/Alyasheiee/backend/vendor/symfony/console/Application.php(195): Symfony/Component/Console/Application->doRun(Object(Symfony/Component/Console/Input/ArgvInput), Object(Symfony/Component/Console/Output/ConsoleOutput))
#43 D:/Alyasheiee/backend/vendor/laravel/framework/src/Illuminate/Foundation/Console/Kernel.php(198): Symfony/Component/Console/Application->run(Object(Symfony/Component/Console/Input/ArgvInput), Object(Symfony/Component/Console/Output/ConsoleOutput))
#44 D:/Alyasheiee/backend/vendor/laravel/framework/src/Illuminate/Foundation/Application.php(1235): Illuminate/Foundation/Console/Kernel->handle(Object(Symfony/Component/Console/Input/ArgvInput), Object(Symfony/Component/Console/Output/ConsoleOutput))
#45 D:/Alyasheiee/backend/artisan(13): Illuminate/Foundation/Application->handleCommand(Object(Symfony/Component/Console/Input/ArgvInput))
#46 {main}
"} 
[2026-06-30 01:18:03] local.ERROR: SQLSTATE[08006] [7] FATAL:  database "erp_system" does not exist (Connection: pgsql, SQL: select exists (select 1 from pg_class c, pg_namespace n where n.nspname = 'public' and c.relname = 'migrations' and c.relkind in ('r', 'p') and n.oid = c.relnamespace)) {"exception":"[object] (Illuminate\\Database\\QueryException(code: 7): SQLSTATE[08006] [7] FATAL:  database \"erp_system\" does not exist (Connection: pgsql, SQL: select exists (select 1 from pg_class c, pg_namespace n where n.nspname = 'public' and c.relname = 'migrations' and c.relkind in ('r', 'p') and n.oid = c.relnamespace)) at D:/Alyasheiee/backend/vendor/laravel/framework/src/Illuminate/Database/Connection.php:825)
[stacktrace]
#0 D:/Alyasheiee/backend/vendor/laravel/framework/src/Illuminate/Database/Connection.php(779): Illuminate/Database/Connection->runQueryCallback('select exists (...', Array, Object(Closure))
#1 D:/Alyasheiee/backend/vendor/laravel/framework/src/Illuminate/Database/Connection.php(398): Illuminate/Database/Connection->run('select exists (...', Array, Object(Closure))
#2 D:/Alyasheiee/backend/vendor/laravel/framework/src/Illuminate/Database/Connection.php(344): Illuminate/Database/Connection->select('select exists (...', Array, true)
#3 D:/Alyasheiee/backend/vendor/laravel/framework/src/Illuminate/Database/Connection.php(361): Illuminate/Database/Connection->selectOne('select exists (...', Array, true)
#4 D:/Alyasheiee/backend/vendor/laravel/framework/src/Illuminate/Database/Schema/PostgresBuilder.php(52): Illuminate/Database/Connection->scalar('select exists (...')
#5 D:/Alyasheiee/backend/vendor/laravel/framework/src/Illuminate/Database/Migrations/DatabaseMigrationRepository.php(184): Illuminate/Database/Schema/PostgresBuilder->hasTable('migrations')
#6 D:/Alyasheiee/backend/vendor/laravel/framework/src/Illuminate/Database/Migrations/Migrator.php(742): Illuminate/Database/Migrations/DatabaseMigrationRepository->repositoryExists()
#7 D:/Alyasheiee/backend/vendor/laravel/framework/src/Illuminate/Database/Console/Migrations/FreshCommand.php(68): Illuminate/Database/Migrations/Migrator->repositoryExists()
#8 D:/Alyasheiee/backend/vendor/laravel/framework/src/Illuminate/Database/Migrations/Migrator.php(658): Illuminate/Database/Console/Migrations/FreshCommand->Illuminate/Database/Console/Migrations/{closure}()
#9 D:/Alyasheiee/backend/vendor/laravel/framework/src/Illuminate/Database/Console/Migrations/FreshCommand.php(67): Illuminate/Database/Migrations/Migrator->usingConnection(NULL, Object(Closure))
#10 D:/Alyasheiee/backend/vendor/laravel/framework/src/Illuminate/Container/BoundMethod.php(36): Illuminate/Database/Console/Migrations/FreshCommand->handle()
#11 D:/Alyasheiee/backend/vendor/laravel/framework/src/Illuminate/Container/Util.php(43): Illuminate/Container/BoundMethod::Illuminate/Container/{closure}()
#12 D:/Alyasheiee/backend/vendor/laravel/framework/src/Illuminate/Container/BoundMethod.php(95): Illuminate/Container/Util::unwrapIfClosure(Object(Closure))
#13 D:/Alyasheiee/backend/vendor/laravel/framework/src/Illuminate/Container/BoundMethod.php(35): Illuminate/Container/BoundMethod::callBoundMethod(Object(Illuminate/Foundation/Application), Array, Object(Closure))
#14 D:/Alyasheiee/backend/vendor/laravel/framework/src/Illuminate/Container/Container.php(696): Illuminate/Container/BoundMethod::call(Object(Illuminate/Foundation/Application), Array, Array, NULL)
#15 D:/Alyasheiee/backend/vendor/laravel/framework/src/Illuminate/Console/Command.php(213): Illuminate/Container/Container->call(Array)
#16 D:/Alyasheiee/backend/vendor/symfony/console/Command/Command.php(341): Illuminate/Console/Command->execute(Object(Symfony/Component/Console/Input/ArgvInput), Object(Illuminate/Console/OutputStyle))
#17 D:/Alyasheiee/backend/vendor/laravel/framework/src/Illuminate/Console/Command.php(182): Symfony/Component/Console/Command/Command->run(Object(Symfony/Component/Console/Input/ArgvInput), Object(Illuminate/Console/OutputStyle))
#18 D:/Alyasheiee/backend/vendor/symfony/console/Application.php(1117): Illuminate/Console/Command->run(Object(Symfony/Component/Console/Input/ArgvInput), Object(Symfony/Component/Console/Output/ConsoleOutput))
#19 D:/Alyasheiee/backend/vendor/symfony/console/Application.php(356): Symfony/Component/Console/Application->doRunCommand(Object(Illuminate/Database/Console/Migrations/FreshCommand), Object(Symfony/Component/Console/Input/ArgvInput), Object(Symfony/Component/Console/Output/ConsoleOutput))
#20 D:/Alyasheiee/backend/vendor/symfony/console/Application.php(195): Symfony/Component/Console/Application->doRun(Object(Symfony/Component/Console/Input/ArgvInput), Object(Symfony/Component/Console/Output/ConsoleOutput))
#21 D:/Alyasheiee/backend/vendor/laravel/framework/src/Illuminate/Foundation/Console/Kernel.php(198): Symfony/Component/Console/Application->run(Object(Symfony/Component/Console/Input/ArgvInput), Object(Symfony/Component/Console/Output/ConsoleOutput))
#22 D:/Alyasheiee/backend/vendor/laravel/framework/src/Illuminate/Foundation/Application.php(1235): Illuminate/Foundation/Console/Kernel->handle(Object(Symfony/Component/Console/Input/ArgvInput), Object(Symfony/Component/Console/Output/ConsoleOutput))
#23 D:/Alyasheiee/backend/artisan(13): Illuminate/Foundation/Application->handleCommand(Object(Symfony/Component/Console/Input/ArgvInput))
#24 {main}

[previous exception] [object] (PDOException(code: 7): SQLSTATE[08006] [7] FATAL:  database \"erp_system\" does not exist at D:/Alyasheiee/backend/vendor/laravel/framework/src/Illuminate/Database/Connectors/Connector.php:66)
[stacktrace]
#0 D:/Alyasheiee/backend/vendor/laravel/framework/src/Illuminate/Database/Connectors/Connector.php(66): PDO->__construct('pgsql:host=127....', 'postgres', Object(SensitiveParameterValue), Array)
#1 D:/Alyasheiee/backend/vendor/laravel/framework/src/Illuminate/Database/Connectors/Connector.php(44): Illuminate/Database/Connectors/Connector->createPdoConnection('pgsql:host=127....', 'postgres', Object(SensitiveParameterValue), Array)
#2 D:/Alyasheiee/backend/vendor/laravel/framework/src/Illuminate/Database/Connectors/PostgresConnector.php(35): Illuminate/Database/Connectors/Connector->createConnection('pgsql:host=127....', Array, Array)
#3 D:/Alyasheiee/backend/vendor/laravel/framework/src/Illuminate/Database/Connectors/ConnectionFactory.php(185): Illuminate/Database/Connectors/PostgresConnector->connect(Array)
#4 [internal function]: Illuminate/Database/Connectors/ConnectionFactory->Illuminate/Database/Connectors/{closure}()
#5 D:/Alyasheiee/backend/vendor/laravel/framework/src/Illuminate/Database/Connection.php(1231): call_user_func(Object(Closure))
#6 D:/Alyasheiee/backend/vendor/laravel/framework/src/Illuminate/Database/Connection.php(1267): Illuminate/Database/Connection->getPdo()
#7 D:/Alyasheiee/backend/vendor/laravel/framework/src/Illuminate/Database/Connection.php(512): Illuminate/Database/Connection->getReadPdo()
#8 D:/Alyasheiee/backend/vendor/laravel/framework/src/Illuminate/Database/Connection.php(407): Illuminate/Database/Connection->getPdoForSelect(true)
#9 D:/Alyasheiee/backend/vendor/laravel/framework/src/Illuminate/Database/Connection.php(812): Illuminate/Database/Connection->Illuminate/Database/{closure}('select exists (...', Array)
#10 D:/Alyasheiee/backend/vendor/laravel/framework/src/Illuminate/Database/Connection.php(779): Illuminate/Database/Connection->runQueryCallback('select exists (...', Array, Object(Closure))
#11 D:/Alyasheiee/backend/vendor/laravel/framework/src/Illuminate/Database/Connection.php(398): Illuminate/Database/Connection->run('select exists (...', Array, Object(Closure))
#12 D:/Alyasheiee/backend/vendor/laravel/framework/src/Illuminate/Database/Connection.php(344): Illuminate/Database/Connection->select('select exists (...', Array, true)
#13 D:/Alyasheiee/backend/vendor/laravel/framework/src/Illuminate/Database/Connection.php(361): Illuminate/Database/Connection->selectOne('select exists (...', Array, true)
#14 D:/Alyasheiee/backend/vendor/laravel/framework/src/Illuminate/Database/Schema/PostgresBuilder.php(52): Illuminate/Database/Connection->scalar('select exists (...')
#15 D:/Alyasheiee/backend/vendor/laravel/framework/src/Illuminate/Database/Migrations/DatabaseMigrationRepository.php(184): Illuminate/Database/Schema/PostgresBuilder->hasTable('migrations')
#16 D:/Alyasheiee/backend/vendor/laravel/framework/src/Illuminate/Database/Migrations/Migrator.php(742): Illuminate/Database/Migrations/DatabaseMigrationRepository->repositoryExists()
#17 D:/Alyasheiee/backend/vendor/laravel/framework/src/Illuminate/Database/Console/Migrations/FreshCommand.php(68): Illuminate/Database/Migrations/Migrator->repositoryExists()
#18 D:/Alyasheiee/backend/vendor/laravel/framework/src/Illuminate/Database/Migrations/Migrator.php(658): Illuminate/Database/Console/Migrations/FreshCommand->Illuminate/Database/Console/Migrations/{closure}()
#19 D:/Alyasheiee/backend/vendor/laravel/framework/src/Illuminate/Database/Console/Migrations/FreshCommand.php(67): Illuminate/Database/Migrations/Migrator->usingConnection(NULL, Object(Closure))
#20 D:/Alyasheiee/backend/vendor/laravel/framework/src/Illuminate/Container/BoundMethod.php(36): Illuminate/Database/Console/Migrations/FreshCommand->handle()
#21 D:/Alyasheiee/backend/vendor/laravel/framework/src/Illuminate/Container/Util.php(43): Illuminate/Container/BoundMethod::Illuminate/Container/{closure}()
#22 D:/Alyasheiee/backend/vendor/laravel/framework/src/Illuminate/Container/BoundMethod.php(95): Illuminate/Container/Util::unwrapIfClosure(Object(Closure))
#23 D:/Alyasheiee/backend/vendor/laravel/framework/src/Illuminate/Container/BoundMethod.php(35): Illuminate/Container/BoundMethod::callBoundMethod(Object(Illuminate/Foundation/Application), Array, Object(Closure))
#24 D:/Alyasheiee/backend/vendor/laravel/framework/src/Illuminate/Container/Container.php(696): Illuminate/Container/BoundMethod::call(Object(Illuminate/Foundation/Application), Array, Array, NULL)
#25 D:/Alyasheiee/backend/vendor/laravel/framework/src/Illuminate/Console/Command.php(213): Illuminate/Container/Container->call(Array)
#26 D:/Alyasheiee/backend/vendor/symfony/console/Command/Command.php(341): Illuminate/Console/Command->execute(Object(Symfony/Component/Console/Input/ArgvInput), Object(Illuminate/Console/OutputStyle))
#27 D:/Alyasheiee/backend/vendor/laravel/framework/src/Illuminate/Console/Command.php(182): Symfony/Component/Console/Command/Command->run(Object(Symfony/Component/Console/Input/ArgvInput), Object(Illuminate/Console/OutputStyle))
#28 D:/Alyasheiee/backend/vendor/symfony/console/Application.php(1117): Illuminate/Console/Command->run(Object(Symfony/Component/Console/Input/ArgvInput), Object(Symfony/Component/Console/Output/ConsoleOutput))
#29 D:/Alyasheiee/backend/vendor/symfony/console/Application.php(356): Symfony/Component/Console/Application->doRunCommand(Object(Illuminate/Database/Console/Migrations/FreshCommand), Object(Symfony/Component/Console/Input/ArgvInput), Object(Symfony/Component/Console/Output/ConsoleOutput))
#30 D:/Alyasheiee/backend/vendor/symfony/console/Application.php(195): Symfony/Component/Console/Application->doRun(Object(Symfony/Component/Console/Input/ArgvInput), Object(Symfony/Component/Console/Output/ConsoleOutput))
#31 D:/Alyasheiee/backend/vendor/laravel/framework/src/Illuminate/Foundation/Console/Kernel.php(198): Symfony/Component/Console/Application->run(Object(Symfony/Component/Console/Input/ArgvInput), Object(Symfony/Component/Console/Output/ConsoleOutput))
#32 D:/Alyasheiee/backend/vendor/laravel/framework/src/Illuminate/Foundation/Application.php(1235): Illuminate/Foundation/Console/Kernel->handle(Object(Symfony/Component/Console/Input/ArgvInput), Object(Symfony/Component/Console/Output/ConsoleOutput))
#33 D:/Alyasheiee/backend/artisan(13): Illuminate/Foundation/Application->handleCommand(Object(Symfony/Component/Console/Input/ArgvInput))
#34 {main}
"} 
[2026-06-30 01:18:52] local.ERROR: SQLSTATE[42804]: Datatype mismatch: 7 ERROR:  foreign key constraint "daily_logs_recorder_id_foreign" cannot be implemented
DETAIL:  Key columns "recorder_id" of the referencing table and "id" of the referenced table are of incompatible types: uuid and bigint. (Connection: pgsql, SQL: alter table "daily_logs" add constraint "daily_logs_recorder_id_foreign" foreign key ("recorder_id") references "users" ("id")) {"exception":"[object] (Illuminate\\Database\\QueryException(code: 42804): SQLSTATE[42804]: Datatype mismatch: 7 ERROR:  foreign key constraint \"daily_logs_recorder_id_foreign\" cannot be implemented
DETAIL:  Key columns \"recorder_id\" of the referencing table and \"id\" of the referenced table are of incompatible types: uuid and bigint. (Connection: pgsql, SQL: alter table \"daily_logs\" add constraint \"daily_logs_recorder_id_foreign\" foreign key (\"recorder_id\") references \"users\" (\"id\")) at D:/Alyasheiee/backend/vendor/laravel/framework/src/Illuminate/Database/Connection.php:825)
[stacktrace]
#0 D:/Alyasheiee/backend/vendor/laravel/framework/src/Illuminate/Database/Connection.php(779): Illuminate/Database/Connection->runQueryCallback('alter table \"da...', Array, Object(Closure))
#1 D:/Alyasheiee/backend/vendor/laravel/framework/src/Illuminate/Database/Connection.php(560): Illuminate/Database/Connection->run('alter table \"da...', Array, Object(Closure))
#2 D:/Alyasheiee/backend/vendor/laravel/framework/src/Illuminate/Database/Schema/Blueprint.php(118): Illuminate/Database/Connection->statement('alter table \"da...')
#3 D:/Alyasheiee/backend/vendor/laravel/framework/src/Illuminate/Database/Schema/Builder.php(564): Illuminate/Database/Schema/Blueprint->build(Object(Illuminate/Database/PostgresConnection), Object(Illuminate/Database/Schema/Grammars/PostgresGrammar))
#4 D:/Alyasheiee/backend/vendor/laravel/framework/src/Illuminate/Database/Schema/Builder.php(418): Illuminate/Database/Schema/Builder->build(Object(Illuminate/Database/Schema/Blueprint))
#5 D:/Alyasheiee/backend/vendor/laravel/framework/src/Illuminate/Support/Facades/Facade.php(361): Illuminate/Database/Schema/Builder->create('daily_logs', Object(Closure))
#6 D:/Alyasheiee/backend/database/migrations/2024_03_23_000003_create_daily_operations_table.php(12): Illuminate/Support/Facades/Facade::__callStatic('create', Array)
#7 D:/Alyasheiee/backend/vendor/laravel/framework/src/Illuminate/Database/Migrations/Migrator.php(507): Illuminate/Database/Migrations/Migration@anonymous->up()
#8 D:/Alyasheiee/backend/vendor/laravel/framework/src/Illuminate/Database/Migrations/Migrator.php(432): Illuminate/Database/Migrations/Migrator->runMethod(Object(Illuminate/Database/PostgresConnection), Object(Illuminate/Database/Migrations/Migration@anonymous), 'up')
#9 D:/Alyasheiee/backend/vendor/laravel/framework/src/Illuminate/Database/Concerns/ManagesTransactions.php(32): Illuminate/Database/Migrations/Migrator->Illuminate/Database/Migrations/{closure}(Object(Illuminate/Database/PostgresConnection))
#10 D:/Alyasheiee/backend/vendor/laravel/framework/src/Illuminate/Database/Migrations/Migrator.php(440): Illuminate/Database/Connection->transaction(Object(Closure))
#11 D:/Alyasheiee/backend/vendor/laravel/framework/src/Illuminate/Database/Migrations/Migrator.php(244): Illuminate/Database/Migrations/Migrator->runMigration(Object(Illuminate/Database/Migrations/Migration@anonymous), 'up')
#12 D:/Alyasheiee/backend/vendor/laravel/framework/src/Illuminate/Console/View/Components/Task.php(40): Illuminate/Database/Migrations/Migrator->Illuminate/Database/Migrations/{closure}()
#13 D:/Alyasheiee/backend/vendor/laravel/framework/src/Illuminate/Database/Migrations/Migrator.php(798): Illuminate/Console/View/Components/Task->render('2024_03_23_0000...', Object(Closure))
#14 D:/Alyasheiee/backend/vendor/laravel/framework/src/Illuminate/Database/Migrations/Migrator.php(244): Illuminate/Database/Migrations/Migrator->write('Illuminate//Cons...', '2024_03_23_0000...', Object(Closure))
#15 D:/Alyasheiee/backend/vendor/laravel/framework/src/Illuminate/Database/Migrations/Migrator.php(211): Illuminate/Database/Migrations/Migrator->runUp('D://Alyasheiee//b...', 1, false)
#16 D:/Alyasheiee/backend/vendor/laravel/framework/src/Illuminate/Database/Migrations/Migrator.php(138): Illuminate/Database/Migrations/Migrator->runPending(Array, Array)
#17 D:/Alyasheiee/backend/vendor/laravel/framework/src/Illuminate/Database/Console/Migrations/MigrateCommand.php(117): Illuminate/Database/Migrations/Migrator->run(Array, Array)
#18 D:/Alyasheiee/backend/vendor/laravel/framework/src/Illuminate/Database/Migrations/Migrator.php(658): Illuminate/Database/Console/Migrations/MigrateCommand->Illuminate/Database/Console/Migrations/{closure}()
#19 D:/Alyasheiee/backend/vendor/laravel/framework/src/Illuminate/Database/Console/Migrations/MigrateCommand.php(110): Illuminate/Database/Migrations/Migrator->usingConnection(NULL, Object(Closure))
#20 D:/Alyasheiee/backend/vendor/laravel/framework/src/Illuminate/Database/Console/Migrations/MigrateCommand.php(89): Illuminate/Database/Console/Migrations/MigrateCommand->runMigrations()
#21 D:/Alyasheiee/backend/vendor/laravel/framework/src/Illuminate/Container/BoundMethod.php(36): Illuminate/Database/Console/Migrations/MigrateCommand->handle()
#22 D:/Alyasheiee/backend/vendor/laravel/framework/src/Illuminate/Container/Util.php(43): Illuminate/Container/BoundMethod::Illuminate/Container/{closure}()
#23 D:/Alyasheiee/backend/vendor/laravel/framework/src/Illuminate/Container/BoundMethod.php(95): Illuminate/Container/Util::unwrapIfClosure(Object(Closure))
#24 D:/Alyasheiee/backend/vendor/laravel/framework/src/Illuminate/Container/BoundMethod.php(35): Illuminate/Container/BoundMethod::callBoundMethod(Object(Illuminate/Foundation/Application), Array, Object(Closure))
#25 D:/Alyasheiee/backend/vendor/laravel/framework/src/Illuminate/Container/Container.php(696): Illuminate/Container/BoundMethod::call(Object(Illuminate/Foundation/Application), Array, Array, NULL)
#26 D:/Alyasheiee/backend/vendor/laravel/framework/src/Illuminate/Console/Command.php(213): Illuminate/Container/Container->call(Array)
#27 D:/Alyasheiee/backend/vendor/symfony/console/Command/Command.php(341): Illuminate/Console/Command->execute(Object(Symfony/Component/Console/Input/ArrayInput), Object(Illuminate/Console/OutputStyle))
#28 D:/Alyasheiee/backend/vendor/laravel/framework/src/Illuminate/Console/Command.php(182): Symfony/Component/Console/Command/Command->run(Object(Symfony/Component/Console/Input/ArrayInput), Object(Illuminate/Console/OutputStyle))
#29 D:/Alyasheiee/backend/vendor/laravel/framework/src/Illuminate/Console/Concerns/CallsCommands.php(68): Illuminate/Console/Command->run(Object(Symfony/Component/Console/Input/ArrayInput), Object(Illuminate/Console/OutputStyle))
#30 D:/Alyasheiee/backend/vendor/laravel/framework/src/Illuminate/Console/Concerns/CallsCommands.php(29): Illuminate/Console/Command->runCommand('migrate', Array, Object(Illuminate/Console/OutputStyle))
#31 D:/Alyasheiee/backend/vendor/laravel/framework/src/Illuminate/Database/Console/Migrations/FreshCommand.php(82): Illuminate/Console/Command->call('migrate', Array)
#32 D:/Alyasheiee/backend/vendor/laravel/framework/src/Illuminate/Container/BoundMethod.php(36): Illuminate/Database/Console/Migrations/FreshCommand->handle()
#33 D:/Alyasheiee/backend/vendor/laravel/framework/src/Illuminate/Container/Util.php(43): Illuminate/Container/BoundMethod::Illuminate/Container/{closure}()
#34 D:/Alyasheiee/backend/vendor/laravel/framework/src/Illuminate/Container/BoundMethod.php(95): Illuminate/Container/Util::unwrapIfClosure(Object(Closure))
#35 D:/Alyasheiee/backend/vendor/laravel/framework/src/Illuminate/Container/BoundMethod.php(35): Illuminate/Container/BoundMethod::callBoundMethod(Object(Illuminate/Foundation/Application), Array, Object(Closure))
#36 D:/Alyasheiee/backend/vendor/laravel/framework/src/Illuminate/Container/Container.php(696): Illuminate/Container/BoundMethod::call(Object(Illuminate/Foundation/Application), Array, Array, NULL)
#37 D:/Alyasheiee/backend/vendor/laravel/framework/src/Illuminate/Console/Command.php(213): Illuminate/Container/Container->call(Array)
#38 D:/Alyasheiee/backend/vendor/symfony/console/Command/Command.php(341): Illuminate/Console/Command->execute(Object(Symfony/Component/Console/Input/ArgvInput), Object(Illuminate/Console/OutputStyle))
#39 D:/Alyasheiee/backend/vendor/laravel/framework/src/Illuminate/Console/Command.php(182): Symfony/Component/Console/Command/Command->run(Object(Symfony/Component/Console/Input/ArgvInput), Object(Illuminate/Console/OutputStyle))
#40 D:/Alyasheiee/backend/vendor/symfony/console/Application.php(1117): Illuminate/Console/Command->run(Object(Symfony/Component/Console/Input/ArgvInput), Object(Symfony/Component/Console/Output/ConsoleOutput))
#41 D:/Alyasheiee/backend/vendor/symfony/console/Application.php(356): Symfony/Component/Console/Application->doRunCommand(Object(Illuminate/Database/Console/Migrations/FreshCommand), Object(Symfony/Component/Console/Input/ArgvInput), Object(Symfony/Component/Console/Output/ConsoleOutput))
#42 D:/Alyasheiee/backend/vendor/symfony/console/Application.php(195): Symfony/Component/Console/Application->doRun(Object(Symfony/Component/Console/Input/ArgvInput), Object(Symfony/Component/Console/Output/ConsoleOutput))
#43 D:/Alyasheiee/backend/vendor/laravel/framework/src/Illuminate/Foundation/Console/Kernel.php(198): Symfony/Component/Console/Application->run(Object(Symfony/Component/Console/Input/ArgvInput), Object(Symfony/Component/Console/Output/ConsoleOutput))
#44 D:/Alyasheiee/backend/vendor/laravel/framework/src/Illuminate/Foundation/Application.php(1235): Illuminate/Foundation/Console/Kernel->handle(Object(Symfony/Component/Console/Input/ArgvInput), Object(Symfony/Component/Console/Output/ConsoleOutput))
#45 D:/Alyasheiee/backend/artisan(13): Illuminate/Foundation/Application->handleCommand(Object(Symfony/Component/Console/Input/ArgvInput))
#46 {main}

[previous exception] [object] (PDOException(code: 42804): SQLSTATE[42804]: Datatype mismatch: 7 ERROR:  foreign key constraint \"daily_logs_recorder_id_foreign\" cannot be implemented
DETAIL:  Key columns \"recorder_id\" of the referencing table and \"id\" of the referenced table are of incompatible types: uuid and bigint. at D:/Alyasheiee/backend/vendor/laravel/framework/src/Illuminate/Database/Connection.php:571)
[stacktrace]
#0 D:/Alyasheiee/backend/vendor/laravel/framework/src/Illuminate/Database/Connection.php(571): PDOStatement->execute()
#1 D:/Alyasheiee/backend/vendor/laravel/framework/src/Illuminate/Database/Connection.php(812): Illuminate/Database/Connection->Illuminate/Database/{closure}('alter table \"da...', Array)
#2 D:/Alyasheiee/backend/vendor/laravel/framework/src/Illuminate/Database/Connection.php(779): Illuminate/Database/Connection->runQueryCallback('alter table \"da...', Array, Object(Closure))
#3 D:/Alyasheiee/backend/vendor/laravel/framework/src/Illuminate/Database/Connection.php(560): Illuminate/Database/Connection->run('alter table \"da...', Array, Object(Closure))
#4 D:/Alyasheiee/backend/vendor/laravel/framework/src/Illuminate/Database/Schema/Blueprint.php(118): Illuminate/Database/Connection->statement('alter table \"da...')
#5 D:/Alyasheiee/backend/vendor/laravel/framework/src/Illuminate/Database/Schema/Builder.php(564): Illuminate/Database/Schema/Blueprint->build(Object(Illuminate/Database/PostgresConnection), Object(Illuminate/Database/Schema/Grammars/PostgresGrammar))
#6 D:/Alyasheiee/backend/vendor/laravel/framework/src/Illuminate/Database/Schema/Builder.php(418): Illuminate/Database/Schema/Builder->build(Object(Illuminate/Database/Schema/Blueprint))
#7 D:/Alyasheiee/backend/vendor/laravel/framework/src/Illuminate/Support/Facades/Facade.php(361): Illuminate/Database/Schema/Builder->create('daily_logs', Object(Closure))
#8 D:/Alyasheiee/backend/database/migrations/2024_03_23_000003_create_daily_operations_table.php(12): Illuminate/Support/Facades/Facade::__callStatic('create', Array)
#9 D:/Alyasheiee/backend/vendor/laravel/framework/src/Illuminate/Database/Migrations/Migrator.php(507): Illuminate/Database/Migrations/Migration@anonymous->up()
#10 D:/Alyasheiee/backend/vendor/laravel/framework/src/Illuminate/Database/Migrations/Migrator.php(432): Illuminate/Database/Migrations/Migrator->runMethod(Object(Illuminate/Database/PostgresConnection), Object(Illuminate/Database/Migrations/Migration@anonymous), 'up')
#11 D:/Alyasheiee/backend/vendor/laravel/framework/src/Illuminate/Database/Concerns/ManagesTransactions.php(32): Illuminate/Database/Migrations/Migrator->Illuminate/Database/Migrations/{closure}(Object(Illuminate/Database/PostgresConnection))
#12 D:/Alyasheiee/backend/vendor/laravel/framework/src/Illuminate/Database/Migrations/Migrator.php(440): Illuminate/Database/Connection->transaction(Object(Closure))
#13 D:/Alyasheiee/backend/vendor/laravel/framework/src/Illuminate/Database/Migrations/Migrator.php(244): Illuminate/Database/Migrations/Migrator->runMigration(Object(Illuminate/Database/Migrations/Migration@anonymous), 'up')
#14 D:/Alyasheiee/backend/vendor/laravel/framework/src/Illuminate/Console/View/Components/Task.php(40): Illuminate/Database/Migrations/Migrator->Illuminate/Database/Migrations/{closure}()
#15 D:/Alyasheiee/backend/vendor/laravel/framework/src/Illuminate/Database/Migrations/Migrator.php(798): Illuminate/Console/View/Components/Task->render('2024_03_23_0000...', Object(Closure))
#16 D:/Alyasheiee/backend/vendor/laravel/framework/src/Illuminate/Database/Migrations/Migrator.php(244): Illuminate/Database/Migrations/Migrator->write('Illuminate//Cons...', '2024_03_23_0000...', Object(Closure))
#17 D:/Alyasheiee/backend/vendor/laravel/framework/src/Illuminate/Database/Migrations/Migrator.php(211): Illuminate/Database/Migrations/Migrator->runUp('D://Alyasheiee//b...', 1, false)
#18 D:/Alyasheiee/backend/vendor/laravel/framework/src/Illuminate/Database/Migrations/Migrator.php(138): Illuminate/Database/Migrations/Migrator->runPending(Array, Array)
#19 D:/Alyasheiee/backend/vendor/laravel/framework/src/Illuminate/Database/Console/Migrations/MigrateCommand.php(117): Illuminate/Database/Migrations/Migrator->run(Array, Array)
#20 D:/Alyasheiee/backend/vendor/laravel/framework/src/Illuminate/Database/Migrations/Migrator.php(658): Illuminate/Database/Console/Migrations/MigrateCommand->Illuminate/Database/Console/Migrations/{closure}()
#21 D:/Alyasheiee/backend/vendor/laravel/framework/src/Illuminate/Database/Console/Migrations/MigrateCommand.php(110): Illuminate/Database/Migrations/Migrator->usingConnection(NULL, Object(Closure))
#22 D:/Alyasheiee/backend/vendor/laravel/framework/src/Illuminate/Database/Console/Migrations/MigrateCommand.php(89): Illuminate/Database/Console/Migrations/MigrateCommand->runMigrations()
#23 D:/Alyasheiee/backend/vendor/laravel/framework/src/Illuminate/Container/BoundMethod.php(36): Illuminate/Database/Console/Migrations/MigrateCommand->handle()
#24 D:/Alyasheiee/backend/vendor/laravel/framework/src/Illuminate/Container/Util.php(43): Illuminate/Container/BoundMethod::Illuminate/Container/{closure}()
#25 D:/Alyasheiee/backend/vendor/laravel/framework/src/Illuminate/Container/BoundMethod.php(95): Illuminate/Container/Util::unwrapIfClosure(Object(Closure))
#26 D:/Alyasheiee/backend/vendor/laravel/framework/src/Illuminate/Container/BoundMethod.php(35): Illuminate/Container/BoundMethod::callBoundMethod(Object(Illuminate/Foundation/Application), Array, Object(Closure))
#27 D:/Alyasheiee/backend/vendor/laravel/framework/src/Illuminate/Container/Container.php(696): Illuminate/Container/BoundMethod::call(Object(Illuminate/Foundation/Application), Array, Array, NULL)
#28 D:/Alyasheiee/backend/vendor/laravel/framework/src/Illuminate/Console/Command.php(213): Illuminate/Container/Container->call(Array)
#29 D:/Alyasheiee/backend/vendor/symfony/console/Command/Command.php(341): Illuminate/Console/Command->execute(Object(Symfony/Component/Console/Input/ArrayInput), Object(Illuminate/Console/OutputStyle))
#30 D:/Alyasheiee/backend/vendor/laravel/framework/src/Illuminate/Console/Command.php(182): Symfony/Component/Console/Command/Command->run(Object(Symfony/Component/Console/Input/ArrayInput), Object(Illuminate/Console/OutputStyle))
#31 D:/Alyasheiee/backend/vendor/laravel/framework/src/Illuminate/Console/Concerns/CallsCommands.php(68): Illuminate/Console/Command->run(Object(Symfony/Component/Console/Input/ArrayInput), Object(Illuminate/Console/OutputStyle))
#32 D:/Alyasheiee/backend/vendor/laravel/framework/src/Illuminate/Console/Concerns/CallsCommands.php(29): Illuminate/Console/Command->runCommand('migrate', Array, Object(Illuminate/Console/OutputStyle))
#33 D:/Alyasheiee/backend/vendor/laravel/framework/src/Illuminate/Database/Console/Migrations/FreshCommand.php(82): Illuminate/Console/Command->call('migrate', Array)
#34 D:/Alyasheiee/backend/vendor/laravel/framework/src/Illuminate/Container/BoundMethod.php(36): Illuminate/Database/Console/Migrations/FreshCommand->handle()
#35 D:/Alyasheiee/backend/vendor/laravel/framework/src/Illuminate/Container/Util.php(43): Illuminate/Container/BoundMethod::Illuminate/Container/{closure}()
#36 D:/Alyasheiee/backend/vendor/laravel/framework/src/Illuminate/Container/BoundMethod.php(95): Illuminate/Container/Util::unwrapIfClosure(Object(Closure))
#37 D:/Alyasheiee/backend/vendor/laravel/framework/src/Illuminate/Container/BoundMethod.php(35): Illuminate/Container/BoundMethod::callBoundMethod(Object(Illuminate/Foundation/Application), Array, Object(Closure))
#38 D:/Alyasheiee/backend/vendor/laravel/framework/src/Illuminate/Container/Container.php(696): Illuminate/Container/BoundMethod::call(Object(Illuminate/Foundation/Application), Array, Array, NULL)
#39 D:/Alyasheiee/backend/vendor/laravel/framework/src/Illuminate/Console/Command.php(213): Illuminate/Container/Container->call(Array)
#40 D:/Alyasheiee/backend/vendor/symfony/console/Command/Command.php(341): Illuminate/Console/Command->execute(Object(Symfony/Component/Console/Input/ArgvInput), Object(Illuminate/Console/OutputStyle))
#41 D:/Alyasheiee/backend/vendor/laravel/framework/src/Illuminate/Console/Command.php(182): Symfony/Component/Console/Command/Command->run(Object(Symfony/Component/Console/Input/ArgvInput), Object(Illuminate/Console/OutputStyle))
#42 D:/Alyasheiee/backend/vendor/symfony/console/Application.php(1117): Illuminate/Console/Command->run(Object(Symfony/Component/Console/Input/ArgvInput), Object(Symfony/Component/Console/Output/ConsoleOutput))
#43 D:/Alyasheiee/backend/vendor/symfony/console/Application.php(356): Symfony/Component/Console/Application->doRunCommand(Object(Illuminate/Database/Console/Migrations/FreshCommand), Object(Symfony/Component/Console/Input/ArgvInput), Object(Symfony/Component/Console/Output/ConsoleOutput))
#44 D:/Alyasheiee/backend/vendor/symfony/console/Application.php(195): Symfony/Component/Console/Application->doRun(Object(Symfony/Component/Console/Input/ArgvInput), Object(Symfony/Component/Console/Output/ConsoleOutput))
#45 D:/Alyasheiee/backend/vendor/laravel/framework/src/Illuminate/Foundation/Console/Kernel.php(198): Symfony/Component/Console/Application->run(Object(Symfony/Component/Console/Input/ArgvInput), Object(Symfony/Component/Console/Output/ConsoleOutput))
#46 D:/Alyasheiee/backend/vendor/laravel/framework/src/Illuminate/Foundation/Application.php(1235): Illuminate/Foundation/Console/Kernel->handle(Object(Symfony/Component/Console/Input/ArgvInput), Object(Symfony/Component/Console/Output/ConsoleOutput))
#47 D:/Alyasheiee/backend/artisan(13): Illuminate/Foundation/Application->handleCommand(Object(Symfony/Component/Console/Input/ArgvInput))
#48 {main}
"} 
[2026-06-30 01:45:40] local.ERROR: SQLSTATE[22P02]: Invalid text representation: 7 ERROR:  invalid input syntax for type bigint: "a224ac59-106c-4016-b0f4-cd9544fdd32f"
CONTEXT:  unnamed portal parameter $1 = '...' (Connection: pgsql, SQL: select "roles".*, "model_has_roles"."model_id" as "pivot_model_id", "model_has_roles"."role_id" as "pivot_role_id", "model_has_roles"."model_type" as "pivot_model_type" from "roles" inner join "model_has_roles" on "roles"."id" = "model_has_roles"."role_id" where "model_has_roles"."model_id" = a224ac59-106c-4016-b0f4-cd9544fdd32f and "model_has_roles"."model_type" = App\Models\User) {"exception":"[object] (Illuminate\\Database\\QueryException(code: 22P02): SQLSTATE[22P02]: Invalid text representation: 7 ERROR:  invalid input syntax for type bigint: \"a224ac59-106c-4016-b0f4-cd9544fdd32f\"
CONTEXT:  unnamed portal parameter $1 = '...' (Connection: pgsql, SQL: select \"roles\".*, \"model_has_roles\".\"model_id\" as \"pivot_model_id\", \"model_has_roles\".\"role_id\" as \"pivot_role_id\", \"model_has_roles\".\"model_type\" as \"pivot_model_type\" from \"roles\" inner join \"model_has_roles\" on \"roles\".\"id\" = \"model_has_roles\".\"role_id\" where \"model_has_roles\".\"model_id\" = a224ac59-106c-4016-b0f4-cd9544fdd32f and \"model_has_roles\".\"model_type\" = App\\Models\\User) at D:/Alyasheiee/backend/vendor/laravel/framework/src/Illuminate/Database/Connection.php:825)
[stacktrace]
#0 D:/Alyasheiee/backend/vendor/laravel/framework/src/Illuminate/Database/Connection.php(779): Illuminate/Database/Connection->runQueryCallback('select \"roles\"....', Array, Object(Closure))
#1 D:/Alyasheiee/backend/vendor/laravel/framework/src/Illuminate/Database/Connection.php(398): Illuminate/Database/Connection->run('select \"roles\"....', Array, Object(Closure))
#2 D:/Alyasheiee/backend/vendor/laravel/framework/src/Illuminate/Database/Query/Builder.php(3106): Illuminate/Database/Connection->select('select \"roles\"....', Array, true)
#3 D:/Alyasheiee/backend/vendor/laravel/framework/src/Illuminate/Database/Query/Builder.php(3091): Illuminate/Database/Query/Builder->runSelect()
#4 D:/Alyasheiee/backend/vendor/laravel/framework/src/Illuminate/Database/Query/Builder.php(3676): Illuminate/Database/Query/Builder->Illuminate/Database/Query/{closure}()
#5 D:/Alyasheiee/backend/vendor/laravel/framework/src/Illuminate/Database/Query/Builder.php(3090): Illuminate/Database/Query/Builder->onceWithColumns(Array, Object(Closure))
#6 D:/Alyasheiee/backend/vendor/laravel/framework/src/Illuminate/Database/Eloquent/Builder.php(811): Illuminate/Database/Query/Builder->get(Array)
#7 D:/Alyasheiee/backend/vendor/laravel/framework/src/Illuminate/Database/Eloquent/Relations/BelongsToMany.php(887): Illuminate/Database/Eloquent/Builder->getModels()
#8 D:/Alyasheiee/backend/vendor/laravel/framework/src/Illuminate/Database/Eloquent/Relations/BelongsToMany.php(871): Illuminate/Database/Eloquent/Relations/BelongsToMany->get()
#9 D:/Alyasheiee/backend/vendor/laravel/framework/src/Illuminate/Database/Eloquent/Concerns/HasAttributes.php(622): Illuminate/Database/Eloquent/Relations/BelongsToMany->getResults()
#10 D:/Alyasheiee/backend/vendor/laravel/framework/src/Illuminate/Database/Eloquent/Concerns/HasAttributes.php(560): Illuminate/Database/Eloquent/Model->getRelationshipFromMethod('roles')
#11 D:/Alyasheiee/backend/vendor/laravel/framework/src/Illuminate/Database/Eloquent/Concerns/HasAttributes.php(485): Illuminate/Database/Eloquent/Model->getRelationValue('roles')
#12 D:/Alyasheiee/backend/vendor/laravel/framework/src/Illuminate/Database/Eloquent/Model.php(2260): Illuminate/Database/Eloquent/Model->getAttribute('roles')
#13 D:/Alyasheiee/backend/vendor/spatie/laravel-permission/src/Traits/HasRoles.php(162): Illuminate/Database/Eloquent/Model->__get('roles')
#14 D:/Alyasheiee/backend/database/seeders/SystemTestDataSeeder.php(27): App/Models/User->assignRole('super_admin')
#15 D:/Alyasheiee/backend/vendor/laravel/framework/src/Illuminate/Container/BoundMethod.php(36): Database/Seeders/SystemTestDataSeeder->run()
#16 D:/Alyasheiee/backend/vendor/laravel/framework/src/Illuminate/Container/Util.php(43): Illuminate/Container/BoundMethod::Illuminate/Container/{closure}()
#17 D:/Alyasheiee/backend/vendor/laravel/framework/src/Illuminate/Container/BoundMethod.php(95): Illuminate/Container/Util::unwrapIfClosure(Object(Closure))
#18 D:/Alyasheiee/backend/vendor/laravel/framework/src/Illuminate/Container/BoundMethod.php(35): Illuminate/Container/BoundMethod::callBoundMethod(Object(Illuminate/Foundation/Application), Array, Object(Closure))
#19 D:/Alyasheiee/backend/vendor/laravel/framework/src/Illuminate/Container/Container.php(696): Illuminate/Container/BoundMethod::call(Object(Illuminate/Foundation/Application), Array, Array, NULL)
#20 D:/Alyasheiee/backend/vendor/laravel/framework/src/Illuminate/Database/Seeder.php(188): Illuminate/Container/Container->call(Array, Array)
#21 D:/Alyasheiee/backend/vendor/laravel/framework/src/Illuminate/Database/Seeder.php(197): Illuminate/Database/Seeder->Illuminate/Database/{closure}()
#22 D:/Alyasheiee/backend/vendor/laravel/framework/src/Illuminate/Database/Seeder.php(61): Illuminate/Database/Seeder->__invoke(Array)
#23 D:/Alyasheiee/backend/database/seeders/DatabaseSeeder.php(14): Illuminate/Database/Seeder->call('Database//Seeder...')
#24 D:/Alyasheiee/backend/vendor/laravel/framework/src/Illuminate/Container/BoundMethod.php(36): Database/Seeders/DatabaseSeeder->run()
#25 D:/Alyasheiee/backend/vendor/laravel/framework/src/Illuminate/Container/Util.php(43): Illuminate/Container/BoundMethod::Illuminate/Container/{closure}()
#26 D:/Alyasheiee/backend/vendor/laravel/framework/src/Illuminate/Container/BoundMethod.php(95): Illuminate/Container/Util::unwrapIfClosure(Object(Closure))
#27 D:/Alyasheiee/backend/vendor/laravel/framework/src/Illuminate/Container/BoundMethod.php(35): Illuminate/Container/BoundMethod::callBoundMethod(Object(Illuminate/Foundation/Application), Array, Object(Closure))
#28 D:/Alyasheiee/backend/vendor/laravel/framework/src/Illuminate/Container/Container.php(696): Illuminate/Container/BoundMethod::call(Object(Illuminate/Foundation/Application), Array, Array, NULL)
#29 D:/Alyasheiee/backend/vendor/laravel/framework/src/Illuminate/Database/Seeder.php(188): Illuminate/Container/Container->call(Array, Array)
#30 D:/Alyasheiee/backend/vendor/laravel/framework/src/Illuminate/Database/Seeder.php(197): Illuminate/Database/Seeder->Illuminate/Database/{closure}()
#31 D:/Alyasheiee/backend/vendor/laravel/framework/src/Illuminate/Database/Console/Seeds/SeedCommand.php(70): Illuminate/Database/Seeder->__invoke()
#32 D:/Alyasheiee/backend/vendor/laravel/framework/src/Illuminate/Database/Eloquent/Concerns/GuardsAttributes.php(155): Illuminate/Database/Console/Seeds/SeedCommand->Illuminate/Database/Console/Seeds/{closure}()
#33 D:/Alyasheiee/backend/vendor/laravel/framework/src/Illuminate/Database/Console/Seeds/SeedCommand.php(69): Illuminate/Database/Eloquent/Model::unguarded(Object(Closure))
#34 D:/Alyasheiee/backend/vendor/laravel/framework/src/Illuminate/Container/BoundMethod.php(36): Illuminate/Database/Console/Seeds/SeedCommand->handle()
#35 D:/Alyasheiee/backend/vendor/laravel/framework/src/Illuminate/Container/Util.php(43): Illuminate/Container/BoundMethod::Illuminate/Container/{closure}()
#36 D:/Alyasheiee/backend/vendor/laravel/framework/src/Illuminate/Container/BoundMethod.php(95): Illuminate/Container/Util::unwrapIfClosure(Object(Closure))
#37 D:/Alyasheiee/backend/vendor/laravel/framework/src/Illuminate/Container/BoundMethod.php(35): Illuminate/Container/BoundMethod::callBoundMethod(Object(Illuminate/Foundation/Application), Array, Object(Closure))
#38 D:/Alyasheiee/backend/vendor/laravel/framework/src/Illuminate/Container/Container.php(696): Illuminate/Container/BoundMethod::call(Object(Illuminate/Foundation/Application), Array, Array, NULL)
#39 D:/Alyasheiee/backend/vendor/laravel/framework/src/Illuminate/Console/Command.php(213): Illuminate/Container/Container->call(Array)
#40 D:/Alyasheiee/backend/vendor/symfony/console/Command/Command.php(341): Illuminate/Console/Command->execute(Object(Symfony/Component/Console/Input/ArrayInput), Object(Illuminate/Console/OutputStyle))
#41 D:/Alyasheiee/backend/vendor/laravel/framework/src/Illuminate/Console/Command.php(182): Symfony/Component/Console/Command/Command->run(Object(Symfony/Component/Console/Input/ArrayInput), Object(Illuminate/Console/OutputStyle))
#42 D:/Alyasheiee/backend/vendor/laravel/framework/src/Illuminate/Console/Concerns/CallsCommands.php(68): Illuminate/Console/Command->run(Object(Symfony/Component/Console/Input/ArrayInput), Object(Illuminate/Console/OutputStyle))
#43 D:/Alyasheiee/backend/vendor/laravel/framework/src/Illuminate/Console/Concerns/CallsCommands.php(29): Illuminate/Console/Command->runCommand('db:seed', Array, Object(Illuminate/Console/OutputStyle))
#44 D:/Alyasheiee/backend/vendor/laravel/framework/src/Illuminate/Database/Console/Migrations/FreshCommand.php(122): Illuminate/Console/Command->call('db:seed', Array)
#45 D:/Alyasheiee/backend/vendor/laravel/framework/src/Illuminate/Database/Console/Migrations/FreshCommand.php(98): Illuminate/Database/Console/Migrations/FreshCommand->runSeeder(NULL)
#46 D:/Alyasheiee/backend/vendor/laravel/framework/src/Illuminate/Container/BoundMethod.php(36): Illuminate/Database/Console/Migrations/FreshCommand->handle()
#47 D:/Alyasheiee/backend/vendor/laravel/framework/src/Illuminate/Container/Util.php(43): Illuminate/Container/BoundMethod::Illuminate/Container/{closure}()
#48 D:/Alyasheiee/backend/vendor/laravel/framework/src/Illuminate/Container/BoundMethod.php(95): Illuminate/Container/Util::unwrapIfClosure(Object(Closure))
#49 D:/Alyasheiee/backend/vendor/laravel/framework/src/Illuminate/Container/BoundMethod.php(35): Illuminate/Container/BoundMethod::callBoundMethod(Object(Illuminate/Foundation/Application), Array, Object(Closure))
#50 D:/Alyasheiee/backend/vendor/laravel/framework/src/Illuminate/Container/Container.php(696): Illuminate/Container/BoundMethod::call(Object(Illuminate/Foundation/Application), Array, Array, NULL)
#51 D:/Alyasheiee/backend/vendor/laravel/framework/src/Illuminate/Console/Command.php(213): Illuminate/Container/Container->call(Array)
#52 D:/Alyasheiee/backend/vendor/symfony/console/Command/Command.php(341): Illuminate/Console/Command->execute(Object(Symfony/Component/Console/Input/ArgvInput), Object(Illuminate/Console/OutputStyle))
#53 D:/Alyasheiee/backend/vendor/laravel/framework/src/Illuminate/Console/Command.php(182): Symfony/Component/Console/Command/Command->run(Object(Symfony/Component/Console/Input/ArgvInput), Object(Illuminate/Console/OutputStyle))
#54 D:/Alyasheiee/backend/vendor/symfony/console/Application.php(1117): Illuminate/Console/Command->run(Object(Symfony/Component/Console/Input/ArgvInput), Object(Symfony/Component/Console/Output/ConsoleOutput))
#55 D:/Alyasheiee/backend/vendor/symfony/console/Application.php(356): Symfony/Component/Console/Application->doRunCommand(Object(Illuminate/Database/Console/Migrations/FreshCommand), Object(Symfony/Component/Console/Input/ArgvInput), Object(Symfony/Component/Console/Output/ConsoleOutput))
#56 D:/Alyasheiee/backend/vendor/symfony/console/Application.php(195): Symfony/Component/Console/Application->doRun(Object(Symfony/Component/Console/Input/ArgvInput), Object(Symfony/Component/Console/Output/ConsoleOutput))
#57 D:/Alyasheiee/backend/vendor/laravel/framework/src/Illuminate/Foundation/Console/Kernel.php(198): Symfony/Component/Console/Application->run(Object(Symfony/Component/Console/Input/ArgvInput), Object(Symfony/Component/Console/Output/ConsoleOutput))
#58 D:/Alyasheiee/backend/vendor/laravel/framework/src/Illuminate/Foundation/Application.php(1235): Illuminate/Foundation/Console/Kernel->handle(Object(Symfony/Component/Console/Input/ArgvInput), Object(Symfony/Component/Console/Output/ConsoleOutput))
#59 D:/Alyasheiee/backend/artisan(13): Illuminate/Foundation/Application->handleCommand(Object(Symfony/Component/Console/Input/ArgvInput))
#60 {main}

[previous exception] [object] (PDOException(code: 22P02): SQLSTATE[22P02]: Invalid text representation: 7 ERROR:  invalid input syntax for type bigint: \"a224ac59-106c-4016-b0f4-cd9544fdd32f\"
CONTEXT:  unnamed portal parameter $1 = '...' at D:/Alyasheiee/backend/vendor/laravel/framework/src/Illuminate/Database/Connection.php:412)
[stacktrace]
#0 D:/Alyasheiee/backend/vendor/laravel/framework/src/Illuminate/Database/Connection.php(412): PDOStatement->execute()
#1 D:/Alyasheiee/backend/vendor/laravel/framework/src/Illuminate/Database/Connection.php(812): Illuminate/Database/Connection->Illuminate/Database/{closure}('select \"roles\"....', Array)
#2 D:/Alyasheiee/backend/vendor/laravel/framework/src/Illuminate/Database/Connection.php(779): Illuminate/Database/Connection->runQueryCallback('select \"roles\"....', Array, Object(Closure))
#3 D:/Alyasheiee/backend/vendor/laravel/framework/src/Illuminate/Database/Connection.php(398): Illuminate/Database/Connection->run('select \"roles\"....', Array, Object(Closure))
#4 D:/Alyasheiee/backend/vendor/laravel/framework/src/Illuminate/Database/Query/Builder.php(3106): Illuminate/Database/Connection->select('select \"roles\"....', Array, true)
#5 D:/Alyasheiee/backend/vendor/laravel/framework/src/Illuminate/Database/Query/Builder.php(3091): Illuminate/Database/Query/Builder->runSelect()
#6 D:/Alyasheiee/backend/vendor/laravel/framework/src/Illuminate/Database/Query/Builder.php(3676): Illuminate/Database/Query/Builder->Illuminate/Database/Query/{closure}()
#7 D:/Alyasheiee/backend/vendor/laravel/framework/src/Illuminate/Database/Query/Builder.php(3090): Illuminate/Database/Query/Builder->onceWithColumns(Array, Object(Closure))
#8 D:/Alyasheiee/backend/vendor/laravel/framework/src/Illuminate/Database/Eloquent/Builder.php(811): Illuminate/Database/Query/Builder->get(Array)
#9 D:/Alyasheiee/backend/vendor/laravel/framework/src/Illuminate/Database/Eloquent/Relations/BelongsToMany.php(887): Illuminate/Database/Eloquent/Builder->getModels()
#10 D:/Alyasheiee/backend/vendor/laravel/framework/src/Illuminate/Database/Eloquent/Relations/BelongsToMany.php(871): Illuminate/Database/Eloquent/Relations/BelongsToMany->get()
#11 D:/Alyasheiee/backend/vendor/laravel/framework/src/Illuminate/Database/Eloquent/Concerns/HasAttributes.php(622): Illuminate/Database/Eloquent/Relations/BelongsToMany->getResults()
#12 D:/Alyasheiee/backend/vendor/laravel/framework/src/Illuminate/Database/Eloquent/Concerns/HasAttributes.php(560): Illuminate/Database/Eloquent/Model->getRelationshipFromMethod('roles')
#13 D:/Alyasheiee/backend/vendor/laravel/framework/src/Illuminate/Database/Eloquent/Concerns/HasAttributes.php(485): Illuminate/Database/Eloquent/Model->getRelationValue('roles')
#14 D:/Alyasheiee/backend/vendor/laravel/framework/src/Illuminate/Database/Eloquent/Model.php(2260): Illuminate/Database/Eloquent/Model->getAttribute('roles')
#15 D:/Alyasheiee/backend/vendor/spatie/laravel-permission/src/Traits/HasRoles.php(162): Illuminate/Database/Eloquent/Model->__get('roles')
#16 D:/Alyasheiee/backend/database/seeders/SystemTestDataSeeder.php(27): App/Models/User->assignRole('super_admin')
#17 D:/Alyasheiee/backend/vendor/laravel/framework/src/Illuminate/Container/BoundMethod.php(36): Database/Seeders/SystemTestDataSeeder->run()
#18 D:/Alyasheiee/backend/vendor/laravel/framework/src/Illuminate/Container/Util.php(43): Illuminate/Container/BoundMethod::Illuminate/Container/{closure}()
#19 D:/Alyasheiee/backend/vendor/laravel/framework/src/Illuminate/Container/BoundMethod.php(95): Illuminate/Container/Util::unwrapIfClosure(Object(Closure))
#20 D:/Alyasheiee/backend/vendor/laravel/framework/src/Illuminate/Container/BoundMethod.php(35): Illuminate/Container/BoundMethod::callBoundMethod(Object(Illuminate/Foundation/Application), Array, Object(Closure))
#21 D:/Alyasheiee/backend/vendor/laravel/framework/src/Illuminate/Container/Container.php(696): Illuminate/Container/BoundMethod::call(Object(Illuminate/Foundation/Application), Array, Array, NULL)
#22 D:/Alyasheiee/backend/vendor/laravel/framework/src/Illuminate/Database/Seeder.php(188): Illuminate/Container/Container->call(Array, Array)
#23 D:/Alyasheiee/backend/vendor/laravel/framework/src/Illuminate/Database/Seeder.php(197): Illuminate/Database/Seeder->Illuminate/Database/{closure}()
#24 D:/Alyasheiee/backend/vendor/laravel/framework/src/Illuminate/Database/Seeder.php(61): Illuminate/Database/Seeder->__invoke(Array)
#25 D:/Alyasheiee/backend/database/seeders/DatabaseSeeder.php(14): Illuminate/Database/Seeder->call('Database//Seeder...')
#26 D:/Alyasheiee/backend/vendor/laravel/framework/src/Illuminate/Container/BoundMethod.php(36): Database/Seeders/DatabaseSeeder->run()
#27 D:/Alyasheiee/backend/vendor/laravel/framework/src/Illuminate/Container/Util.php(43): Illuminate/Container/BoundMethod::Illuminate/Container/{closure}()
#28 D:/Alyasheiee/backend/vendor/laravel/framework/src/Illuminate/Container/BoundMethod.php(95): Illuminate/Container/Util::unwrapIfClosure(Object(Closure))
#29 D:/Alyasheiee/backend/vendor/laravel/framework/src/Illuminate/Container/BoundMethod.php(35): Illuminate/Container/BoundMethod::callBoundMethod(Object(Illuminate/Foundation/Application), Array, Object(Closure))
#30 D:/Alyasheiee/backend/vendor/laravel/framework/src/Illuminate/Container/Container.php(696): Illuminate/Container/BoundMethod::call(Object(Illuminate/Foundation/Application), Array, Array, NULL)
#31 D:/Alyasheiee/backend/vendor/laravel/framework/src/Illuminate/Database/Seeder.php(188): Illuminate/Container/Container->call(Array, Array)
#32 D:/Alyasheiee/backend/vendor/laravel/framework/src/Illuminate/Database/Seeder.php(197): Illuminate/Database/Seeder->Illuminate/Database/{closure}()
#33 D:/Alyasheiee/backend/vendor/laravel/framework/src/Illuminate/Database/Console/Seeds/SeedCommand.php(70): Illuminate/Database/Seeder->__invoke()
#34 D:/Alyasheiee/backend/vendor/laravel/framework/src/Illuminate/Database/Eloquent/Concerns/GuardsAttributes.php(155): Illuminate/Database/Console/Seeds/SeedCommand->Illuminate/Database/Console/Seeds/{closure}()
#35 D:/Alyasheiee/backend/vendor/laravel/framework/src/Illuminate/Database/Console/Seeds/SeedCommand.php(69): Illuminate/Database/Eloquent/Model::unguarded(Object(Closure))
#36 D:/Alyasheiee/backend/vendor/laravel/framework/src/Illuminate/Container/BoundMethod.php(36): Illuminate/Database/Console/Seeds/SeedCommand->handle()
#37 D:/Alyasheiee/backend/vendor/laravel/framework/src/Illuminate/Container/Util.php(43): Illuminate/Container/BoundMethod::Illuminate/Container/{closure}()
#38 D:/Alyasheiee/backend/vendor/laravel/framework/src/Illuminate/Container/BoundMethod.php(95): Illuminate/Container/Util::unwrapIfClosure(Object(Closure))
#39 D:/Alyasheiee/backend/vendor/laravel/framework/src/Illuminate/Container/BoundMethod.php(35): Illuminate/Container/BoundMethod::callBoundMethod(Object(Illuminate/Foundation/Application), Array, Object(Closure))
#40 D:/Alyasheiee/backend/vendor/laravel/framework/src/Illuminate/Container/Container.php(696): Illuminate/Container/BoundMethod::call(Object(Illuminate/Foundation/Application), Array, Array, NULL)
#41 D:/Alyasheiee/backend/vendor/laravel/framework/src/Illuminate/Console/Command.php(213): Illuminate/Container/Container->call(Array)
#42 D:/Alyasheiee/backend/vendor/symfony/console/Command/Command.php(341): Illuminate/Console/Command->execute(Object(Symfony/Component/Console/Input/ArrayInput), Object(Illuminate/Console/OutputStyle))
#43 D:/Alyasheiee/backend/vendor/laravel/framework/src/Illuminate/Console/Command.php(182): Symfony/Component/Console/Command/Command->run(Object(Symfony/Component/Console/Input/ArrayInput), Object(Illuminate/Console/OutputStyle))
#44 D:/Alyasheiee/backend/vendor/laravel/framework/src/Illuminate/Console/Concerns/CallsCommands.php(68): Illuminate/Console/Command->run(Object(Symfony/Component/Console/Input/ArrayInput), Object(Illuminate/Console/OutputStyle))
#45 D:/Alyasheiee/backend/vendor/laravel/framework/src/Illuminate/Console/Concerns/CallsCommands.php(29): Illuminate/Console/Command->runCommand('db:seed', Array, Object(Illuminate/Console/OutputStyle))
#46 D:/Alyasheiee/backend/vendor/laravel/framework/src/Illuminate/Database/Console/Migrations/FreshCommand.php(122): Illuminate/Console/Command->call('db:seed', Array)
#47 D:/Alyasheiee/backend/vendor/laravel/framework/src/Illuminate/Database/Console/Migrations/FreshCommand.php(98): Illuminate/Database/Console/Migrations/FreshCommand->runSeeder(NULL)
#48 D:/Alyasheiee/backend/vendor/laravel/framework/src/Illuminate/Container/BoundMethod.php(36): Illuminate/Database/Console/Migrations/FreshCommand->handle()
#49 D:/Alyasheiee/backend/vendor/laravel/framework/src/Illuminate/Container/Util.php(43): Illuminate/Container/BoundMethod::Illuminate/Container/{closure}()
#50 D:/Alyasheiee/backend/vendor/laravel/framework/src/Illuminate/Container/BoundMethod.php(95): Illuminate/Container/Util::unwrapIfClosure(Object(Closure))
#51 D:/Alyasheiee/backend/vendor/laravel/framework/src/Illuminate/Container/BoundMethod.php(35): Illuminate/Container/BoundMethod::callBoundMethod(Object(Illuminate/Foundation/Application), Array, Object(Closure))
#52 D:/Alyasheiee/backend/vendor/laravel/framework/src/Illuminate/Container/Container.php(696): Illuminate/Container/BoundMethod::call(Object(Illuminate/Foundation/Application), Array, Array, NULL)
#53 D:/Alyasheiee/backend/vendor/laravel/framework/src/Illuminate/Console/Command.php(213): Illuminate/Container/Container->call(Array)
#54 D:/Alyasheiee/backend/vendor/symfony/console/Command/Command.php(341): Illuminate/Console/Command->execute(Object(Symfony/Component/Console/Input/ArgvInput), Object(Illuminate/Console/OutputStyle))
#55 D:/Alyasheiee/backend/vendor/laravel/framework/src/Illuminate/Console/Command.php(182): Symfony/Component/Console/Command/Command->run(Object(Symfony/Component/Console/Input/ArgvInput), Object(Illuminate/Console/OutputStyle))
#56 D:/Alyasheiee/backend/vendor/symfony/console/Application.php(1117): Illuminate/Console/Command->run(Object(Symfony/Component/Console/Input/ArgvInput), Object(Symfony/Component/Console/Output/ConsoleOutput))
#57 D:/Alyasheiee/backend/vendor/symfony/console/Application.php(356): Symfony/Component/Console/Application->doRunCommand(Object(Illuminate/Database/Console/Migrations/FreshCommand), Object(Symfony/Component/Console/Input/ArgvInput), Object(Symfony/Component/Console/Output/ConsoleOutput))
#58 D:/Alyasheiee/backend/vendor/symfony/console/Application.php(195): Symfony/Component/Console/Application->doRun(Object(Symfony/Component/Console/Input/ArgvInput), Object(Symfony/Component/Console/Output/ConsoleOutput))
#59 D:/Alyasheiee/backend/vendor/laravel/framework/src/Illuminate/Foundation/Console/Kernel.php(198): Symfony/Component/Console/Application->run(Object(Symfony/Component/Console/Input/ArgvInput), Object(Symfony/Component/Console/Output/ConsoleOutput))
#60 D:/Alyasheiee/backend/vendor/laravel/framework/src/Illuminate/Foundation/Application.php(1235): Illuminate/Foundation/Console/Kernel->handle(Object(Symfony/Component/Console/Input/ArgvInput), Object(Symfony/Component/Console/Output/ConsoleOutput))
#61 D:/Alyasheiee/backend/artisan(13): Illuminate/Foundation/Application->handleCommand(Object(Symfony/Component/Console/Input/ArgvInput))
#62 {main}
"} 
[2026-06-30 01:46:37] local.ERROR: SQLSTATE[42703]: Undefined column: 7 ERROR:  column "model" of relation "equipment" does not exist
LINE 1: insert into "equipment" ("code", "name", "model", "type", "h...
                                                 ^ (Connection: pgsql, SQL: insert into "equipment" ("code", "name", "model", "type", "hourly_rate", "standard_consumption_rate", "status", "project_id", "id", "updated_at", "created_at") values (EXC-001, حفار كاتربيلر 320, CAT 320, excavator, 150, 20, working, a224acb0-6a7a-41ea-b9bb-798d93af124e, a224acb0-7914-4a4c-a03b-fbddd2e326e0, 2026-06-30 01:46:37, 2026-06-30 01:46:37)) {"exception":"[object] (Illuminate\\Database\\QueryException(code: 42703): SQLSTATE[42703]: Undefined column: 7 ERROR:  column \"model\" of relation \"equipment\" does not exist
LINE 1: insert into \"equipment\" (\"code\", \"name\", \"model\", \"type\", \"h...
                                                 ^ (Connection: pgsql, SQL: insert into \"equipment\" (\"code\", \"name\", \"model\", \"type\", \"hourly_rate\", \"standard_consumption_rate\", \"status\", \"project_id\", \"id\", \"updated_at\", \"created_at\") values (EXC-001, حفار كاتربيلر 320, CAT 320, excavator, 150, 20, working, a224acb0-6a7a-41ea-b9bb-798d93af124e, a224acb0-7914-4a4c-a03b-fbddd2e326e0, 2026-06-30 01:46:37, 2026-06-30 01:46:37)) at D:/Alyasheiee/backend/vendor/laravel/framework/src/Illuminate/Database/Connection.php:825)
[stacktrace]
#0 D:/Alyasheiee/backend/vendor/laravel/framework/src/Illuminate/Database/Connection.php(779): Illuminate/Database/Connection->runQueryCallback('insert into \"eq...', Array, Object(Closure))
#1 D:/Alyasheiee/backend/vendor/laravel/framework/src/Illuminate/Database/Connection.php(560): Illuminate/Database/Connection->run('insert into \"eq...', Array, Object(Closure))
#2 D:/Alyasheiee/backend/vendor/laravel/framework/src/Illuminate/Database/Connection.php(524): Illuminate/Database/Connection->statement('insert into \"eq...', Array)
#3 D:/Alyasheiee/backend/vendor/laravel/framework/src/Illuminate/Database/Query/Builder.php(3717): Illuminate/Database/Connection->insert('insert into \"eq...', Array)
#4 D:/Alyasheiee/backend/vendor/laravel/framework/src/Illuminate/Database/Eloquent/Builder.php(2120): Illuminate/Database/Query/Builder->insert(Array)
#5 D:/Alyasheiee/backend/vendor/laravel/framework/src/Illuminate/Database/Eloquent/Model.php(1335): Illuminate/Database/Eloquent/Builder->__call('insert', Array)
#6 D:/Alyasheiee/backend/vendor/laravel/framework/src/Illuminate/Database/Eloquent/Model.php(1163): Illuminate/Database/Eloquent/Model->performInsert(Object(Illuminate/Database/Eloquent/Builder))
#7 D:/Alyasheiee/backend/vendor/laravel/framework/src/Illuminate/Database/Eloquent/Builder.php(1128): Illuminate/Database/Eloquent/Model->save()
#8 D:/Alyasheiee/backend/vendor/laravel/framework/src/Illuminate/Support/helpers.php(399): Illuminate/Database/Eloquent/Builder->Illuminate/Database/Eloquent/{closure}(Object(App/Modules/ResourceAllocation/Models/Equipment))
#9 D:/Alyasheiee/backend/vendor/laravel/framework/src/Illuminate/Database/Eloquent/Builder.php(1127): tap(Object(App/Modules/ResourceAllocation/Models/Equipment), Object(Closure))
#10 D:/Alyasheiee/backend/vendor/laravel/framework/src/Illuminate/Database/Eloquent/Builder.php(634): Illuminate/Database/Eloquent/Builder->create(Array)
#11 D:/Alyasheiee/backend/vendor/laravel/framework/src/Illuminate/Database/Eloquent/Builder.php(1864): Illuminate/Database/Eloquent/Builder->Illuminate/Database/Eloquent/{closure}()
#12 D:/Alyasheiee/backend/vendor/laravel/framework/src/Illuminate/Database/Eloquent/Builder.php(634): Illuminate/Database/Eloquent/Builder->withSavepointIfNeeded(Object(Closure))
#13 D:/Alyasheiee/backend/vendor/laravel/framework/src/Illuminate/Database/Eloquent/Builder.php(621): Illuminate/Database/Eloquent/Builder->createOrFirst(Array, Array)
#14 D:/Alyasheiee/backend/vendor/laravel/framework/src/Illuminate/Support/Traits/ForwardsCalls.php(23): Illuminate/Database/Eloquent/Builder->firstOrCreate(Array, Array)
#15 D:/Alyasheiee/backend/vendor/laravel/framework/src/Illuminate/Database/Eloquent/Model.php(2372): Illuminate/Database/Eloquent/Model->forwardCallTo(Object(Illuminate/Database/Eloquent/Builder), 'firstOrCreate', Array)
#16 D:/Alyasheiee/backend/vendor/laravel/framework/src/Illuminate/Database/Eloquent/Model.php(2384): Illuminate/Database/Eloquent/Model->__call('firstOrCreate', Array)
#17 D:/Alyasheiee/backend/database/seeders/SystemTestDataSeeder.php(81): Illuminate/Database/Eloquent/Model::__callStatic('firstOrCreate', Array)
#18 D:/Alyasheiee/backend/vendor/laravel/framework/src/Illuminate/Container/BoundMethod.php(36): Database/Seeders/SystemTestDataSeeder->run()
#19 D:/Alyasheiee/backend/vendor/laravel/framework/src/Illuminate/Container/Util.php(43): Illuminate/Container/BoundMethod::Illuminate/Container/{closure}()
#20 D:/Alyasheiee/backend/vendor/laravel/framework/src/Illuminate/Container/BoundMethod.php(95): Illuminate/Container/Util::unwrapIfClosure(Object(Closure))
#21 D:/Alyasheiee/backend/vendor/laravel/framework/src/Illuminate/Container/BoundMethod.php(35): Illuminate/Container/BoundMethod::callBoundMethod(Object(Illuminate/Foundation/Application), Array, Object(Closure))
#22 D:/Alyasheiee/backend/vendor/laravel/framework/src/Illuminate/Container/Container.php(696): Illuminate/Container/BoundMethod::call(Object(Illuminate/Foundation/Application), Array, Array, NULL)
#23 D:/Alyasheiee/backend/vendor/laravel/framework/src/Illuminate/Database/Seeder.php(188): Illuminate/Container/Container->call(Array, Array)
#24 D:/Alyasheiee/backend/vendor/laravel/framework/src/Illuminate/Database/Seeder.php(197): Illuminate/Database/Seeder->Illuminate/Database/{closure}()
#25 D:/Alyasheiee/backend/vendor/laravel/framework/src/Illuminate/Database/Seeder.php(61): Illuminate/Database/Seeder->__invoke(Array)
#26 D:/Alyasheiee/backend/database/seeders/DatabaseSeeder.php(14): Illuminate/Database/Seeder->call('Database//Seeder...')
#27 D:/Alyasheiee/backend/vendor/laravel/framework/src/Illuminate/Container/BoundMethod.php(36): Database/Seeders/DatabaseSeeder->run()
#28 D:/Alyasheiee/backend/vendor/laravel/framework/src/Illuminate/Container/Util.php(43): Illuminate/Container/BoundMethod::Illuminate/Container/{closure}()
#29 D:/Alyasheiee/backend/vendor/laravel/framework/src/Illuminate/Container/BoundMethod.php(95): Illuminate/Container/Util::unwrapIfClosure(Object(Closure))
#30 D:/Alyasheiee/backend/vendor/laravel/framework/src/Illuminate/Container/BoundMethod.php(35): Illuminate/Container/BoundMethod::callBoundMethod(Object(Illuminate/Foundation/Application), Array, Object(Closure))
#31 D:/Alyasheiee/backend/vendor/laravel/framework/src/Illuminate/Container/Container.php(696): Illuminate/Container/BoundMethod::call(Object(Illuminate/Foundation/Application), Array, Array, NULL)
#32 D:/Alyasheiee/backend/vendor/laravel/framework/src/Illuminate/Database/Seeder.php(188): Illuminate/Container/Container->call(Array, Array)
#33 D:/Alyasheiee/backend/vendor/laravel/framework/src/Illuminate/Database/Seeder.php(197): Illuminate/Database/Seeder->Illuminate/Database/{closure}()
#34 D:/Alyasheiee/backend/vendor/laravel/framework/src/Illuminate/Database/Console/Seeds/SeedCommand.php(70): Illuminate/Database/Seeder->__invoke()
#35 D:/Alyasheiee/backend/vendor/laravel/framework/src/Illuminate/Database/Eloquent/Concerns/GuardsAttributes.php(155): Illuminate/Database/Console/Seeds/SeedCommand->Illuminate/Database/Console/Seeds/{closure}()
#36 D:/Alyasheiee/backend/vendor/laravel/framework/src/Illuminate/Database/Console/Seeds/SeedCommand.php(69): Illuminate/Database/Eloquent/Model::unguarded(Object(Closure))
#37 D:/Alyasheiee/backend/vendor/laravel/framework/src/Illuminate/Container/BoundMethod.php(36): Illuminate/Database/Console/Seeds/SeedCommand->handle()
#38 D:/Alyasheiee/backend/vendor/laravel/framework/src/Illuminate/Container/Util.php(43): Illuminate/Container/BoundMethod::Illuminate/Container/{closure}()
#39 D:/Alyasheiee/backend/vendor/laravel/framework/src/Illuminate/Container/BoundMethod.php(95): Illuminate/Container/Util::unwrapIfClosure(Object(Closure))
#40 D:/Alyasheiee/backend/vendor/laravel/framework/src/Illuminate/Container/BoundMethod.php(35): Illuminate/Container/BoundMethod::callBoundMethod(Object(Illuminate/Foundation/Application), Array, Object(Closure))
#41 D:/Alyasheiee/backend/vendor/laravel/framework/src/Illuminate/Container/Container.php(696): Illuminate/Container/BoundMethod::call(Object(Illuminate/Foundation/Application), Array, Array, NULL)
#42 D:/Alyasheiee/backend/vendor/laravel/framework/src/Illuminate/Console/Command.php(213): Illuminate/Container/Container->call(Array)
#43 D:/Alyasheiee/backend/vendor/symfony/console/Command/Command.php(341): Illuminate/Console/Command->execute(Object(Symfony/Component/Console/Input/ArrayInput), Object(Illuminate/Console/OutputStyle))
#44 D:/Alyasheiee/backend/vendor/laravel/framework/src/Illuminate/Console/Command.php(182): Symfony/Component/Console/Command/Command->run(Object(Symfony/Component/Console/Input/ArrayInput), Object(Illuminate/Console/OutputStyle))
#45 D:/Alyasheiee/backend/vendor/laravel/framework/src/Illuminate/Console/Concerns/CallsCommands.php(68): Illuminate/Console/Command->run(Object(Symfony/Component/Console/Input/ArrayInput), Object(Illuminate/Console/OutputStyle))
#46 D:/Alyasheiee/backend/vendor/laravel/framework/src/Illuminate/Console/Concerns/CallsCommands.php(29): Illuminate/Console/Command->runCommand('db:seed', Array, Object(Illuminate/Console/OutputStyle))
#47 D:/Alyasheiee/backend/vendor/laravel/framework/src/Illuminate/Database/Console/Migrations/FreshCommand.php(122): Illuminate/Console/Command->call('db:seed', Array)
#48 D:/Alyasheiee/backend/vendor/laravel/framework/src/Illuminate/Database/Console/Migrations/FreshCommand.php(98): Illuminate/Database/Console/Migrations/FreshCommand->runSeeder(NULL)
#49 D:/Alyasheiee/backend/vendor/laravel/framework/src/Illuminate/Container/BoundMethod.php(36): Illuminate/Database/Console/Migrations/FreshCommand->handle()
#50 D:/Alyasheiee/backend/vendor/laravel/framework/src/Illuminate/Container/Util.php(43): Illuminate/Container/BoundMethod::Illuminate/Container/{closure}()
#51 D:/Alyasheiee/backend/vendor/laravel/framework/src/Illuminate/Container/BoundMethod.php(95): Illuminate/Container/Util::unwrapIfClosure(Object(Closure))
#52 D:/Alyasheiee/backend/vendor/laravel/framework/src/Illuminate/Container/BoundMethod.php(35): Illuminate/Container/BoundMethod::callBoundMethod(Object(Illuminate/Foundation/Application), Array, Object(Closure))
#53 D:/Alyasheiee/backend/vendor/laravel/framework/src/Illuminate/Container/Container.php(696): Illuminate/Container/BoundMethod::call(Object(Illuminate/Foundation/Application), Array, Array, NULL)
#54 D:/Alyasheiee/backend/vendor/laravel/framework/src/Illuminate/Console/Command.php(213): Illuminate/Container/Container->call(Array)
#55 D:/Alyasheiee/backend/vendor/symfony/console/Command/Command.php(341): Illuminate/Console/Command->execute(Object(Symfony/Component/Console/Input/ArgvInput), Object(Illuminate/Console/OutputStyle))
#56 D:/Alyasheiee/backend/vendor/laravel/framework/src/Illuminate/Console/Command.php(182): Symfony/Component/Console/Command/Command->run(Object(Symfony/Component/Console/Input/ArgvInput), Object(Illuminate/Console/OutputStyle))
#57 D:/Alyasheiee/backend/vendor/symfony/console/Application.php(1117): Illuminate/Console/Command->run(Object(Symfony/Component/Console/Input/ArgvInput), Object(Symfony/Component/Console/Output/ConsoleOutput))
#58 D:/Alyasheiee/backend/vendor/symfony/console/Application.php(356): Symfony/Component/Console/Application->doRunCommand(Object(Illuminate/Database/Console/Migrations/FreshCommand), Object(Symfony/Component/Console/Input/ArgvInput), Object(Symfony/Component/Console/Output/ConsoleOutput))
#59 D:/Alyasheiee/backend/vendor/symfony/console/Application.php(195): Symfony/Component/Console/Application->doRun(Object(Symfony/Component/Console/Input/ArgvInput), Object(Symfony/Component/Console/Output/ConsoleOutput))
#60 D:/Alyasheiee/backend/vendor/laravel/framework/src/Illuminate/Foundation/Console/Kernel.php(198): Symfony/Component/Console/Application->run(Object(Symfony/Component/Console/Input/ArgvInput), Object(Symfony/Component/Console/Output/ConsoleOutput))
#61 D:/Alyasheiee/backend/vendor/laravel/framework/src/Illuminate/Foundation/Application.php(1235): Illuminate/Foundation/Console/Kernel->handle(Object(Symfony/Component/Console/Input/ArgvInput), Object(Symfony/Component/Console/Output/ConsoleOutput))
#62 D:/Alyasheiee/backend/artisan(13): Illuminate/Foundation/Application->handleCommand(Object(Symfony/Component/Console/Input/ArgvInput))
#63 {main}

[previous exception] [object] (PDOException(code: 42703): SQLSTATE[42703]: Undefined column: 7 ERROR:  column \"model\" of relation \"equipment\" does not exist
LINE 1: insert into \"equipment\" (\"code\", \"name\", \"model\", \"type\", \"h...
                                                 ^ at D:/Alyasheiee/backend/vendor/laravel/framework/src/Illuminate/Database/Connection.php:571)
[stacktrace]
#0 D:/Alyasheiee/backend/vendor/laravel/framework/src/Illuminate/Database/Connection.php(571): PDOStatement->execute()
#1 D:/Alyasheiee/backend/vendor/laravel/framework/src/Illuminate/Database/Connection.php(812): Illuminate/Database/Connection->Illuminate/Database/{closure}('insert into \"eq...', Array)
#2 D:/Alyasheiee/backend/vendor/laravel/framework/src/Illuminate/Database/Connection.php(779): Illuminate/Database/Connection->runQueryCallback('insert into \"eq...', Array, Object(Closure))
#3 D:/Alyasheiee/backend/vendor/laravel/framework/src/Illuminate/Database/Connection.php(560): Illuminate/Database/Connection->run('insert into \"eq...', Array, Object(Closure))
#4 D:/Alyasheiee/backend/vendor/laravel/framework/src/Illuminate/Database/Connection.php(524): Illuminate/Database/Connection->statement('insert into \"eq...', Array)
#5 D:/Alyasheiee/backend/vendor/laravel/framework/src/Illuminate/Database/Query/Builder.php(3717): Illuminate/Database/Connection->insert('insert into \"eq...', Array)
#6 D:/Alyasheiee/backend/vendor/laravel/framework/src/Illuminate/Database/Eloquent/Builder.php(2120): Illuminate/Database/Query/Builder->insert(Array)
#7 D:/Alyasheiee/backend/vendor/laravel/framework/src/Illuminate/Database/Eloquent/Model.php(1335): Illuminate/Database/Eloquent/Builder->__call('insert', Array)
#8 D:/Alyasheiee/backend/vendor/laravel/framework/src/Illuminate/Database/Eloquent/Model.php(1163): Illuminate/Database/Eloquent/Model->performInsert(Object(Illuminate/Database/Eloquent/Builder))
#9 D:/Alyasheiee/backend/vendor/laravel/framework/src/Illuminate/Database/Eloquent/Builder.php(1128): Illuminate/Database/Eloquent/Model->save()
#10 D:/Alyasheiee/backend/vendor/laravel/framework/src/Illuminate/Support/helpers.php(399): Illuminate/Database/Eloquent/Builder->Illuminate/Database/Eloquent/{closure}(Object(App/Modules/ResourceAllocation/Models/Equipment))
#11 D:/Alyasheiee/backend/vendor/laravel/framework/src/Illuminate/Database/Eloquent/Builder.php(1127): tap(Object(App/Modules/ResourceAllocation/Models/Equipment), Object(Closure))
#12 D:/Alyasheiee/backend/vendor/laravel/framework/src/Illuminate/Database/Eloquent/Builder.php(634): Illuminate/Database/Eloquent/Builder->create(Array)
#13 D:/Alyasheiee/backend/vendor/laravel/framework/src/Illuminate/Database/Eloquent/Builder.php(1864): Illuminate/Database/Eloquent/Builder->Illuminate/Database/Eloquent/{closure}()
#14 D:/Alyasheiee/backend/vendor/laravel/framework/src/Illuminate/Database/Eloquent/Builder.php(634): Illuminate/Database/Eloquent/Builder->withSavepointIfNeeded(Object(Closure))
#15 D:/Alyasheiee/backend/vendor/laravel/framework/src/Illuminate/Database/Eloquent/Builder.php(621): Illuminate/Database/Eloquent/Builder->createOrFirst(Array, Array)
#16 D:/Alyasheiee/backend/vendor/laravel/framework/src/Illuminate/Support/Traits/ForwardsCalls.php(23): Illuminate/Database/Eloquent/Builder->firstOrCreate(Array, Array)
#17 D:/Alyasheiee/backend/vendor/laravel/framework/src/Illuminate/Database/Eloquent/Model.php(2372): Illuminate/Database/Eloquent/Model->forwardCallTo(Object(Illuminate/Database/Eloquent/Builder), 'firstOrCreate', Array)
#18 D:/Alyasheiee/backend/vendor/laravel/framework/src/Illuminate/Database/Eloquent/Model.php(2384): Illuminate/Database/Eloquent/Model->__call('firstOrCreate', Array)
#19 D:/Alyasheiee/backend/database/seeders/SystemTestDataSeeder.php(81): Illuminate/Database/Eloquent/Model::__callStatic('firstOrCreate', Array)
#20 D:/Alyasheiee/backend/vendor/laravel/framework/src/Illuminate/Container/BoundMethod.php(36): Database/Seeders/SystemTestDataSeeder->run()
#21 D:/Alyasheiee/backend/vendor/laravel/framework/src/Illuminate/Container/Util.php(43): Illuminate/Container/BoundMethod::Illuminate/Container/{closure}()
#22 D:/Alyasheiee/backend/vendor/laravel/framework/src/Illuminate/Container/BoundMethod.php(95): Illuminate/Container/Util::unwrapIfClosure(Object(Closure))
#23 D:/Alyasheiee/backend/vendor/laravel/framework/src/Illuminate/Container/BoundMethod.php(35): Illuminate/Container/BoundMethod::callBoundMethod(Object(Illuminate/Foundation/Application), Array, Object(Closure))
#24 D:/Alyasheiee/backend/vendor/laravel/framework/src/Illuminate/Container/Container.php(696): Illuminate/Container/BoundMethod::call(Object(Illuminate/Foundation/Application), Array, Array, NULL)
#25 D:/Alyasheiee/backend/vendor/laravel/framework/src/Illuminate/Database/Seeder.php(188): Illuminate/Container/Container->call(Array, Array)
#26 D:/Alyasheiee/backend/vendor/laravel/framework/src/Illuminate/Database/Seeder.php(197): Illuminate/Database/Seeder->Illuminate/Database/{closure}()
#27 D:/Alyasheiee/backend/vendor/laravel/framework/src/Illuminate/Database/Seeder.php(61): Illuminate/Database/Seeder->__invoke(Array)
#28 D:/Alyasheiee/backend/database/seeders/DatabaseSeeder.php(14): Illuminate/Database/Seeder->call('Database//Seeder...')
#29 D:/Alyasheiee/backend/vendor/laravel/framework/src/Illuminate/Container/BoundMethod.php(36): Database/Seeders/DatabaseSeeder->run()
#30 D:/Alyasheiee/backend/vendor/laravel/framework/src/Illuminate/Container/Util.php(43): Illuminate/Container/BoundMethod::Illuminate/Container/{closure}()
#31 D:/Alyasheiee/backend/vendor/laravel/framework/src/Illuminate/Container/BoundMethod.php(95): Illuminate/Container/Util::unwrapIfClosure(Object(Closure))
#32 D:/Alyasheiee/backend/vendor/laravel/framework/src/Illuminate/Container/BoundMethod.php(35): Illuminate/Container/BoundMethod::callBoundMethod(Object(Illuminate/Foundation/Application), Array, Object(Closure))
#33 D:/Alyasheiee/backend/vendor/laravel/framework/src/Illuminate/Container/Container.php(696): Illuminate/Container/BoundMethod::call(Object(Illuminate/Foundation/Application), Array, Array, NULL)
#34 D:/Alyasheiee/backend/vendor/laravel/framework/src/Illuminate/Database/Seeder.php(188): Illuminate/Container/Container->call(Array, Array)
#35 D:/Alyasheiee/backend/vendor/laravel/framework/src/Illuminate/Database/Seeder.php(197): Illuminate/Database/Seeder->Illuminate/Database/{closure}()
#36 D:/Alyasheiee/backend/vendor/laravel/framework/src/Illuminate/Database/Console/Seeds/SeedCommand.php(70): Illuminate/Database/Seeder->__invoke()
#37 D:/Alyasheiee/backend/vendor/laravel/framework/src/Illuminate/Database/Eloquent/Concerns/GuardsAttributes.php(155): Illuminate/Database/Console/Seeds/SeedCommand->Illuminate/Database/Console/Seeds/{closure}()
#38 D:/Alyasheiee/backend/vendor/laravel/framework/src/Illuminate/Database/Console/Seeds/SeedCommand.php(69): Illuminate/Database/Eloquent/Model::unguarded(Object(Closure))
#39 D:/Alyasheiee/backend/vendor/laravel/framework/src/Illuminate/Container/BoundMethod.php(36): Illuminate/Database/Console/Seeds/SeedCommand->handle()
#40 D:/Alyasheiee/backend/vendor/laravel/framework/src/Illuminate/Container/Util.php(43): Illuminate/Container/BoundMethod::Illuminate/Container/{closure}()
#41 D:/Alyasheiee/backend/vendor/laravel/framework/src/Illuminate/Container/BoundMethod.php(95): Illuminate/Container/Util::unwrapIfClosure(Object(Closure))
#42 D:/Alyasheiee/backend/vendor/laravel/framework/src/Illuminate/Container/BoundMethod.php(35): Illuminate/Container/BoundMethod::callBoundMethod(Object(Illuminate/Foundation/Application), Array, Object(Closure))
#43 D:/Alyasheiee/backend/vendor/laravel/framework/src/Illuminate/Container/Container.php(696): Illuminate/Container/BoundMethod::call(Object(Illuminate/Foundation/Application), Array, Array, NULL)
#44 D:/Alyasheiee/backend/vendor/laravel/framework/src/Illuminate/Console/Command.php(213): Illuminate/Container/Container->call(Array)
#45 D:/Alyasheiee/backend/vendor/symfony/console/Command/Command.php(341): Illuminate/Console/Command->execute(Object(Symfony/Component/Console/Input/ArrayInput), Object(Illuminate/Console/OutputStyle))
#46 D:/Alyasheiee/backend/vendor/laravel/framework/src/Illuminate/Console/Command.php(182): Symfony/Component/Console/Command/Command->run(Object(Symfony/Component/Console/Input/ArrayInput), Object(Illuminate/Console/OutputStyle))
#47 D:/Alyasheiee/backend/vendor/laravel/framework/src/Illuminate/Console/Concerns/CallsCommands.php(68): Illuminate/Console/Command->run(Object(Symfony/Component/Console/Input/ArrayInput), Object(Illuminate/Console/OutputStyle))
#48 D:/Alyasheiee/backend/vendor/laravel/framework/src/Illuminate/Console/Concerns/CallsCommands.php(29): Illuminate/Console/Command->runCommand('db:seed', Array, Object(Illuminate/Console/OutputStyle))
#49 D:/Alyasheiee/backend/vendor/laravel/framework/src/Illuminate/Database/Console/Migrations/FreshCommand.php(122): Illuminate/Console/Command->call('db:seed', Array)
#50 D:/Alyasheiee/backend/vendor/laravel/framework/src/Illuminate/Database/Console/Migrations/FreshCommand.php(98): Illuminate/Database/Console/Migrations/FreshCommand->runSeeder(NULL)
#51 D:/Alyasheiee/backend/vendor/laravel/framework/src/Illuminate/Container/BoundMethod.php(36): Illuminate/Database/Console/Migrations/FreshCommand->handle()
#52 D:/Alyasheiee/backend/vendor/laravel/framework/src/Illuminate/Container/Util.php(43): Illuminate/Container/BoundMethod::Illuminate/Container/{closure}()
#53 D:/Alyasheiee/backend/vendor/laravel/framework/src/Illuminate/Container/BoundMethod.php(95): Illuminate/Container/Util::unwrapIfClosure(Object(Closure))
#54 D:/Alyasheiee/backend/vendor/laravel/framework/src/Illuminate/Container/BoundMethod.php(35): Illuminate/Container/BoundMethod::callBoundMethod(Object(Illuminate/Foundation/Application), Array, Object(Closure))
#55 D:/Alyasheiee/backend/vendor/laravel/framework/src/Illuminate/Container/Container.php(696): Illuminate/Container/BoundMethod::call(Object(Illuminate/Foundation/Application), Array, Array, NULL)
#56 D:/Alyasheiee/backend/vendor/laravel/framework/src/Illuminate/Console/Command.php(213): Illuminate/Container/Container->call(Array)
#57 D:/Alyasheiee/backend/vendor/symfony/console/Command/Command.php(341): Illuminate/Console/Command->execute(Object(Symfony/Component/Console/Input/ArgvInput), Object(Illuminate/Console/OutputStyle))
#58 D:/Alyasheiee/backend/vendor/laravel/framework/src/Illuminate/Console/Command.php(182): Symfony/Component/Console/Command/Command->run(Object(Symfony/Component/Console/Input/ArgvInput), Object(Illuminate/Console/OutputStyle))
#59 D:/Alyasheiee/backend/vendor/symfony/console/Application.php(1117): Illuminate/Console/Command->run(Object(Symfony/Component/Console/Input/ArgvInput), Object(Symfony/Component/Console/Output/ConsoleOutput))
#60 D:/Alyasheiee/backend/vendor/symfony/console/Application.php(356): Symfony/Component/Console/Application->doRunCommand(Object(Illuminate/Database/Console/Migrations/FreshCommand), Object(Symfony/Component/Console/Input/ArgvInput), Object(Symfony/Component/Console/Output/ConsoleOutput))
#61 D:/Alyasheiee/backend/vendor/symfony/console/Application.php(195): Symfony/Component/Console/Application->doRun(Object(Symfony/Component/Console/Input/ArgvInput), Object(Symfony/Component/Console/Output/ConsoleOutput))
#62 D:/Alyasheiee/backend/vendor/laravel/framework/src/Illuminate/Foundation/Console/Kernel.php(198): Symfony/Component/Console/Application->run(Object(Symfony/Component/Console/Input/ArgvInput), Object(Symfony/Component/Console/Output/ConsoleOutput))
#63 D:/Alyasheiee/backend/vendor/laravel/framework/src/Illuminate/Foundation/Application.php(1235): Illuminate/Foundation/Console/Kernel->handle(Object(Symfony/Component/Console/Input/ArgvInput), Object(Symfony/Component/Console/Output/ConsoleOutput))
#64 D:/Alyasheiee/backend/artisan(13): Illuminate/Foundation/Application->handleCommand(Object(Symfony/Component/Console/Input/ArgvInput))
#65 {main}
"} 
[2026-06-30 01:58:13] local.ERROR: SQLSTATE[42804]: Datatype mismatch: 7 ERROR:  foreign key constraint "daily_logs_recorder_id_foreign" cannot be implemented
DETAIL:  Key columns "recorder_id" of the referencing table and "id" of the referenced table are of incompatible types: uuid and bigint. (Connection: pgsql, SQL: alter table "daily_logs" add constraint "daily_logs_recorder_id_foreign" foreign key ("recorder_id") references "users" ("id")) {"exception":"[object] (Illuminate\\Database\\QueryException(code: 42804): SQLSTATE[42804]: Datatype mismatch: 7 ERROR:  foreign key constraint \"daily_logs_recorder_id_foreign\" cannot be implemented
DETAIL:  Key columns \"recorder_id\" of the referencing table and \"id\" of the referenced table are of incompatible types: uuid and bigint. (Connection: pgsql, SQL: alter table \"daily_logs\" add constraint \"daily_logs_recorder_id_foreign\" foreign key (\"recorder_id\") references \"users\" (\"id\")) at D:/Alyasheiee/backend/vendor/laravel/framework/src/Illuminate/Database/Connection.php:825)
[stacktrace]
#0 D:/Alyasheiee/backend/vendor/laravel/framework/src/Illuminate/Database/Connection.php(779): Illuminate/Database/Connection->runQueryCallback('alter table \"da...', Array, Object(Closure))
#1 D:/Alyasheiee/backend/vendor/laravel/framework/src/Illuminate/Database/Connection.php(560): Illuminate/Database/Connection->run('alter table \"da...', Array, Object(Closure))
#2 D:/Alyasheiee/backend/vendor/laravel/framework/src/Illuminate/Database/Schema/Blueprint.php(118): Illuminate/Database/Connection->statement('alter table \"da...')
#3 D:/Alyasheiee/backend/vendor/laravel/framework/src/Illuminate/Database/Schema/Builder.php(564): Illuminate/Database/Schema/Blueprint->build(Object(Illuminate/Database/PostgresConnection), Object(Illuminate/Database/Schema/Grammars/PostgresGrammar))
#4 D:/Alyasheiee/backend/vendor/laravel/framework/src/Illuminate/Database/Schema/Builder.php(418): Illuminate/Database/Schema/Builder->build(Object(Illuminate/Database/Schema/Blueprint))
#5 D:/Alyasheiee/backend/vendor/laravel/framework/src/Illuminate/Support/Facades/Facade.php(361): Illuminate/Database/Schema/Builder->create('daily_logs', Object(Closure))
#6 D:/Alyasheiee/backend/database/migrations/2024_03_23_000003_create_daily_operations_table.php(12): Illuminate/Support/Facades/Facade::__callStatic('create', Array)
#7 D:/Alyasheiee/backend/vendor/laravel/framework/src/Illuminate/Database/Migrations/Migrator.php(507): Illuminate/Database/Migrations/Migration@anonymous->up()
#8 D:/Alyasheiee/backend/vendor/laravel/framework/src/Illuminate/Database/Migrations/Migrator.php(432): Illuminate/Database/Migrations/Migrator->runMethod(Object(Illuminate/Database/PostgresConnection), Object(Illuminate/Database/Migrations/Migration@anonymous), 'up')
#9 D:/Alyasheiee/backend/vendor/laravel/framework/src/Illuminate/Database/Concerns/ManagesTransactions.php(32): Illuminate/Database/Migrations/Migrator->Illuminate/Database/Migrations/{closure}(Object(Illuminate/Database/PostgresConnection))
#10 D:/Alyasheiee/backend/vendor/laravel/framework/src/Illuminate/Database/Migrations/Migrator.php(440): Illuminate/Database/Connection->transaction(Object(Closure))
#11 D:/Alyasheiee/backend/vendor/laravel/framework/src/Illuminate/Database/Migrations/Migrator.php(244): Illuminate/Database/Migrations/Migrator->runMigration(Object(Illuminate/Database/Migrations/Migration@anonymous), 'up')
#12 D:/Alyasheiee/backend/vendor/laravel/framework/src/Illuminate/Console/View/Components/Task.php(40): Illuminate/Database/Migrations/Migrator->Illuminate/Database/Migrations/{closure}()
#13 D:/Alyasheiee/backend/vendor/laravel/framework/src/Illuminate/Database/Migrations/Migrator.php(798): Illuminate/Console/View/Components/Task->render('2024_03_23_0000...', Object(Closure))
#14 D:/Alyasheiee/backend/vendor/laravel/framework/src/Illuminate/Database/Migrations/Migrator.php(244): Illuminate/Database/Migrations/Migrator->write('Illuminate//Cons...', '2024_03_23_0000...', Object(Closure))
#15 D:/Alyasheiee/backend/vendor/laravel/framework/src/Illuminate/Database/Migrations/Migrator.php(211): Illuminate/Database/Migrations/Migrator->runUp('D://Alyasheiee//b...', 1, false)
#16 D:/Alyasheiee/backend/vendor/laravel/framework/src/Illuminate/Database/Migrations/Migrator.php(138): Illuminate/Database/Migrations/Migrator->runPending(Array, Array)
#17 D:/Alyasheiee/backend/vendor/laravel/framework/src/Illuminate/Database/Console/Migrations/MigrateCommand.php(117): Illuminate/Database/Migrations/Migrator->run(Array, Array)
#18 D:/Alyasheiee/backend/vendor/laravel/framework/src/Illuminate/Database/Migrations/Migrator.php(658): Illuminate/Database/Console/Migrations/MigrateCommand->Illuminate/Database/Console/Migrations/{closure}()
#19 D:/Alyasheiee/backend/vendor/laravel/framework/src/Illuminate/Database/Console/Migrations/MigrateCommand.php(110): Illuminate/Database/Migrations/Migrator->usingConnection(NULL, Object(Closure))
#20 D:/Alyasheiee/backend/vendor/laravel/framework/src/Illuminate/Database/Console/Migrations/MigrateCommand.php(89): Illuminate/Database/Console/Migrations/MigrateCommand->runMigrations()
#21 D:/Alyasheiee/backend/vendor/laravel/framework/src/Illuminate/Container/BoundMethod.php(36): Illuminate/Database/Console/Migrations/MigrateCommand->handle()
#22 D:/Alyasheiee/backend/vendor/laravel/framework/src/Illuminate/Container/Util.php(43): Illuminate/Container/BoundMethod::Illuminate/Container/{closure}()
#23 D:/Alyasheiee/backend/vendor/laravel/framework/src/Illuminate/Container/BoundMethod.php(95): Illuminate/Container/Util::unwrapIfClosure(Object(Closure))
#24 D:/Alyasheiee/backend/vendor/laravel/framework/src/Illuminate/Container/BoundMethod.php(35): Illuminate/Container/BoundMethod::callBoundMethod(Object(Illuminate/Foundation/Application), Array, Object(Closure))
#25 D:/Alyasheiee/backend/vendor/laravel/framework/src/Illuminate/Container/Container.php(696): Illuminate/Container/BoundMethod::call(Object(Illuminate/Foundation/Application), Array, Array, NULL)
#26 D:/Alyasheiee/backend/vendor/laravel/framework/src/Illuminate/Console/Command.php(213): Illuminate/Container/Container->call(Array)
#27 D:/Alyasheiee/backend/vendor/symfony/console/Command/Command.php(341): Illuminate/Console/Command->execute(Object(Symfony/Component/Console/Input/ArrayInput), Object(Illuminate/Console/OutputStyle))
#28 D:/Alyasheiee/backend/vendor/laravel/framework/src/Illuminate/Console/Command.php(182): Symfony/Component/Console/Command/Command->run(Object(Symfony/Component/Console/Input/ArrayInput), Object(Illuminate/Console/OutputStyle))
#29 D:/Alyasheiee/backend/vendor/laravel/framework/src/Illuminate/Console/Concerns/CallsCommands.php(68): Illuminate/Console/Command->run(Object(Symfony/Component/Console/Input/ArrayInput), Object(Illuminate/Console/OutputStyle))
#30 D:/Alyasheiee/backend/vendor/laravel/framework/src/Illuminate/Console/Concerns/CallsCommands.php(29): Illuminate/Console/Command->runCommand('migrate', Array, Object(Illuminate/Console/OutputStyle))
#31 D:/Alyasheiee/backend/vendor/laravel/framework/src/Illuminate/Database/Console/Migrations/FreshCommand.php(82): Illuminate/Console/Command->call('migrate', Array)
#32 D:/Alyasheiee/backend/vendor/laravel/framework/src/Illuminate/Container/BoundMethod.php(36): Illuminate/Database/Console/Migrations/FreshCommand->handle()
#33 D:/Alyasheiee/backend/vendor/laravel/framework/src/Illuminate/Container/Util.php(43): Illuminate/Container/BoundMethod::Illuminate/Container/{closure}()
#34 D:/Alyasheiee/backend/vendor/laravel/framework/src/Illuminate/Container/BoundMethod.php(95): Illuminate/Container/Util::unwrapIfClosure(Object(Closure))
#35 D:/Alyasheiee/backend/vendor/laravel/framework/src/Illuminate/Container/BoundMethod.php(35): Illuminate/Container/BoundMethod::callBoundMethod(Object(Illuminate/Foundation/Application), Array, Object(Closure))
#36 D:/Alyasheiee/backend/vendor/laravel/framework/src/Illuminate/Container/Container.php(696): Illuminate/Container/BoundMethod::call(Object(Illuminate/Foundation/Application), Array, Array, NULL)
#37 D:/Alyasheiee/backend/vendor/laravel/framework/src/Illuminate/Console/Command.php(213): Illuminate/Container/Container->call(Array)
#38 D:/Alyasheiee/backend/vendor/symfony/console/Command/Command.php(341): Illuminate/Console/Command->execute(Object(Symfony/Component/Console/Input/ArgvInput), Object(Illuminate/Console/OutputStyle))
#39 D:/Alyasheiee/backend/vendor/laravel/framework/src/Illuminate/Console/Command.php(182): Symfony/Component/Console/Command/Command->run(Object(Symfony/Component/Console/Input/ArgvInput), Object(Illuminate/Console/OutputStyle))
#40 D:/Alyasheiee/backend/vendor/symfony/console/Application.php(1117): Illuminate/Console/Command->run(Object(Symfony/Component/Console/Input/ArgvInput), Object(Symfony/Component/Console/Output/ConsoleOutput))
#41 D:/Alyasheiee/backend/vendor/symfony/console/Application.php(356): Symfony/Component/Console/Application->doRunCommand(Object(Illuminate/Database/Console/Migrations/FreshCommand), Object(Symfony/Component/Console/Input/ArgvInput), Object(Symfony/Component/Console/Output/ConsoleOutput))
#42 D:/Alyasheiee/backend/vendor/symfony/console/Application.php(195): Symfony/Component/Console/Application->doRun(Object(Symfony/Component/Console/Input/ArgvInput), Object(Symfony/Component/Console/Output/ConsoleOutput))
#43 D:/Alyasheiee/backend/vendor/laravel/framework/src/Illuminate/Foundation/Console/Kernel.php(198): Symfony/Component/Console/Application->run(Object(Symfony/Component/Console/Input/ArgvInput), Object(Symfony/Component/Console/Output/ConsoleOutput))
#44 D:/Alyasheiee/backend/vendor/laravel/framework/src/Illuminate/Foundation/Application.php(1235): Illuminate/Foundation/Console/Kernel->handle(Object(Symfony/Component/Console/Input/ArgvInput), Object(Symfony/Component/Console/Output/ConsoleOutput))
#45 D:/Alyasheiee/backend/artisan(13): Illuminate/Foundation/Application->handleCommand(Object(Symfony/Component/Console/Input/ArgvInput))
#46 {main}

[previous exception] [object] (PDOException(code: 42804): SQLSTATE[42804]: Datatype mismatch: 7 ERROR:  foreign key constraint \"daily_logs_recorder_id_foreign\" cannot be implemented
DETAIL:  Key columns \"recorder_id\" of the referencing table and \"id\" of the referenced table are of incompatible types: uuid and bigint. at D:/Alyasheiee/backend/vendor/laravel/framework/src/Illuminate/Database/Connection.php:571)
[stacktrace]
#0 D:/Alyasheiee/backend/vendor/laravel/framework/src/Illuminate/Database/Connection.php(571): PDOStatement->execute()
#1 D:/Alyasheiee/backend/vendor/laravel/framework/src/Illuminate/Database/Connection.php(812): Illuminate/Database/Connection->Illuminate/Database/{closure}('alter table \"da...', Array)
#2 D:/Alyasheiee/backend/vendor/laravel/framework/src/Illuminate/Database/Connection.php(779): Illuminate/Database/Connection->runQueryCallback('alter table \"da...', Array, Object(Closure))
#3 D:/Alyasheiee/backend/vendor/laravel/framework/src/Illuminate/Database/Connection.php(560): Illuminate/Database/Connection->run('alter table \"da...', Array, Object(Closure))
#4 D:/Alyasheiee/backend/vendor/laravel/framework/src/Illuminate/Database/Schema/Blueprint.php(118): Illuminate/Database/Connection->statement('alter table \"da...')
#5 D:/Alyasheiee/backend/vendor/laravel/framework/src/Illuminate/Database/Schema/Builder.php(564): Illuminate/Database/Schema/Blueprint->build(Object(Illuminate/Database/PostgresConnection), Object(Illuminate/Database/Schema/Grammars/PostgresGrammar))
#6 D:/Alyasheiee/backend/vendor/laravel/framework/src/Illuminate/Database/Schema/Builder.php(418): Illuminate/Database/Schema/Builder->build(Object(Illuminate/Database/Schema/Blueprint))
#7 D:/Alyasheiee/backend/vendor/laravel/framework/src/Illuminate/Support/Facades/Facade.php(361): Illuminate/Database/Schema/Builder->create('daily_logs', Object(Closure))
#8 D:/Alyasheiee/backend/database/migrations/2024_03_23_000003_create_daily_operations_table.php(12): Illuminate/Support/Facades/Facade::__callStatic('create', Array)
#9 D:/Alyasheiee/backend/vendor/laravel/framework/src/Illuminate/Database/Migrations/Migrator.php(507): Illuminate/Database/Migrations/Migration@anonymous->up()
#10 D:/Alyasheiee/backend/vendor/laravel/framework/src/Illuminate/Database/Migrations/Migrator.php(432): Illuminate/Database/Migrations/Migrator->runMethod(Object(Illuminate/Database/PostgresConnection), Object(Illuminate/Database/Migrations/Migration@anonymous), 'up')
#11 D:/Alyasheiee/backend/vendor/laravel/framework/src/Illuminate/Database/Concerns/ManagesTransactions.php(32): Illuminate/Database/Migrations/Migrator->Illuminate/Database/Migrations/{closure}(Object(Illuminate/Database/PostgresConnection))
#12 D:/Alyasheiee/backend/vendor/laravel/framework/src/Illuminate/Database/Migrations/Migrator.php(440): Illuminate/Database/Connection->transaction(Object(Closure))
#13 D:/Alyasheiee/backend/vendor/laravel/framework/src/Illuminate/Database/Migrations/Migrator.php(244): Illuminate/Database/Migrations/Migrator->runMigration(Object(Illuminate/Database/Migrations/Migration@anonymous), 'up')
#14 D:/Alyasheiee/backend/vendor/laravel/framework/src/Illuminate/Console/View/Components/Task.php(40): Illuminate/Database/Migrations/Migrator->Illuminate/Database/Migrations/{closure}()
#15 D:/Alyasheiee/backend/vendor/laravel/framework/src/Illuminate/Database/Migrations/Migrator.php(798): Illuminate/Console/View/Components/Task->render('2024_03_23_0000...', Object(Closure))
#16 D:/Alyasheiee/backend/vendor/laravel/framework/src/Illuminate/Database/Migrations/Migrator.php(244): Illuminate/Database/Migrations/Migrator->write('Illuminate//Cons...', '2024_03_23_0000...', Object(Closure))
#17 D:/Alyasheiee/backend/vendor/laravel/framework/src/Illuminate/Database/Migrations/Migrator.php(211): Illuminate/Database/Migrations/Migrator->runUp('D://Alyasheiee//b...', 1, false)
#18 D:/Alyasheiee/backend/vendor/laravel/framework/src/Illuminate/Database/Migrations/Migrator.php(138): Illuminate/Database/Migrations/Migrator->runPending(Array, Array)
#19 D:/Alyasheiee/backend/vendor/laravel/framework/src/Illuminate/Database/Console/Migrations/MigrateCommand.php(117): Illuminate/Database/Migrations/Migrator->run(Array, Array)
#20 D:/Alyasheiee/backend/vendor/laravel/framework/src/Illuminate/Database/Migrations/Migrator.php(658): Illuminate/Database/Console/Migrations/MigrateCommand->Illuminate/Database/Console/Migrations/{closure}()
#21 D:/Alyasheiee/backend/vendor/laravel/framework/src/Illuminate/Database/Console/Migrations/MigrateCommand.php(110): Illuminate/Database/Migrations/Migrator->usingConnection(NULL, Object(Closure))
#22 D:/Alyasheiee/backend/vendor/laravel/framework/src/Illuminate/Database/Console/Migrations/MigrateCommand.php(89): Illuminate/Database/Console/Migrations/MigrateCommand->runMigrations()
#23 D:/Alyasheiee/backend/vendor/laravel/framework/src/Illuminate/Container/BoundMethod.php(36): Illuminate/Database/Console/Migrations/MigrateCommand->handle()
#24 D:/Alyasheiee/backend/vendor/laravel/framework/src/Illuminate/Container/Util.php(43): Illuminate/Container/BoundMethod::Illuminate/Container/{closure}()
#25 D:/Alyasheiee/backend/vendor/laravel/framework/src/Illuminate/Container/BoundMethod.php(95): Illuminate/Container/Util::unwrapIfClosure(Object(Closure))
#26 D:/Alyasheiee/backend/vendor/laravel/framework/src/Illuminate/Container/BoundMethod.php(35): Illuminate/Container/BoundMethod::callBoundMethod(Object(Illuminate/Foundation/Application), Array, Object(Closure))
#27 D:/Alyasheiee/backend/vendor/laravel/framework/src/Illuminate/Container/Container.php(696): Illuminate/Container/BoundMethod::call(Object(Illuminate/Foundation/Application), Array, Array, NULL)
#28 D:/Alyasheiee/backend/vendor/laravel/framework/src/Illuminate/Console/Command.php(213): Illuminate/Container/Container->call(Array)
#29 D:/Alyasheiee/backend/vendor/symfony/console/Command/Command.php(341): Illuminate/Console/Command->execute(Object(Symfony/Component/Console/Input/ArrayInput), Object(Illuminate/Console/OutputStyle))
#30 D:/Alyasheiee/backend/vendor/laravel/framework/src/Illuminate/Console/Command.php(182): Symfony/Component/Console/Command/Command->run(Object(Symfony/Component/Console/Input/ArrayInput), Object(Illuminate/Console/OutputStyle))
#31 D:/Alyasheiee/backend/vendor/laravel/framework/src/Illuminate/Console/Concerns/CallsCommands.php(68): Illuminate/Console/Command->run(Object(Symfony/Component/Console/Input/ArrayInput), Object(Illuminate/Console/OutputStyle))
#32 D:/Alyasheiee/backend/vendor/laravel/framework/src/Illuminate/Console/Concerns/CallsCommands.php(29): Illuminate/Console/Command->runCommand('migrate', Array, Object(Illuminate/Console/OutputStyle))
#33 D:/Alyasheiee/backend/vendor/laravel/framework/src/Illuminate/Database/Console/Migrations/FreshCommand.php(82): Illuminate/Console/Command->call('migrate', Array)
#34 D:/Alyasheiee/backend/vendor/laravel/framework/src/Illuminate/Container/BoundMethod.php(36): Illuminate/Database/Console/Migrations/FreshCommand->handle()
#35 D:/Alyasheiee/backend/vendor/laravel/framework/src/Illuminate/Container/Util.php(43): Illuminate/Container/BoundMethod::Illuminate/Container/{closure}()
#36 D:/Alyasheiee/backend/vendor/laravel/framework/src/Illuminate/Container/BoundMethod.php(95): Illuminate/Container/Util::unwrapIfClosure(Object(Closure))
#37 D:/Alyasheiee/backend/vendor/laravel/framework/src/Illuminate/Container/BoundMethod.php(35): Illuminate/Container/BoundMethod::callBoundMethod(Object(Illuminate/Foundation/Application), Array, Object(Closure))
#38 D:/Alyasheiee/backend/vendor/laravel/framework/src/Illuminate/Container/Container.php(696): Illuminate/Container/BoundMethod::call(Object(Illuminate/Foundation/Application), Array, Array, NULL)
#39 D:/Alyasheiee/backend/vendor/laravel/framework/src/Illuminate/Console/Command.php(213): Illuminate/Container/Container->call(Array)
#40 D:/Alyasheiee/backend/vendor/symfony/console/Command/Command.php(341): Illuminate/Console/Command->execute(Object(Symfony/Component/Console/Input/ArgvInput), Object(Illuminate/Console/OutputStyle))
#41 D:/Alyasheiee/backend/vendor/laravel/framework/src/Illuminate/Console/Command.php(182): Symfony/Component/Console/Command/Command->run(Object(Symfony/Component/Console/Input/ArgvInput), Object(Illuminate/Console/OutputStyle))
#42 D:/Alyasheiee/backend/vendor/symfony/console/Application.php(1117): Illuminate/Console/Command->run(Object(Symfony/Component/Console/Input/ArgvInput), Object(Symfony/Component/Console/Output/ConsoleOutput))
#43 D:/Alyasheiee/backend/vendor/symfony/console/Application.php(356): Symfony/Component/Console/Application->doRunCommand(Object(Illuminate/Database/Console/Migrations/FreshCommand), Object(Symfony/Component/Console/Input/ArgvInput), Object(Symfony/Component/Console/Output/ConsoleOutput))
#44 D:/Alyasheiee/backend/vendor/symfony/console/Application.php(195): Symfony/Component/Console/Application->doRun(Object(Symfony/Component/Console/Input/ArgvInput), Object(Symfony/Component/Console/Output/ConsoleOutput))
#45 D:/Alyasheiee/backend/vendor/laravel/framework/src/Illuminate/Foundation/Console/Kernel.php(198): Symfony/Component/Console/Application->run(Object(Symfony/Component/Console/Input/ArgvInput), Object(Symfony/Component/Console/Output/ConsoleOutput))
#46 D:/Alyasheiee/backend/vendor/laravel/framework/src/Illuminate/Foundation/Application.php(1235): Illuminate/Foundation/Console/Kernel->handle(Object(Symfony/Component/Console/Input/ArgvInput), Object(Symfony/Component/Console/Output/ConsoleOutput))
#47 D:/Alyasheiee/backend/artisan(13): Illuminate/Foundation/Application->handleCommand(Object(Symfony/Component/Console/Input/ArgvInput))
#48 {main}
"} 
[2026-06-30 02:02:45] local.ERROR: SQLSTATE[42804]: Datatype mismatch: 7 ERROR:  foreign key constraint "daily_logs_recorder_id_foreign" cannot be implemented
DETAIL:  Key columns "recorder_id" of the referencing table and "id" of the referenced table are of incompatible types: uuid and bigint. (Connection: pgsql, SQL: alter table "daily_logs" add constraint "daily_logs_recorder_id_foreign" foreign key ("recorder_id") references "users" ("id")) {"exception":"[object] (Illuminate\\Database\\QueryException(code: 42804): SQLSTATE[42804]: Datatype mismatch: 7 ERROR:  foreign key constraint \"daily_logs_recorder_id_foreign\" cannot be implemented
DETAIL:  Key columns \"recorder_id\" of the referencing table and \"id\" of the referenced table are of incompatible types: uuid and bigint. (Connection: pgsql, SQL: alter table \"daily_logs\" add constraint \"daily_logs_recorder_id_foreign\" foreign key (\"recorder_id\") references \"users\" (\"id\")) at D:/Alyasheiee/backend/vendor/laravel/framework/src/Illuminate/Database/Connection.php:825)
[stacktrace]
#0 D:/Alyasheiee/backend/vendor/laravel/framework/src/Illuminate/Database/Connection.php(779): Illuminate/Database/Connection->runQueryCallback('alter table \"da...', Array, Object(Closure))
#1 D:/Alyasheiee/backend/vendor/laravel/framework/src/Illuminate/Database/Connection.php(560): Illuminate/Database/Connection->run('alter table \"da...', Array, Object(Closure))
#2 D:/Alyasheiee/backend/vendor/laravel/framework/src/Illuminate/Database/Schema/Blueprint.php(118): Illuminate/Database/Connection->statement('alter table \"da...')
#3 D:/Alyasheiee/backend/vendor/laravel/framework/src/Illuminate/Database/Schema/Builder.php(564): Illuminate/Database/Schema/Blueprint->build(Object(Illuminate/Database/PostgresConnection), Object(Illuminate/Database/Schema/Grammars/PostgresGrammar))
#4 D:/Alyasheiee/backend/vendor/laravel/framework/src/Illuminate/Database/Schema/Builder.php(418): Illuminate/Database/Schema/Builder->build(Object(Illuminate/Database/Schema/Blueprint))
#5 D:/Alyasheiee/backend/vendor/laravel/framework/src/Illuminate/Support/Facades/Facade.php(361): Illuminate/Database/Schema/Builder->create('daily_logs', Object(Closure))
#6 D:/Alyasheiee/backend/database/migrations/2024_03_23_000003_create_daily_operations_table.php(12): Illuminate/Support/Facades/Facade::__callStatic('create', Array)
#7 D:/Alyasheiee/backend/vendor/laravel/framework/src/Illuminate/Database/Migrations/Migrator.php(507): Illuminate/Database/Migrations/Migration@anonymous->up()
#8 D:/Alyasheiee/backend/vendor/laravel/framework/src/Illuminate/Database/Migrations/Migrator.php(432): Illuminate/Database/Migrations/Migrator->runMethod(Object(Illuminate/Database/PostgresConnection), Object(Illuminate/Database/Migrations/Migration@anonymous), 'up')
#9 D:/Alyasheiee/backend/vendor/laravel/framework/src/Illuminate/Database/Concerns/ManagesTransactions.php(32): Illuminate/Database/Migrations/Migrator->Illuminate/Database/Migrations/{closure}(Object(Illuminate/Database/PostgresConnection))
#10 D:/Alyasheiee/backend/vendor/laravel/framework/src/Illuminate/Database/Migrations/Migrator.php(440): Illuminate/Database/Connection->transaction(Object(Closure))
#11 D:/Alyasheiee/backend/vendor/laravel/framework/src/Illuminate/Database/Migrations/Migrator.php(244): Illuminate/Database/Migrations/Migrator->runMigration(Object(Illuminate/Database/Migrations/Migration@anonymous), 'up')
#12 D:/Alyasheiee/backend/vendor/laravel/framework/src/Illuminate/Console/View/Components/Task.php(40): Illuminate/Database/Migrations/Migrator->Illuminate/Database/Migrations/{closure}()
#13 D:/Alyasheiee/backend/vendor/laravel/framework/src/Illuminate/Database/Migrations/Migrator.php(798): Illuminate/Console/View/Components/Task->render('2024_03_23_0000...', Object(Closure))
#14 D:/Alyasheiee/backend/vendor/laravel/framework/src/Illuminate/Database/Migrations/Migrator.php(244): Illuminate/Database/Migrations/Migrator->write('Illuminate//Cons...', '2024_03_23_0000...', Object(Closure))
#15 D:/Alyasheiee/backend/vendor/laravel/framework/src/Illuminate/Database/Migrations/Migrator.php(211): Illuminate/Database/Migrations/Migrator->runUp('D://Alyasheiee//b...', 1, false)
#16 D:/Alyasheiee/backend/vendor/laravel/framework/src/Illuminate/Database/Migrations/Migrator.php(138): Illuminate/Database/Migrations/Migrator->runPending(Array, Array)
#17 D:/Alyasheiee/backend/vendor/laravel/framework/src/Illuminate/Database/Console/Migrations/MigrateCommand.php(117): Illuminate/Database/Migrations/Migrator->run(Array, Array)
#18 D:/Alyasheiee/backend/vendor/laravel/framework/src/Illuminate/Database/Migrations/Migrator.php(658): Illuminate/Database/Console/Migrations/MigrateCommand->Illuminate/Database/Console/Migrations/{closure}()
#19 D:/Alyasheiee/backend/vendor/laravel/framework/src/Illuminate/Database/Console/Migrations/MigrateCommand.php(110): Illuminate/Database/Migrations/Migrator->usingConnection(NULL, Object(Closure))
#20 D:/Alyasheiee/backend/vendor/laravel/framework/src/Illuminate/Database/Console/Migrations/MigrateCommand.php(89): Illuminate/Database/Console/Migrations/MigrateCommand->runMigrations()
#21 D:/Alyasheiee/backend/vendor/laravel/framework/src/Illuminate/Container/BoundMethod.php(36): Illuminate/Database/Console/Migrations/MigrateCommand->handle()
#22 D:/Alyasheiee/backend/vendor/laravel/framework/src/Illuminate/Container/Util.php(43): Illuminate/Container/BoundMethod::Illuminate/Container/{closure}()
#23 D:/Alyasheiee/backend/vendor/laravel/framework/src/Illuminate/Container/BoundMethod.php(95): Illuminate/Container/Util::unwrapIfClosure(Object(Closure))
#24 D:/Alyasheiee/backend/vendor/laravel/framework/src/Illuminate/Container/BoundMethod.php(35): Illuminate/Container/BoundMethod::callBoundMethod(Object(Illuminate/Foundation/Application), Array, Object(Closure))
#25 D:/Alyasheiee/backend/vendor/laravel/framework/src/Illuminate/Container/Container.php(696): Illuminate/Container/BoundMethod::call(Object(Illuminate/Foundation/Application), Array, Array, NULL)
#26 D:/Alyasheiee/backend/vendor/laravel/framework/src/Illuminate/Console/Command.php(213): Illuminate/Container/Container->call(Array)
#27 D:/Alyasheiee/backend/vendor/symfony/console/Command/Command.php(341): Illuminate/Console/Command->execute(Object(Symfony/Component/Console/Input/ArrayInput), Object(Illuminate/Console/OutputStyle))
#28 D:/Alyasheiee/backend/vendor/laravel/framework/src/Illuminate/Console/Command.php(182): Symfony/Component/Console/Command/Command->run(Object(Symfony/Component/Console/Input/ArrayInput), Object(Illuminate/Console/OutputStyle))
#29 D:/Alyasheiee/backend/vendor/laravel/framework/src/Illuminate/Console/Concerns/CallsCommands.php(68): Illuminate/Console/Command->run(Object(Symfony/Component/Console/Input/ArrayInput), Object(Illuminate/Console/OutputStyle))
#30 D:/Alyasheiee/backend/vendor/laravel/framework/src/Illuminate/Console/Concerns/CallsCommands.php(29): Illuminate/Console/Command->runCommand('migrate', Array, Object(Illuminate/Console/OutputStyle))
#31 D:/Alyasheiee/backend/vendor/laravel/framework/src/Illuminate/Database/Console/Migrations/FreshCommand.php(82): Illuminate/Console/Command->call('migrate', Array)
#32 D:/Alyasheiee/backend/vendor/laravel/framework/src/Illuminate/Container/BoundMethod.php(36): Illuminate/Database/Console/Migrations/FreshCommand->handle()
#33 D:/Alyasheiee/backend/vendor/laravel/framework/src/Illuminate/Container/Util.php(43): Illuminate/Container/BoundMethod::Illuminate/Container/{closure}()
#34 D:/Alyasheiee/backend/vendor/laravel/framework/src/Illuminate/Container/BoundMethod.php(95): Illuminate/Container/Util::unwrapIfClosure(Object(Closure))
#35 D:/Alyasheiee/backend/vendor/laravel/framework/src/Illuminate/Container/BoundMethod.php(35): Illuminate/Container/BoundMethod::callBoundMethod(Object(Illuminate/Foundation/Application), Array, Object(Closure))
#36 D:/Alyasheiee/backend/vendor/laravel/framework/src/Illuminate/Container/Container.php(696): Illuminate/Container/BoundMethod::call(Object(Illuminate/Foundation/Application), Array, Array, NULL)
#37 D:/Alyasheiee/backend/vendor/laravel/framework/src/Illuminate/Console/Command.php(213): Illuminate/Container/Container->call(Array)
#38 D:/Alyasheiee/backend/vendor/symfony/console/Command/Command.php(341): Illuminate/Console/Command->execute(Object(Symfony/Component/Console/Input/ArgvInput), Object(Illuminate/Console/OutputStyle))
#39 D:/Alyasheiee/backend/vendor/laravel/framework/src/Illuminate/Console/Command.php(182): Symfony/Component/Console/Command/Command->run(Object(Symfony/Component/Console/Input/ArgvInput), Object(Illuminate/Console/OutputStyle))
#40 D:/Alyasheiee/backend/vendor/symfony/console/Application.php(1117): Illuminate/Console/Command->run(Object(Symfony/Component/Console/Input/ArgvInput), Object(Symfony/Component/Console/Output/ConsoleOutput))
#41 D:/Alyasheiee/backend/vendor/symfony/console/Application.php(356): Symfony/Component/Console/Application->doRunCommand(Object(Illuminate/Database/Console/Migrations/FreshCommand), Object(Symfony/Component/Console/Input/ArgvInput), Object(Symfony/Component/Console/Output/ConsoleOutput))
#42 D:/Alyasheiee/backend/vendor/symfony/console/Application.php(195): Symfony/Component/Console/Application->doRun(Object(Symfony/Component/Console/Input/ArgvInput), Object(Symfony/Component/Console/Output/ConsoleOutput))
#43 D:/Alyasheiee/backend/vendor/laravel/framework/src/Illuminate/Foundation/Console/Kernel.php(198): Symfony/Component/Console/Application->run(Object(Symfony/Component/Console/Input/ArgvInput), Object(Symfony/Component/Console/Output/ConsoleOutput))
#44 D:/Alyasheiee/backend/vendor/laravel/framework/src/Illuminate/Foundation/Application.php(1235): Illuminate/Foundation/Console/Kernel->handle(Object(Symfony/Component/Console/Input/ArgvInput), Object(Symfony/Component/Console/Output/ConsoleOutput))
#45 D:/Alyasheiee/backend/artisan(13): Illuminate/Foundation/Application->handleCommand(Object(Symfony/Component/Console/Input/ArgvInput))
#46 {main}

[previous exception] [object] (PDOException(code: 42804): SQLSTATE[42804]: Datatype mismatch: 7 ERROR:  foreign key constraint \"daily_logs_recorder_id_foreign\" cannot be implemented
DETAIL:  Key columns \"recorder_id\" of the referencing table and \"id\" of the referenced table are of incompatible types: uuid and bigint. at D:/Alyasheiee/backend/vendor/laravel/framework/src/Illuminate/Database/Connection.php:571)
[stacktrace]
#0 D:/Alyasheiee/backend/vendor/laravel/framework/src/Illuminate/Database/Connection.php(571): PDOStatement->execute()
#1 D:/Alyasheiee/backend/vendor/laravel/framework/src/Illuminate/Database/Connection.php(812): Illuminate/Database/Connection->Illuminate/Database/{closure}('alter table \"da...', Array)
#2 D:/Alyasheiee/backend/vendor/laravel/framework/src/Illuminate/Database/Connection.php(779): Illuminate/Database/Connection->runQueryCallback('alter table \"da...', Array, Object(Closure))
#3 D:/Alyasheiee/backend/vendor/laravel/framework/src/Illuminate/Database/Connection.php(560): Illuminate/Database/Connection->run('alter table \"da...', Array, Object(Closure))
#4 D:/Alyasheiee/backend/vendor/laravel/framework/src/Illuminate/Database/Schema/Blueprint.php(118): Illuminate/Database/Connection->statement('alter table \"da...')
#5 D:/Alyasheiee/backend/vendor/laravel/framework/src/Illuminate/Database/Schema/Builder.php(564): Illuminate/Database/Schema/Blueprint->build(Object(Illuminate/Database/PostgresConnection), Object(Illuminate/Database/Schema/Grammars/PostgresGrammar))
#6 D:/Alyasheiee/backend/vendor/laravel/framework/src/Illuminate/Database/Schema/Builder.php(418): Illuminate/Database/Schema/Builder->build(Object(Illuminate/Database/Schema/Blueprint))
#7 D:/Alyasheiee/backend/vendor/laravel/framework/src/Illuminate/Support/Facades/Facade.php(361): Illuminate/Database/Schema/Builder->create('daily_logs', Object(Closure))
#8 D:/Alyasheiee/backend/database/migrations/2024_03_23_000003_create_daily_operations_table.php(12): Illuminate/Support/Facades/Facade::__callStatic('create', Array)
#9 D:/Alyasheiee/backend/vendor/laravel/framework/src/Illuminate/Database/Migrations/Migrator.php(507): Illuminate/Database/Migrations/Migration@anonymous->up()
#10 D:/Alyasheiee/backend/vendor/laravel/framework/src/Illuminate/Database/Migrations/Migrator.php(432): Illuminate/Database/Migrations/Migrator->runMethod(Object(Illuminate/Database/PostgresConnection), Object(Illuminate/Database/Migrations/Migration@anonymous), 'up')
#11 D:/Alyasheiee/backend/vendor/laravel/framework/src/Illuminate/Database/Concerns/ManagesTransactions.php(32): Illuminate/Database/Migrations/Migrator->Illuminate/Database/Migrations/{closure}(Object(Illuminate/Database/PostgresConnection))
#12 D:/Alyasheiee/backend/vendor/laravel/framework/src/Illuminate/Database/Migrations/Migrator.php(440): Illuminate/Database/Connection->transaction(Object(Closure))
#13 D:/Alyasheiee/backend/vendor/laravel/framework/src/Illuminate/Database/Migrations/Migrator.php(244): Illuminate/Database/Migrations/Migrator->runMigration(Object(Illuminate/Database/Migrations/Migration@anonymous), 'up')
#14 D:/Alyasheiee/backend/vendor/laravel/framework/src/Illuminate/Console/View/Components/Task.php(40): Illuminate/Database/Migrations/Migrator->Illuminate/Database/Migrations/{closure}()
#15 D:/Alyasheiee/backend/vendor/laravel/framework/src/Illuminate/Database/Migrations/Migrator.php(798): Illuminate/Console/View/Components/Task->render('2024_03_23_0000...', Object(Closure))
#16 D:/Alyasheiee/backend/vendor/laravel/framework/src/Illuminate/Database/Migrations/Migrator.php(244): Illuminate/Database/Migrations/Migrator->write('Illuminate//Cons...', '2024_03_23_0000...', Object(Closure))
#17 D:/Alyasheiee/backend/vendor/laravel/framework/src/Illuminate/Database/Migrations/Migrator.php(211): Illuminate/Database/Migrations/Migrator->runUp('D://Alyasheiee//b...', 1, false)
#18 D:/Alyasheiee/backend/vendor/laravel/framework/src/Illuminate/Database/Migrations/Migrator.php(138): Illuminate/Database/Migrations/Migrator->runPending(Array, Array)
#19 D:/Alyasheiee/backend/vendor/laravel/framework/src/Illuminate/Database/Console/Migrations/MigrateCommand.php(117): Illuminate/Database/Migrations/Migrator->run(Array, Array)
#20 D:/Alyasheiee/backend/vendor/laravel/framework/src/Illuminate/Database/Migrations/Migrator.php(658): Illuminate/Database/Console/Migrations/MigrateCommand->Illuminate/Database/Console/Migrations/{closure}()
#21 D:/Alyasheiee/backend/vendor/laravel/framework/src/Illuminate/Database/Console/Migrations/MigrateCommand.php(110): Illuminate/Database/Migrations/Migrator->usingConnection(NULL, Object(Closure))
#22 D:/Alyasheiee/backend/vendor/laravel/framework/src/Illuminate/Database/Console/Migrations/MigrateCommand.php(89): Illuminate/Database/Console/Migrations/MigrateCommand->runMigrations()
#23 D:/Alyasheiee/backend/vendor/laravel/framework/src/Illuminate/Container/BoundMethod.php(36): Illuminate/Database/Console/Migrations/MigrateCommand->handle()
#24 D:/Alyasheiee/backend/vendor/laravel/framework/src/Illuminate/Container/Util.php(43): Illuminate/Container/BoundMethod::Illuminate/Container/{closure}()
#25 D:/Alyasheiee/backend/vendor/laravel/framework/src/Illuminate/Container/BoundMethod.php(95): Illuminate/Container/Util::unwrapIfClosure(Object(Closure))
#26 D:/Alyasheiee/backend/vendor/laravel/framework/src/Illuminate/Container/BoundMethod.php(35): Illuminate/Container/BoundMethod::callBoundMethod(Object(Illuminate/Foundation/Application), Array, Object(Closure))
#27 D:/Alyasheiee/backend/vendor/laravel/framework/src/Illuminate/Container/Container.php(696): Illuminate/Container/BoundMethod::call(Object(Illuminate/Foundation/Application), Array, Array, NULL)
#28 D:/Alyasheiee/backend/vendor/laravel/framework/src/Illuminate/Console/Command.php(213): Illuminate/Container/Container->call(Array)
#29 D:/Alyasheiee/backend/vendor/symfony/console/Command/Command.php(341): Illuminate/Console/Command->execute(Object(Symfony/Component/Console/Input/ArrayInput), Object(Illuminate/Console/OutputStyle))
#30 D:/Alyasheiee/backend/vendor/laravel/framework/src/Illuminate/Console/Command.php(182): Symfony/Component/Console/Command/Command->run(Object(Symfony/Component/Console/Input/ArrayInput), Object(Illuminate/Console/OutputStyle))
#31 D:/Alyasheiee/backend/vendor/laravel/framework/src/Illuminate/Console/Concerns/CallsCommands.php(68): Illuminate/Console/Command->run(Object(Symfony/Component/Console/Input/ArrayInput), Object(Illuminate/Console/OutputStyle))
#32 D:/Alyasheiee/backend/vendor/laravel/framework/src/Illuminate/Console/Concerns/CallsCommands.php(29): Illuminate/Console/Command->runCommand('migrate', Array, Object(Illuminate/Console/OutputStyle))
#33 D:/Alyasheiee/backend/vendor/laravel/framework/src/Illuminate/Database/Console/Migrations/FreshCommand.php(82): Illuminate/Console/Command->call('migrate', Array)
#34 D:/Alyasheiee/backend/vendor/laravel/framework/src/Illuminate/Container/BoundMethod.php(36): Illuminate/Database/Console/Migrations/FreshCommand->handle()
#35 D:/Alyasheiee/backend/vendor/laravel/framework/src/Illuminate/Container/Util.php(43): Illuminate/Container/BoundMethod::Illuminate/Container/{closure}()
#36 D:/Alyasheiee/backend/vendor/laravel/framework/src/Illuminate/Container/BoundMethod.php(95): Illuminate/Container/Util::unwrapIfClosure(Object(Closure))
#37 D:/Alyasheiee/backend/vendor/laravel/framework/src/Illuminate/Container/BoundMethod.php(35): Illuminate/Container/BoundMethod::callBoundMethod(Object(Illuminate/Foundation/Application), Array, Object(Closure))
#38 D:/Alyasheiee/backend/vendor/laravel/framework/src/Illuminate/Container/Container.php(696): Illuminate/Container/BoundMethod::call(Object(Illuminate/Foundation/Application), Array, Array, NULL)
#39 D:/Alyasheiee/backend/vendor/laravel/framework/src/Illuminate/Console/Command.php(213): Illuminate/Container/Container->call(Array)
#40 D:/Alyasheiee/backend/vendor/symfony/console/Command/Command.php(341): Illuminate/Console/Command->execute(Object(Symfony/Component/Console/Input/ArgvInput), Object(Illuminate/Console/OutputStyle))
#41 D:/Alyasheiee/backend/vendor/laravel/framework/src/Illuminate/Console/Command.php(182): Symfony/Component/Console/Command/Command->run(Object(Symfony/Component/Console/Input/ArgvInput), Object(Illuminate/Console/OutputStyle))
#42 D:/Alyasheiee/backend/vendor/symfony/console/Application.php(1117): Illuminate/Console/Command->run(Object(Symfony/Component/Console/Input/ArgvInput), Object(Symfony/Component/Console/Output/ConsoleOutput))
#43 D:/Alyasheiee/backend/vendor/symfony/console/Application.php(356): Symfony/Component/Console/Application->doRunCommand(Object(Illuminate/Database/Console/Migrations/FreshCommand), Object(Symfony/Component/Console/Input/ArgvInput), Object(Symfony/Component/Console/Output/ConsoleOutput))
#44 D:/Alyasheiee/backend/vendor/symfony/console/Application.php(195): Symfony/Component/Console/Application->doRun(Object(Symfony/Component/Console/Input/ArgvInput), Object(Symfony/Component/Console/Output/ConsoleOutput))
#45 D:/Alyasheiee/backend/vendor/laravel/framework/src/Illuminate/Foundation/Console/Kernel.php(198): Symfony/Component/Console/Application->run(Object(Symfony/Component/Console/Input/ArgvInput), Object(Symfony/Component/Console/Output/ConsoleOutput))
#46 D:/Alyasheiee/backend/vendor/laravel/framework/src/Illuminate/Foundation/Application.php(1235): Illuminate/Foundation/Console/Kernel->handle(Object(Symfony/Component/Console/Input/ArgvInput), Object(Symfony/Component/Console/Output/ConsoleOutput))
#47 D:/Alyasheiee/backend/artisan(13): Illuminate/Foundation/Application->handleCommand(Object(Symfony/Component/Console/Input/ArgvInput))
#48 {main}
"} 
[2026-06-30 02:05:16] local.ERROR: SQLSTATE[42703]: Undefined column: 7 ERROR:  column "model" of relation "equipment" does not exist
LINE 1: insert into "equipment" ("code", "name", "model", "type", "h...
                                                 ^ (Connection: pgsql, SQL: insert into "equipment" ("code", "name", "model", "type", "hourly_rate", "standard_consumption_rate", "status", "project_id", "id", "updated_at", "created_at") values (EXC-001, حفار كاتربيلر 320, CAT 320, excavator, 150, 20, working, a224b35c-0f38-4a34-aae4-789b45291d5d, a224b35c-2966-47f2-8502-debe7f47cd6c, 2026-06-30 02:05:16, 2026-06-30 02:05:16)) {"exception":"[object] (Illuminate\\Database\\QueryException(code: 42703): SQLSTATE[42703]: Undefined column: 7 ERROR:  column \"model\" of relation \"equipment\" does not exist
LINE 1: insert into \"equipment\" (\"code\", \"name\", \"model\", \"type\", \"h...
                                                 ^ (Connection: pgsql, SQL: insert into \"equipment\" (\"code\", \"name\", \"model\", \"type\", \"hourly_rate\", \"standard_consumption_rate\", \"status\", \"project_id\", \"id\", \"updated_at\", \"created_at\") values (EXC-001, حفار كاتربيلر 320, CAT 320, excavator, 150, 20, working, a224b35c-0f38-4a34-aae4-789b45291d5d, a224b35c-2966-47f2-8502-debe7f47cd6c, 2026-06-30 02:05:16, 2026-06-30 02:05:16)) at D:/Alyasheiee/backend/vendor/laravel/framework/src/Illuminate/Database/Connection.php:825)
[stacktrace]
#0 D:/Alyasheiee/backend/vendor/laravel/framework/src/Illuminate/Database/Connection.php(779): Illuminate/Database/Connection->runQueryCallback('insert into \"eq...', Array, Object(Closure))
#1 D:/Alyasheiee/backend/vendor/laravel/framework/src/Illuminate/Database/Connection.php(560): Illuminate/Database/Connection->run('insert into \"eq...', Array, Object(Closure))
#2 D:/Alyasheiee/backend/vendor/laravel/framework/src/Illuminate/Database/Connection.php(524): Illuminate/Database/Connection->statement('insert into \"eq...', Array)
#3 D:/Alyasheiee/backend/vendor/laravel/framework/src/Illuminate/Database/Query/Builder.php(3717): Illuminate/Database/Connection->insert('insert into \"eq...', Array)
#4 D:/Alyasheiee/backend/vendor/laravel/framework/src/Illuminate/Database/Eloquent/Builder.php(2120): Illuminate/Database/Query/Builder->insert(Array)
#5 D:/Alyasheiee/backend/vendor/laravel/framework/src/Illuminate/Database/Eloquent/Model.php(1335): Illuminate/Database/Eloquent/Builder->__call('insert', Array)
#6 D:/Alyasheiee/backend/vendor/laravel/framework/src/Illuminate/Database/Eloquent/Model.php(1163): Illuminate/Database/Eloquent/Model->performInsert(Object(Illuminate/Database/Eloquent/Builder))
#7 D:/Alyasheiee/backend/vendor/laravel/framework/src/Illuminate/Database/Eloquent/Builder.php(1128): Illuminate/Database/Eloquent/Model->save()
#8 D:/Alyasheiee/backend/vendor/laravel/framework/src/Illuminate/Support/helpers.php(399): Illuminate/Database/Eloquent/Builder->Illuminate/Database/Eloquent/{closure}(Object(App/Modules/ResourceAllocation/Models/Equipment))
#9 D:/Alyasheiee/backend/vendor/laravel/framework/src/Illuminate/Database/Eloquent/Builder.php(1127): tap(Object(App/Modules/ResourceAllocation/Models/Equipment), Object(Closure))
#10 D:/Alyasheiee/backend/vendor/laravel/framework/src/Illuminate/Database/Eloquent/Builder.php(634): Illuminate/Database/Eloquent/Builder->create(Array)
#11 D:/Alyasheiee/backend/vendor/laravel/framework/src/Illuminate/Database/Eloquent/Builder.php(1864): Illuminate/Database/Eloquent/Builder->Illuminate/Database/Eloquent/{closure}()
#12 D:/Alyasheiee/backend/vendor/laravel/framework/src/Illuminate/Database/Eloquent/Builder.php(634): Illuminate/Database/Eloquent/Builder->withSavepointIfNeeded(Object(Closure))
#13 D:/Alyasheiee/backend/vendor/laravel/framework/src/Illuminate/Database/Eloquent/Builder.php(621): Illuminate/Database/Eloquent/Builder->createOrFirst(Array, Array)
#14 D:/Alyasheiee/backend/vendor/laravel/framework/src/Illuminate/Support/Traits/ForwardsCalls.php(23): Illuminate/Database/Eloquent/Builder->firstOrCreate(Array, Array)
#15 D:/Alyasheiee/backend/vendor/laravel/framework/src/Illuminate/Database/Eloquent/Model.php(2372): Illuminate/Database/Eloquent/Model->forwardCallTo(Object(Illuminate/Database/Eloquent/Builder), 'firstOrCreate', Array)
#16 D:/Alyasheiee/backend/vendor/laravel/framework/src/Illuminate/Database/Eloquent/Model.php(2384): Illuminate/Database/Eloquent/Model->__call('firstOrCreate', Array)
#17 D:/Alyasheiee/backend/database/seeders/SystemTestDataSeeder.php(81): Illuminate/Database/Eloquent/Model::__callStatic('firstOrCreate', Array)
#18 D:/Alyasheiee/backend/vendor/laravel/framework/src/Illuminate/Container/BoundMethod.php(36): Database/Seeders/SystemTestDataSeeder->run()
#19 D:/Alyasheiee/backend/vendor/laravel/framework/src/Illuminate/Container/Util.php(43): Illuminate/Container/BoundMethod::Illuminate/Container/{closure}()
#20 D:/Alyasheiee/backend/vendor/laravel/framework/src/Illuminate/Container/BoundMethod.php(95): Illuminate/Container/Util::unwrapIfClosure(Object(Closure))
#21 D:/Alyasheiee/backend/vendor/laravel/framework/src/Illuminate/Container/BoundMethod.php(35): Illuminate/Container/BoundMethod::callBoundMethod(Object(Illuminate/Foundation/Application), Array, Object(Closure))
#22 D:/Alyasheiee/backend/vendor/laravel/framework/src/Illuminate/Container/Container.php(696): Illuminate/Container/BoundMethod::call(Object(Illuminate/Foundation/Application), Array, Array, NULL)
#23 D:/Alyasheiee/backend/vendor/laravel/framework/src/Illuminate/Database/Seeder.php(188): Illuminate/Container/Container->call(Array, Array)
#24 D:/Alyasheiee/backend/vendor/laravel/framework/src/Illuminate/Database/Seeder.php(197): Illuminate/Database/Seeder->Illuminate/Database/{closure}()
#25 D:/Alyasheiee/backend/vendor/laravel/framework/src/Illuminate/Database/Seeder.php(61): Illuminate/Database/Seeder->__invoke(Array)
#26 D:/Alyasheiee/backend/database/seeders/DatabaseSeeder.php(14): Illuminate/Database/Seeder->call('Database//Seeder...')
#27 D:/Alyasheiee/backend/vendor/laravel/framework/src/Illuminate/Container/BoundMethod.php(36): Database/Seeders/DatabaseSeeder->run()
#28 D:/Alyasheiee/backend/vendor/laravel/framework/src/Illuminate/Container/Util.php(43): Illuminate/Container/BoundMethod::Illuminate/Container/{closure}()
#29 D:/Alyasheiee/backend/vendor/laravel/framework/src/Illuminate/Container/BoundMethod.php(95): Illuminate/Container/Util::unwrapIfClosure(Object(Closure))
#30 D:/Alyasheiee/backend/vendor/laravel/framework/src/Illuminate/Container/BoundMethod.php(35): Illuminate/Container/BoundMethod::callBoundMethod(Object(Illuminate/Foundation/Application), Array, Object(Closure))
#31 D:/Alyasheiee/backend/vendor/laravel/framework/src/Illuminate/Container/Container.php(696): Illuminate/Container/BoundMethod::call(Object(Illuminate/Foundation/Application), Array, Array, NULL)
#32 D:/Alyasheiee/backend/vendor/laravel/framework/src/Illuminate/Database/Seeder.php(188): Illuminate/Container/Container->call(Array, Array)
#33 D:/Alyasheiee/backend/vendor/laravel/framework/src/Illuminate/Database/Seeder.php(197): Illuminate/Database/Seeder->Illuminate/Database/{closure}()
#34 D:/Alyasheiee/backend/vendor/laravel/framework/src/Illuminate/Database/Console/Seeds/SeedCommand.php(70): Illuminate/Database/Seeder->__invoke()
#35 D:/Alyasheiee/backend/vendor/laravel/framework/src/Illuminate/Database/Eloquent/Concerns/GuardsAttributes.php(155): Illuminate/Database/Console/Seeds/SeedCommand->Illuminate/Database/Console/Seeds/{closure}()
#36 D:/Alyasheiee/backend/vendor/laravel/framework/src/Illuminate/Database/Console/Seeds/SeedCommand.php(69): Illuminate/Database/Eloquent/Model::unguarded(Object(Closure))
#37 D:/Alyasheiee/backend/vendor/laravel/framework/src/Illuminate/Container/BoundMethod.php(36): Illuminate/Database/Console/Seeds/SeedCommand->handle()
#38 D:/Alyasheiee/backend/vendor/laravel/framework/src/Illuminate/Container/Util.php(43): Illuminate/Container/BoundMethod::Illuminate/Container/{closure}()
#39 D:/Alyasheiee/backend/vendor/laravel/framework/src/Illuminate/Container/BoundMethod.php(95): Illuminate/Container/Util::unwrapIfClosure(Object(Closure))
#40 D:/Alyasheiee/backend/vendor/laravel/framework/src/Illuminate/Container/BoundMethod.php(35): Illuminate/Container/BoundMethod::callBoundMethod(Object(Illuminate/Foundation/Application), Array, Object(Closure))
#41 D:/Alyasheiee/backend/vendor/laravel/framework/src/Illuminate/Container/Container.php(696): Illuminate/Container/BoundMethod::call(Object(Illuminate/Foundation/Application), Array, Array, NULL)
#42 D:/Alyasheiee/backend/vendor/laravel/framework/src/Illuminate/Console/Command.php(213): Illuminate/Container/Container->call(Array)
#43 D:/Alyasheiee/backend/vendor/symfony/console/Command/Command.php(341): Illuminate/Console/Command->execute(Object(Symfony/Component/Console/Input/ArrayInput), Object(Illuminate/Console/OutputStyle))
#44 D:/Alyasheiee/backend/vendor/laravel/framework/src/Illuminate/Console/Command.php(182): Symfony/Component/Console/Command/Command->run(Object(Symfony/Component/Console/Input/ArrayInput), Object(Illuminate/Console/OutputStyle))
#45 D:/Alyasheiee/backend/vendor/laravel/framework/src/Illuminate/Console/Concerns/CallsCommands.php(68): Illuminate/Console/Command->run(Object(Symfony/Component/Console/Input/ArrayInput), Object(Illuminate/Console/OutputStyle))
#46 D:/Alyasheiee/backend/vendor/laravel/framework/src/Illuminate/Console/Concerns/CallsCommands.php(29): Illuminate/Console/Command->runCommand('db:seed', Array, Object(Illuminate/Console/OutputStyle))
#47 D:/Alyasheiee/backend/vendor/laravel/framework/src/Illuminate/Database/Console/Migrations/FreshCommand.php(122): Illuminate/Console/Command->call('db:seed', Array)
#48 D:/Alyasheiee/backend/vendor/laravel/framework/src/Illuminate/Database/Console/Migrations/FreshCommand.php(98): Illuminate/Database/Console/Migrations/FreshCommand->runSeeder(NULL)
#49 D:/Alyasheiee/backend/vendor/laravel/framework/src/Illuminate/Container/BoundMethod.php(36): Illuminate/Database/Console/Migrations/FreshCommand->handle()
#50 D:/Alyasheiee/backend/vendor/laravel/framework/src/Illuminate/Container/Util.php(43): Illuminate/Container/BoundMethod::Illuminate/Container/{closure}()
#51 D:/Alyasheiee/backend/vendor/laravel/framework/src/Illuminate/Container/BoundMethod.php(95): Illuminate/Container/Util::unwrapIfClosure(Object(Closure))
#52 D:/Alyasheiee/backend/vendor/laravel/framework/src/Illuminate/Container/BoundMethod.php(35): Illuminate/Container/BoundMethod::callBoundMethod(Object(Illuminate/Foundation/Application), Array, Object(Closure))
#53 D:/Alyasheiee/backend/vendor/laravel/framework/src/Illuminate/Container/Container.php(696): Illuminate/Container/BoundMethod::call(Object(Illuminate/Foundation/Application), Array, Array, NULL)
#54 D:/Alyasheiee/backend/vendor/laravel/framework/src/Illuminate/Console/Command.php(213): Illuminate/Container/Container->call(Array)
#55 D:/Alyasheiee/backend/vendor/symfony/console/Command/Command.php(341): Illuminate/Console/Command->execute(Object(Symfony/Component/Console/Input/ArgvInput), Object(Illuminate/Console/OutputStyle))
#56 D:/Alyasheiee/backend/vendor/laravel/framework/src/Illuminate/Console/Command.php(182): Symfony/Component/Console/Command/Command->run(Object(Symfony/Component/Console/Input/ArgvInput), Object(Illuminate/Console/OutputStyle))
#57 D:/Alyasheiee/backend/vendor/symfony/console/Application.php(1117): Illuminate/Console/Command->run(Object(Symfony/Component/Console/Input/ArgvInput), Object(Symfony/Component/Console/Output/ConsoleOutput))
#58 D:/Alyasheiee/backend/vendor/symfony/console/Application.php(356): Symfony/Component/Console/Application->doRunCommand(Object(Illuminate/Database/Console/Migrations/FreshCommand), Object(Symfony/Component/Console/Input/ArgvInput), Object(Symfony/Component/Console/Output/ConsoleOutput))
#59 D:/Alyasheiee/backend/vendor/symfony/console/Application.php(195): Symfony/Component/Console/Application->doRun(Object(Symfony/Component/Console/Input/ArgvInput), Object(Symfony/Component/Console/Output/ConsoleOutput))
#60 D:/Alyasheiee/backend/vendor/laravel/framework/src/Illuminate/Foundation/Console/Kernel.php(198): Symfony/Component/Console/Application->run(Object(Symfony/Component/Console/Input/ArgvInput), Object(Symfony/Component/Console/Output/ConsoleOutput))
#61 D:/Alyasheiee/backend/vendor/laravel/framework/src/Illuminate/Foundation/Application.php(1235): Illuminate/Foundation/Console/Kernel->handle(Object(Symfony/Component/Console/Input/ArgvInput), Object(Symfony/Component/Console/Output/ConsoleOutput))
#62 D:/Alyasheiee/backend/artisan(13): Illuminate/Foundation/Application->handleCommand(Object(Symfony/Component/Console/Input/ArgvInput))
#63 {main}

[previous exception] [object] (PDOException(code: 42703): SQLSTATE[42703]: Undefined column: 7 ERROR:  column \"model\" of relation \"equipment\" does not exist
LINE 1: insert into \"equipment\" (\"code\", \"name\", \"model\", \"type\", \"h...
                                                 ^ at D:/Alyasheiee/backend/vendor/laravel/framework/src/Illuminate/Database/Connection.php:571)
[stacktrace]
#0 D:/Alyasheiee/backend/vendor/laravel/framework/src/Illuminate/Database/Connection.php(571): PDOStatement->execute()
#1 D:/Alyasheiee/backend/vendor/laravel/framework/src/Illuminate/Database/Connection.php(812): Illuminate/Database/Connection->Illuminate/Database/{closure}('insert into \"eq...', Array)
#2 D:/Alyasheiee/backend/vendor/laravel/framework/src/Illuminate/Database/Connection.php(779): Illuminate/Database/Connection->runQueryCallback('insert into \"eq...', Array, Object(Closure))
#3 D:/Alyasheiee/backend/vendor/laravel/framework/src/Illuminate/Database/Connection.php(560): Illuminate/Database/Connection->run('insert into \"eq...', Array, Object(Closure))
#4 D:/Alyasheiee/backend/vendor/laravel/framework/src/Illuminate/Database/Connection.php(524): Illuminate/Database/Connection->statement('insert into \"eq...', Array)
#5 D:/Alyasheiee/backend/vendor/laravel/framework/src/Illuminate/Database/Query/Builder.php(3717): Illuminate/Database/Connection->insert('insert into \"eq...', Array)
#6 D:/Alyasheiee/backend/vendor/laravel/framework/src/Illuminate/Database/Eloquent/Builder.php(2120): Illuminate/Database/Query/Builder->insert(Array)
#7 D:/Alyasheiee/backend/vendor/laravel/framework/src/Illuminate/Database/Eloquent/Model.php(1335): Illuminate/Database/Eloquent/Builder->__call('insert', Array)
#8 D:/Alyasheiee/backend/vendor/laravel/framework/src/Illuminate/Database/Eloquent/Model.php(1163): Illuminate/Database/Eloquent/Model->performInsert(Object(Illuminate/Database/Eloquent/Builder))
#9 D:/Alyasheiee/backend/vendor/laravel/framework/src/Illuminate/Database/Eloquent/Builder.php(1128): Illuminate/Database/Eloquent/Model->save()
#10 D:/Alyasheiee/backend/vendor/laravel/framework/src/Illuminate/Support/helpers.php(399): Illuminate/Database/Eloquent/Builder->Illuminate/Database/Eloquent/{closure}(Object(App/Modules/ResourceAllocation/Models/Equipment))
#11 D:/Alyasheiee/backend/vendor/laravel/framework/src/Illuminate/Database/Eloquent/Builder.php(1127): tap(Object(App/Modules/ResourceAllocation/Models/Equipment), Object(Closure))
#12 D:/Alyasheiee/backend/vendor/laravel/framework/src/Illuminate/Database/Eloquent/Builder.php(634): Illuminate/Database/Eloquent/Builder->create(Array)
#13 D:/Alyasheiee/backend/vendor/laravel/framework/src/Illuminate/Database/Eloquent/Builder.php(1864): Illuminate/Database/Eloquent/Builder->Illuminate/Database/Eloquent/{closure}()
#14 D:/Alyasheiee/backend/vendor/laravel/framework/src/Illuminate/Database/Eloquent/Builder.php(634): Illuminate/Database/Eloquent/Builder->withSavepointIfNeeded(Object(Closure))
#15 D:/Alyasheiee/backend/vendor/laravel/framework/src/Illuminate/Database/Eloquent/Builder.php(621): Illuminate/Database/Eloquent/Builder->createOrFirst(Array, Array)
#16 D:/Alyasheiee/backend/vendor/laravel/framework/src/Illuminate/Support/Traits/ForwardsCalls.php(23): Illuminate/Database/Eloquent/Builder->firstOrCreate(Array, Array)
#17 D:/Alyasheiee/backend/vendor/laravel/framework/src/Illuminate/Database/Eloquent/Model.php(2372): Illuminate/Database/Eloquent/Model->forwardCallTo(Object(Illuminate/Database/Eloquent/Builder), 'firstOrCreate', Array)
#18 D:/Alyasheiee/backend/vendor/laravel/framework/src/Illuminate/Database/Eloquent/Model.php(2384): Illuminate/Database/Eloquent/Model->__call('firstOrCreate', Array)
#19 D:/Alyasheiee/backend/database/seeders/SystemTestDataSeeder.php(81): Illuminate/Database/Eloquent/Model::__callStatic('firstOrCreate', Array)
#20 D:/Alyasheiee/backend/vendor/laravel/framework/src/Illuminate/Container/BoundMethod.php(36): Database/Seeders/SystemTestDataSeeder->run()
#21 D:/Alyasheiee/backend/vendor/laravel/framework/src/Illuminate/Container/Util.php(43): Illuminate/Container/BoundMethod::Illuminate/Container/{closure}()
#22 D:/Alyasheiee/backend/vendor/laravel/framework/src/Illuminate/Container/BoundMethod.php(95): Illuminate/Container/Util::unwrapIfClosure(Object(Closure))
#23 D:/Alyasheiee/backend/vendor/laravel/framework/src/Illuminate/Container/BoundMethod.php(35): Illuminate/Container/BoundMethod::callBoundMethod(Object(Illuminate/Foundation/Application), Array, Object(Closure))
#24 D:/Alyasheiee/backend/vendor/laravel/framework/src/Illuminate/Container/Container.php(696): Illuminate/Container/BoundMethod::call(Object(Illuminate/Foundation/Application), Array, Array, NULL)
#25 D:/Alyasheiee/backend/vendor/laravel/framework/src/Illuminate/Database/Seeder.php(188): Illuminate/Container/Container->call(Array, Array)
#26 D:/Alyasheiee/backend/vendor/laravel/framework/src/Illuminate/Database/Seeder.php(197): Illuminate/Database/Seeder->Illuminate/Database/{closure}()
#27 D:/Alyasheiee/backend/vendor/laravel/framework/src/Illuminate/Database/Seeder.php(61): Illuminate/Database/Seeder->__invoke(Array)
#28 D:/Alyasheiee/backend/database/seeders/DatabaseSeeder.php(14): Illuminate/Database/Seeder->call('Database//Seeder...')
#29 D:/Alyasheiee/backend/vendor/laravel/framework/src/Illuminate/Container/BoundMethod.php(36): Database/Seeders/DatabaseSeeder->run()
#30 D:/Alyasheiee/backend/vendor/laravel/framework/src/Illuminate/Container/Util.php(43): Illuminate/Container/BoundMethod::Illuminate/Container/{closure}()
#31 D:/Alyasheiee/backend/vendor/laravel/framework/src/Illuminate/Container/BoundMethod.php(95): Illuminate/Container/Util::unwrapIfClosure(Object(Closure))
#32 D:/Alyasheiee/backend/vendor/laravel/framework/src/Illuminate/Container/BoundMethod.php(35): Illuminate/Container/BoundMethod::callBoundMethod(Object(Illuminate/Foundation/Application), Array, Object(Closure))
#33 D:/Alyasheiee/backend/vendor/laravel/framework/src/Illuminate/Container/Container.php(696): Illuminate/Container/BoundMethod::call(Object(Illuminate/Foundation/Application), Array, Array, NULL)
#34 D:/Alyasheiee/backend/vendor/laravel/framework/src/Illuminate/Database/Seeder.php(188): Illuminate/Container/Container->call(Array, Array)
#35 D:/Alyasheiee/backend/vendor/laravel/framework/src/Illuminate/Database/Seeder.php(197): Illuminate/Database/Seeder->Illuminate/Database/{closure}()
#36 D:/Alyasheiee/backend/vendor/laravel/framework/src/Illuminate/Database/Console/Seeds/SeedCommand.php(70): Illuminate/Database/Seeder->__invoke()
#37 D:/Alyasheiee/backend/vendor/laravel/framework/src/Illuminate/Database/Eloquent/Concerns/GuardsAttributes.php(155): Illuminate/Database/Console/Seeds/SeedCommand->Illuminate/Database/Console/Seeds/{closure}()
#38 D:/Alyasheiee/backend/vendor/laravel/framework/src/Illuminate/Database/Console/Seeds/SeedCommand.php(69): Illuminate/Database/Eloquent/Model::unguarded(Object(Closure))
#39 D:/Alyasheiee/backend/vendor/laravel/framework/src/Illuminate/Container/BoundMethod.php(36): Illuminate/Database/Console/Seeds/SeedCommand->handle()
#40 D:/Alyasheiee/backend/vendor/laravel/framework/src/Illuminate/Container/Util.php(43): Illuminate/Container/BoundMethod::Illuminate/Container/{closure}()
#41 D:/Alyasheiee/backend/vendor/laravel/framework/src/Illuminate/Container/BoundMethod.php(95): Illuminate/Container/Util::unwrapIfClosure(Object(Closure))
#42 D:/Alyasheiee/backend/vendor/laravel/framework/src/Illuminate/Container/BoundMethod.php(35): Illuminate/Container/BoundMethod::callBoundMethod(Object(Illuminate/Foundation/Application), Array, Object(Closure))
#43 D:/Alyasheiee/backend/vendor/laravel/framework/src/Illuminate/Container/Container.php(696): Illuminate/Container/BoundMethod::call(Object(Illuminate/Foundation/Application), Array, Array, NULL)
#44 D:/Alyasheiee/backend/vendor/laravel/framework/src/Illuminate/Console/Command.php(213): Illuminate/Container/Container->call(Array)
#45 D:/Alyasheiee/backend/vendor/symfony/console/Command/Command.php(341): Illuminate/Console/Command->execute(Object(Symfony/Component/Console/Input/ArrayInput), Object(Illuminate/Console/OutputStyle))
#46 D:/Alyasheiee/backend/vendor/laravel/framework/src/Illuminate/Console/Command.php(182): Symfony/Component/Console/Command/Command->run(Object(Symfony/Component/Console/Input/ArrayInput), Object(Illuminate/Console/OutputStyle))
#47 D:/Alyasheiee/backend/vendor/laravel/framework/src/Illuminate/Console/Concerns/CallsCommands.php(68): Illuminate/Console/Command->run(Object(Symfony/Component/Console/Input/ArrayInput), Object(Illuminate/Console/OutputStyle))
#48 D:/Alyasheiee/backend/vendor/laravel/framework/src/Illuminate/Console/Concerns/CallsCommands.php(29): Illuminate/Console/Command->runCommand('db:seed', Array, Object(Illuminate/Console/OutputStyle))
#49 D:/Alyasheiee/backend/vendor/laravel/framework/src/Illuminate/Database/Console/Migrations/FreshCommand.php(122): Illuminate/Console/Command->call('db:seed', Array)
#50 D:/Alyasheiee/backend/vendor/laravel/framework/src/Illuminate/Database/Console/Migrations/FreshCommand.php(98): Illuminate/Database/Console/Migrations/FreshCommand->runSeeder(NULL)
#51 D:/Alyasheiee/backend/vendor/laravel/framework/src/Illuminate/Container/BoundMethod.php(36): Illuminate/Database/Console/Migrations/FreshCommand->handle()
#52 D:/Alyasheiee/backend/vendor/laravel/framework/src/Illuminate/Container/Util.php(43): Illuminate/Container/BoundMethod::Illuminate/Container/{closure}()
#53 D:/Alyasheiee/backend/vendor/laravel/framework/src/Illuminate/Container/BoundMethod.php(95): Illuminate/Container/Util::unwrapIfClosure(Object(Closure))
#54 D:/Alyasheiee/backend/vendor/laravel/framework/src/Illuminate/Container/BoundMethod.php(35): Illuminate/Container/BoundMethod::callBoundMethod(Object(Illuminate/Foundation/Application), Array, Object(Closure))
#55 D:/Alyasheiee/backend/vendor/laravel/framework/src/Illuminate/Container/Container.php(696): Illuminate/Container/BoundMethod::call(Object(Illuminate/Foundation/Application), Array, Array, NULL)
#56 D:/Alyasheiee/backend/vendor/laravel/framework/src/Illuminate/Console/Command.php(213): Illuminate/Container/Container->call(Array)
#57 D:/Alyasheiee/backend/vendor/symfony/console/Command/Command.php(341): Illuminate/Console/Command->execute(Object(Symfony/Component/Console/Input/ArgvInput), Object(Illuminate/Console/OutputStyle))
#58 D:/Alyasheiee/backend/vendor/laravel/framework/src/Illuminate/Console/Command.php(182): Symfony/Component/Console/Command/Command->run(Object(Symfony/Component/Console/Input/ArgvInput), Object(Illuminate/Console/OutputStyle))
#59 D:/Alyasheiee/backend/vendor/symfony/console/Application.php(1117): Illuminate/Console/Command->run(Object(Symfony/Component/Console/Input/ArgvInput), Object(Symfony/Component/Console/Output/ConsoleOutput))
#60 D:/Alyasheiee/backend/vendor/symfony/console/Application.php(356): Symfony/Component/Console/Application->doRunCommand(Object(Illuminate/Database/Console/Migrations/FreshCommand), Object(Symfony/Component/Console/Input/ArgvInput), Object(Symfony/Component/Console/Output/ConsoleOutput))
#61 D:/Alyasheiee/backend/vendor/symfony/console/Application.php(195): Symfony/Component/Console/Application->doRun(Object(Symfony/Component/Console/Input/ArgvInput), Object(Symfony/Component/Console/Output/ConsoleOutput))
#62 D:/Alyasheiee/backend/vendor/laravel/framework/src/Illuminate/Foundation/Console/Kernel.php(198): Symfony/Component/Console/Application->run(Object(Symfony/Component/Console/Input/ArgvInput), Object(Symfony/Component/Console/Output/ConsoleOutput))
#63 D:/Alyasheiee/backend/vendor/laravel/framework/src/Illuminate/Foundation/Application.php(1235): Illuminate/Foundation/Console/Kernel->handle(Object(Symfony/Component/Console/Input/ArgvInput), Object(Symfony/Component/Console/Output/ConsoleOutput))
#64 D:/Alyasheiee/backend/artisan(13): Illuminate/Foundation/Application->handleCommand(Object(Symfony/Component/Console/Input/ArgvInput))
#65 {main}
"} 
[2026-06-30 02:07:21] local.ERROR: SQLSTATE[42703]: Undefined column: 7 ERROR:  column "project_id" of relation "equipment" does not exist
LINE 1: ...rly_rate", "standard_consumption_rate", "status", "project_i...
                                                             ^ (Connection: pgsql, SQL: insert into "equipment" ("code", "name", "brand", "type", "hourly_rate", "standard_consumption_rate", "status", "project_id", "id", "updated_at", "created_at") values (EXC-001, حفار كاتربيلر 320, CAT 320, excavator, 150, 20, working, a224b35c-0f38-4a34-aae4-789b45291d5d, a224b41a-927e-4a0e-ae68-9c8144f90425, 2026-06-30 02:07:21, 2026-06-30 02:07:21)) {"exception":"[object] (Illuminate\\Database\\QueryException(code: 42703): SQLSTATE[42703]: Undefined column: 7 ERROR:  column \"project_id\" of relation \"equipment\" does not exist
LINE 1: ...rly_rate\", \"standard_consumption_rate\", \"status\", \"project_i...
                                                             ^ (Connection: pgsql, SQL: insert into \"equipment\" (\"code\", \"name\", \"brand\", \"type\", \"hourly_rate\", \"standard_consumption_rate\", \"status\", \"project_id\", \"id\", \"updated_at\", \"created_at\") values (EXC-001, حفار كاتربيلر 320, CAT 320, excavator, 150, 20, working, a224b35c-0f38-4a34-aae4-789b45291d5d, a224b41a-927e-4a0e-ae68-9c8144f90425, 2026-06-30 02:07:21, 2026-06-30 02:07:21)) at D:/Alyasheiee/backend/vendor/laravel/framework/src/Illuminate/Database/Connection.php:825)
[stacktrace]
#0 D:/Alyasheiee/backend/vendor/laravel/framework/src/Illuminate/Database/Connection.php(779): Illuminate/Database/Connection->runQueryCallback('insert into \"eq...', Array, Object(Closure))
#1 D:/Alyasheiee/backend/vendor/laravel/framework/src/Illuminate/Database/Connection.php(560): Illuminate/Database/Connection->run('insert into \"eq...', Array, Object(Closure))
#2 D:/Alyasheiee/backend/vendor/laravel/framework/src/Illuminate/Database/Connection.php(524): Illuminate/Database/Connection->statement('insert into \"eq...', Array)
#3 D:/Alyasheiee/backend/vendor/laravel/framework/src/Illuminate/Database/Query/Builder.php(3717): Illuminate/Database/Connection->insert('insert into \"eq...', Array)
#4 D:/Alyasheiee/backend/vendor/laravel/framework/src/Illuminate/Database/Eloquent/Builder.php(2120): Illuminate/Database/Query/Builder->insert(Array)
#5 D:/Alyasheiee/backend/vendor/laravel/framework/src/Illuminate/Database/Eloquent/Model.php(1335): Illuminate/Database/Eloquent/Builder->__call('insert', Array)
#6 D:/Alyasheiee/backend/vendor/laravel/framework/src/Illuminate/Database/Eloquent/Model.php(1163): Illuminate/Database/Eloquent/Model->performInsert(Object(Illuminate/Database/Eloquent/Builder))
#7 D:/Alyasheiee/backend/vendor/laravel/framework/src/Illuminate/Database/Eloquent/Builder.php(1128): Illuminate/Database/Eloquent/Model->save()
#8 D:/Alyasheiee/backend/vendor/laravel/framework/src/Illuminate/Support/helpers.php(399): Illuminate/Database/Eloquent/Builder->Illuminate/Database/Eloquent/{closure}(Object(App/Modules/ResourceAllocation/Models/Equipment))
#9 D:/Alyasheiee/backend/vendor/laravel/framework/src/Illuminate/Database/Eloquent/Builder.php(1127): tap(Object(App/Modules/ResourceAllocation/Models/Equipment), Object(Closure))
#10 D:/Alyasheiee/backend/vendor/laravel/framework/src/Illuminate/Database/Eloquent/Builder.php(634): Illuminate/Database/Eloquent/Builder->create(Array)
#11 D:/Alyasheiee/backend/vendor/laravel/framework/src/Illuminate/Database/Eloquent/Builder.php(1864): Illuminate/Database/Eloquent/Builder->Illuminate/Database/Eloquent/{closure}()
#12 D:/Alyasheiee/backend/vendor/laravel/framework/src/Illuminate/Database/Eloquent/Builder.php(634): Illuminate/Database/Eloquent/Builder->withSavepointIfNeeded(Object(Closure))
#13 D:/Alyasheiee/backend/vendor/laravel/framework/src/Illuminate/Database/Eloquent/Builder.php(621): Illuminate/Database/Eloquent/Builder->createOrFirst(Array, Array)
#14 D:/Alyasheiee/backend/vendor/laravel/framework/src/Illuminate/Support/Traits/ForwardsCalls.php(23): Illuminate/Database/Eloquent/Builder->firstOrCreate(Array, Array)
#15 D:/Alyasheiee/backend/vendor/laravel/framework/src/Illuminate/Database/Eloquent/Model.php(2372): Illuminate/Database/Eloquent/Model->forwardCallTo(Object(Illuminate/Database/Eloquent/Builder), 'firstOrCreate', Array)
#16 D:/Alyasheiee/backend/vendor/laravel/framework/src/Illuminate/Database/Eloquent/Model.php(2384): Illuminate/Database/Eloquent/Model->__call('firstOrCreate', Array)
#17 D:/Alyasheiee/backend/database/seeders/SystemTestDataSeeder.php(81): Illuminate/Database/Eloquent/Model::__callStatic('firstOrCreate', Array)
#18 D:/Alyasheiee/backend/vendor/laravel/framework/src/Illuminate/Container/BoundMethod.php(36): Database/Seeders/SystemTestDataSeeder->run()
#19 D:/Alyasheiee/backend/vendor/laravel/framework/src/Illuminate/Container/Util.php(43): Illuminate/Container/BoundMethod::Illuminate/Container/{closure}()
#20 D:/Alyasheiee/backend/vendor/laravel/framework/src/Illuminate/Container/BoundMethod.php(95): Illuminate/Container/Util::unwrapIfClosure(Object(Closure))
#21 D:/Alyasheiee/backend/vendor/laravel/framework/src/Illuminate/Container/BoundMethod.php(35): Illuminate/Container/BoundMethod::callBoundMethod(Object(Illuminate/Foundation/Application), Array, Object(Closure))
#22 D:/Alyasheiee/backend/vendor/laravel/framework/src/Illuminate/Container/Container.php(696): Illuminate/Container/BoundMethod::call(Object(Illuminate/Foundation/Application), Array, Array, NULL)
#23 D:/Alyasheiee/backend/vendor/laravel/framework/src/Illuminate/Database/Seeder.php(188): Illuminate/Container/Container->call(Array, Array)
#24 D:/Alyasheiee/backend/vendor/laravel/framework/src/Illuminate/Database/Seeder.php(197): Illuminate/Database/Seeder->Illuminate/Database/{closure}()
#25 D:/Alyasheiee/backend/vendor/laravel/framework/src/Illuminate/Database/Seeder.php(61): Illuminate/Database/Seeder->__invoke(Array)
#26 D:/Alyasheiee/backend/database/seeders/DatabaseSeeder.php(14): Illuminate/Database/Seeder->call('Database//Seeder...')
#27 D:/Alyasheiee/backend/vendor/laravel/framework/src/Illuminate/Container/BoundMethod.php(36): Database/Seeders/DatabaseSeeder->run()
#28 D:/Alyasheiee/backend/vendor/laravel/framework/src/Illuminate/Container/Util.php(43): Illuminate/Container/BoundMethod::Illuminate/Container/{closure}()
#29 D:/Alyasheiee/backend/vendor/laravel/framework/src/Illuminate/Container/BoundMethod.php(95): Illuminate/Container/Util::unwrapIfClosure(Object(Closure))
#30 D:/Alyasheiee/backend/vendor/laravel/framework/src/Illuminate/Container/BoundMethod.php(35): Illuminate/Container/BoundMethod::callBoundMethod(Object(Illuminate/Foundation/Application), Array, Object(Closure))
#31 D:/Alyasheiee/backend/vendor/laravel/framework/src/Illuminate/Container/Container.php(696): Illuminate/Container/BoundMethod::call(Object(Illuminate/Foundation/Application), Array, Array, NULL)
#32 D:/Alyasheiee/backend/vendor/laravel/framework/src/Illuminate/Database/Seeder.php(188): Illuminate/Container/Container->call(Array, Array)
#33 D:/Alyasheiee/backend/vendor/laravel/framework/src/Illuminate/Database/Seeder.php(197): Illuminate/Database/Seeder->Illuminate/Database/{closure}()
#34 D:/Alyasheiee/backend/vendor/laravel/framework/src/Illuminate/Database/Console/Seeds/SeedCommand.php(70): Illuminate/Database/Seeder->__invoke()
#35 D:/Alyasheiee/backend/vendor/laravel/framework/src/Illuminate/Database/Eloquent/Concerns/GuardsAttributes.php(155): Illuminate/Database/Console/Seeds/SeedCommand->Illuminate/Database/Console/Seeds/{closure}()
#36 D:/Alyasheiee/backend/vendor/laravel/framework/src/Illuminate/Database/Console/Seeds/SeedCommand.php(69): Illuminate/Database/Eloquent/Model::unguarded(Object(Closure))
#37 D:/Alyasheiee/backend/vendor/laravel/framework/src/Illuminate/Container/BoundMethod.php(36): Illuminate/Database/Console/Seeds/SeedCommand->handle()
#38 D:/Alyasheiee/backend/vendor/laravel/framework/src/Illuminate/Container/Util.php(43): Illuminate/Container/BoundMethod::Illuminate/Container/{closure}()
#39 D:/Alyasheiee/backend/vendor/laravel/framework/src/Illuminate/Container/BoundMethod.php(95): Illuminate/Container/Util::unwrapIfClosure(Object(Closure))
#40 D:/Alyasheiee/backend/vendor/laravel/framework/src/Illuminate/Container/BoundMethod.php(35): Illuminate/Container/BoundMethod::callBoundMethod(Object(Illuminate/Foundation/Application), Array, Object(Closure))
#41 D:/Alyasheiee/backend/vendor/laravel/framework/src/Illuminate/Container/Container.php(696): Illuminate/Container/BoundMethod::call(Object(Illuminate/Foundation/Application), Array, Array, NULL)
#42 D:/Alyasheiee/backend/vendor/laravel/framework/src/Illuminate/Console/Command.php(213): Illuminate/Container/Container->call(Array)
#43 D:/Alyasheiee/backend/vendor/symfony/console/Command/Command.php(341): Illuminate/Console/Command->execute(Object(Symfony/Component/Console/Input/ArgvInput), Object(Illuminate/Console/OutputStyle))
#44 D:/Alyasheiee/backend/vendor/laravel/framework/src/Illuminate/Console/Command.php(182): Symfony/Component/Console/Command/Command->run(Object(Symfony/Component/Console/Input/ArgvInput), Object(Illuminate/Console/OutputStyle))
#45 D:/Alyasheiee/backend/vendor/symfony/console/Application.php(1117): Illuminate/Console/Command->run(Object(Symfony/Component/Console/Input/ArgvInput), Object(Symfony/Component/Console/Output/ConsoleOutput))
#46 D:/Alyasheiee/backend/vendor/symfony/console/Application.php(356): Symfony/Component/Console/Application->doRunCommand(Object(Illuminate/Database/Console/Seeds/SeedCommand), Object(Symfony/Component/Console/Input/ArgvInput), Object(Symfony/Component/Console/Output/ConsoleOutput))
#47 D:/Alyasheiee/backend/vendor/symfony/console/Application.php(195): Symfony/Component/Console/Application->doRun(Object(Symfony/Component/Console/Input/ArgvInput), Object(Symfony/Component/Console/Output/ConsoleOutput))
#48 D:/Alyasheiee/backend/vendor/laravel/framework/src/Illuminate/Foundation/Console/Kernel.php(198): Symfony/Component/Console/Application->run(Object(Symfony/Component/Console/Input/ArgvInput), Object(Symfony/Component/Console/Output/ConsoleOutput))
#49 D:/Alyasheiee/backend/vendor/laravel/framework/src/Illuminate/Foundation/Application.php(1235): Illuminate/Foundation/Console/Kernel->handle(Object(Symfony/Component/Console/Input/ArgvInput), Object(Symfony/Component/Console/Output/ConsoleOutput))
#50 D:/Alyasheiee/backend/artisan(13): Illuminate/Foundation/Application->handleCommand(Object(Symfony/Component/Console/Input/ArgvInput))
#51 {main}

[previous exception] [object] (PDOException(code: 42703): SQLSTATE[42703]: Undefined column: 7 ERROR:  column \"project_id\" of relation \"equipment\" does not exist
LINE 1: ...rly_rate\", \"standard_consumption_rate\", \"status\", \"project_i...
                                                             ^ at D:/Alyasheiee/backend/vendor/laravel/framework/src/Illuminate/Database/Connection.php:571)
[stacktrace]
#0 D:/Alyasheiee/backend/vendor/laravel/framework/src/Illuminate/Database/Connection.php(571): PDOStatement->execute()
#1 D:/Alyasheiee/backend/vendor/laravel/framework/src/Illuminate/Database/Connection.php(812): Illuminate/Database/Connection->Illuminate/Database/{closure}('insert into \"eq...', Array)
#2 D:/Alyasheiee/backend/vendor/laravel/framework/src/Illuminate/Database/Connection.php(779): Illuminate/Database/Connection->runQueryCallback('insert into \"eq...', Array, Object(Closure))
#3 D:/Alyasheiee/backend/vendor/laravel/framework/src/Illuminate/Database/Connection.php(560): Illuminate/Database/Connection->run('insert into \"eq...', Array, Object(Closure))
#4 D:/Alyasheiee/backend/vendor/laravel/framework/src/Illuminate/Database/Connection.php(524): Illuminate/Database/Connection->statement('insert into \"eq...', Array)
#5 D:/Alyasheiee/backend/vendor/laravel/framework/src/Illuminate/Database/Query/Builder.php(3717): Illuminate/Database/Connection->insert('insert into \"eq...', Array)
#6 D:/Alyasheiee/backend/vendor/laravel/framework/src/Illuminate/Database/Eloquent/Builder.php(2120): Illuminate/Database/Query/Builder->insert(Array)
#7 D:/Alyasheiee/backend/vendor/laravel/framework/src/Illuminate/Database/Eloquent/Model.php(1335): Illuminate/Database/Eloquent/Builder->__call('insert', Array)
#8 D:/Alyasheiee/backend/vendor/laravel/framework/src/Illuminate/Database/Eloquent/Model.php(1163): Illuminate/Database/Eloquent/Model->performInsert(Object(Illuminate/Database/Eloquent/Builder))
#9 D:/Alyasheiee/backend/vendor/laravel/framework/src/Illuminate/Database/Eloquent/Builder.php(1128): Illuminate/Database/Eloquent/Model->save()
#10 D:/Alyasheiee/backend/vendor/laravel/framework/src/Illuminate/Support/helpers.php(399): Illuminate/Database/Eloquent/Builder->Illuminate/Database/Eloquent/{closure}(Object(App/Modules/ResourceAllocation/Models/Equipment))
#11 D:/Alyasheiee/backend/vendor/laravel/framework/src/Illuminate/Database/Eloquent/Builder.php(1127): tap(Object(App/Modules/ResourceAllocation/Models/Equipment), Object(Closure))
#12 D:/Alyasheiee/backend/vendor/laravel/framework/src/Illuminate/Database/Eloquent/Builder.php(634): Illuminate/Database/Eloquent/Builder->create(Array)
#13 D:/Alyasheiee/backend/vendor/laravel/framework/src/Illuminate/Database/Eloquent/Builder.php(1864): Illuminate/Database/Eloquent/Builder->Illuminate/Database/Eloquent/{closure}()
#14 D:/Alyasheiee/backend/vendor/laravel/framework/src/Illuminate/Database/Eloquent/Builder.php(634): Illuminate/Database/Eloquent/Builder->withSavepointIfNeeded(Object(Closure))
#15 D:/Alyasheiee/backend/vendor/laravel/framework/src/Illuminate/Database/Eloquent/Builder.php(621): Illuminate/Database/Eloquent/Builder->createOrFirst(Array, Array)
#16 D:/Alyasheiee/backend/vendor/laravel/framework/src/Illuminate/Support/Traits/ForwardsCalls.php(23): Illuminate/Database/Eloquent/Builder->firstOrCreate(Array, Array)
#17 D:/Alyasheiee/backend/vendor/laravel/framework/src/Illuminate/Database/Eloquent/Model.php(2372): Illuminate/Database/Eloquent/Model->forwardCallTo(Object(Illuminate/Database/Eloquent/Builder), 'firstOrCreate', Array)
#18 D:/Alyasheiee/backend/vendor/laravel/framework/src/Illuminate/Database/Eloquent/Model.php(2384): Illuminate/Database/Eloquent/Model->__call('firstOrCreate', Array)
#19 D:/Alyasheiee/backend/database/seeders/SystemTestDataSeeder.php(81): Illuminate/Database/Eloquent/Model::__callStatic('firstOrCreate', Array)
#20 D:/Alyasheiee/backend/vendor/laravel/framework/src/Illuminate/Container/BoundMethod.php(36): Database/Seeders/SystemTestDataSeeder->run()
#21 D:/Alyasheiee/backend/vendor/laravel/framework/src/Illuminate/Container/Util.php(43): Illuminate/Container/BoundMethod::Illuminate/Container/{closure}()
#22 D:/Alyasheiee/backend/vendor/laravel/framework/src/Illuminate/Container/BoundMethod.php(95): Illuminate/Container/Util::unwrapIfClosure(Object(Closure))
#23 D:/Alyasheiee/backend/vendor/laravel/framework/src/Illuminate/Container/BoundMethod.php(35): Illuminate/Container/BoundMethod::callBoundMethod(Object(Illuminate/Foundation/Application), Array, Object(Closure))
#24 D:/Alyasheiee/backend/vendor/laravel/framework/src/Illuminate/Container/Container.php(696): Illuminate/Container/BoundMethod::call(Object(Illuminate/Foundation/Application), Array, Array, NULL)
#25 D:/Alyasheiee/backend/vendor/laravel/framework/src/Illuminate/Database/Seeder.php(188): Illuminate/Container/Container->call(Array, Array)
#26 D:/Alyasheiee/backend/vendor/laravel/framework/src/Illuminate/Database/Seeder.php(197): Illuminate/Database/Seeder->Illuminate/Database/{closure}()
#27 D:/Alyasheiee/backend/vendor/laravel/framework/src/Illuminate/Database/Seeder.php(61): Illuminate/Database/Seeder->__invoke(Array)
#28 D:/Alyasheiee/backend/database/seeders/DatabaseSeeder.php(14): Illuminate/Database/Seeder->call('Database//Seeder...')
#29 D:/Alyasheiee/backend/vendor/laravel/framework/src/Illuminate/Container/BoundMethod.php(36): Database/Seeders/DatabaseSeeder->run()
#30 D:/Alyasheiee/backend/vendor/laravel/framework/src/Illuminate/Container/Util.php(43): Illuminate/Container/BoundMethod::Illuminate/Container/{closure}()
#31 D:/Alyasheiee/backend/vendor/laravel/framework/src/Illuminate/Container/BoundMethod.php(95): Illuminate/Container/Util::unwrapIfClosure(Object(Closure))
#32 D:/Alyasheiee/backend/vendor/laravel/framework/src/Illuminate/Container/BoundMethod.php(35): Illuminate/Container/BoundMethod::callBoundMethod(Object(Illuminate/Foundation/Application), Array, Object(Closure))
#33 D:/Alyasheiee/backend/vendor/laravel/framework/src/Illuminate/Container/Container.php(696): Illuminate/Container/BoundMethod::call(Object(Illuminate/Foundation/Application), Array, Array, NULL)
#34 D:/Alyasheiee/backend/vendor/laravel/framework/src/Illuminate/Database/Seeder.php(188): Illuminate/Container/Container->call(Array, Array)
#35 D:/Alyasheiee/backend/vendor/laravel/framework/src/Illuminate/Database/Seeder.php(197): Illuminate/Database/Seeder->Illuminate/Database/{closure}()
#36 D:/Alyasheiee/backend/vendor/laravel/framework/src/Illuminate/Database/Console/Seeds/SeedCommand.php(70): Illuminate/Database/Seeder->__invoke()
#37 D:/Alyasheiee/backend/vendor/laravel/framework/src/Illuminate/Database/Eloquent/Concerns/GuardsAttributes.php(155): Illuminate/Database/Console/Seeds/SeedCommand->Illuminate/Database/Console/Seeds/{closure}()
#38 D:/Alyasheiee/backend/vendor/laravel/framework/src/Illuminate/Database/Console/Seeds/SeedCommand.php(69): Illuminate/Database/Eloquent/Model::unguarded(Object(Closure))
#39 D:/Alyasheiee/backend/vendor/laravel/framework/src/Illuminate/Container/BoundMethod.php(36): Illuminate/Database/Console/Seeds/SeedCommand->handle()
#40 D:/Alyasheiee/backend/vendor/laravel/framework/src/Illuminate/Container/Util.php(43): Illuminate/Container/BoundMethod::Illuminate/Container/{closure}()
#41 D:/Alyasheiee/backend/vendor/laravel/framework/src/Illuminate/Container/BoundMethod.php(95): Illuminate/Container/Util::unwrapIfClosure(Object(Closure))
#42 D:/Alyasheiee/backend/vendor/laravel/framework/src/Illuminate/Container/BoundMethod.php(35): Illuminate/Container/BoundMethod::callBoundMethod(Object(Illuminate/Foundation/Application), Array, Object(Closure))
#43 D:/Alyasheiee/backend/vendor/laravel/framework/src/Illuminate/Container/Container.php(696): Illuminate/Container/BoundMethod::call(Object(Illuminate/Foundation/Application), Array, Array, NULL)
#44 D:/Alyasheiee/backend/vendor/laravel/framework/src/Illuminate/Console/Command.php(213): Illuminate/Container/Container->call(Array)
#45 D:/Alyasheiee/backend/vendor/symfony/console/Command/Command.php(341): Illuminate/Console/Command->execute(Object(Symfony/Component/Console/Input/ArgvInput), Object(Illuminate/Console/OutputStyle))
#46 D:/Alyasheiee/backend/vendor/laravel/framework/src/Illuminate/Console/Command.php(182): Symfony/Component/Console/Command/Command->run(Object(Symfony/Component/Console/Input/ArgvInput), Object(Illuminate/Console/OutputStyle))
#47 D:/Alyasheiee/backend/vendor/symfony/console/Application.php(1117): Illuminate/Console/Command->run(Object(Symfony/Component/Console/Input/ArgvInput), Object(Symfony/Component/Console/Output/ConsoleOutput))
#48 D:/Alyasheiee/backend/vendor/symfony/console/Application.php(356): Symfony/Component/Console/Application->doRunCommand(Object(Illuminate/Database/Console/Seeds/SeedCommand), Object(Symfony/Component/Console/Input/ArgvInput), Object(Symfony/Component/Console/Output/ConsoleOutput))
#49 D:/Alyasheiee/backend/vendor/symfony/console/Application.php(195): Symfony/Component/Console/Application->doRun(Object(Symfony/Component/Console/Input/ArgvInput), Object(Symfony/Component/Console/Output/ConsoleOutput))
#50 D:/Alyasheiee/backend/vendor/laravel/framework/src/Illuminate/Foundation/Console/Kernel.php(198): Symfony/Component/Console/Application->run(Object(Symfony/Component/Console/Input/ArgvInput), Object(Symfony/Component/Console/Output/ConsoleOutput))
#51 D:/Alyasheiee/backend/vendor/laravel/framework/src/Illuminate/Foundation/Application.php(1235): Illuminate/Foundation/Console/Kernel->handle(Object(Symfony/Component/Console/Input/ArgvInput), Object(Symfony/Component/Console/Output/ConsoleOutput))
#52 D:/Alyasheiee/backend/artisan(13): Illuminate/Foundation/Application->handleCommand(Object(Symfony/Component/Console/Input/ArgvInput))
#53 {main}
"} 
[2026-06-30 02:08:08] local.ERROR: SQLSTATE[42703]: Undefined column: 7 ERROR:  column "project_id" of relation "warehouses" does not exist
LINE 1: ...rt into "warehouses" ("name", "type", "location", "project_i...
                                                             ^ (Connection: pgsql, SQL: insert into "warehouses" ("name", "type", "location", "project_id", "id", "updated_at", "created_at") values (مستودع مشروع مكة الرئيسي, site, موقع المشروع, a224b35c-0f38-4a34-aae4-789b45291d5d, a224b461-b2e1-4020-9265-a4d88c05194b, 2026-06-30 02:08:08, 2026-06-30 02:08:08)) {"exception":"[object] (Illuminate\\Database\\QueryException(code: 42703): SQLSTATE[42703]: Undefined column: 7 ERROR:  column \"project_id\" of relation \"warehouses\" does not exist
LINE 1: ...rt into \"warehouses\" (\"name\", \"type\", \"location\", \"project_i...
                                                             ^ (Connection: pgsql, SQL: insert into \"warehouses\" (\"name\", \"type\", \"location\", \"project_id\", \"id\", \"updated_at\", \"created_at\") values (مستودع مشروع مكة الرئيسي, site, موقع المشروع, a224b35c-0f38-4a34-aae4-789b45291d5d, a224b461-b2e1-4020-9265-a4d88c05194b, 2026-06-30 02:08:08, 2026-06-30 02:08:08)) at D:/Alyasheiee/backend/vendor/laravel/framework/src/Illuminate/Database/Connection.php:825)
[stacktrace]
#0 D:/Alyasheiee/backend/vendor/laravel/framework/src/Illuminate/Database/Connection.php(779): Illuminate/Database/Connection->runQueryCallback('insert into \"wa...', Array, Object(Closure))
#1 D:/Alyasheiee/backend/vendor/laravel/framework/src/Illuminate/Database/Connection.php(560): Illuminate/Database/Connection->run('insert into \"wa...', Array, Object(Closure))
#2 D:/Alyasheiee/backend/vendor/laravel/framework/src/Illuminate/Database/Connection.php(524): Illuminate/Database/Connection->statement('insert into \"wa...', Array)
#3 D:/Alyasheiee/backend/vendor/laravel/framework/src/Illuminate/Database/Query/Builder.php(3717): Illuminate/Database/Connection->insert('insert into \"wa...', Array)
#4 D:/Alyasheiee/backend/vendor/laravel/framework/src/Illuminate/Database/Eloquent/Builder.php(2120): Illuminate/Database/Query/Builder->insert(Array)
#5 D:/Alyasheiee/backend/vendor/laravel/framework/src/Illuminate/Database/Eloquent/Model.php(1335): Illuminate/Database/Eloquent/Builder->__call('insert', Array)
#6 D:/Alyasheiee/backend/vendor/laravel/framework/src/Illuminate/Database/Eloquent/Model.php(1163): Illuminate/Database/Eloquent/Model->performInsert(Object(Illuminate/Database/Eloquent/Builder))
#7 D:/Alyasheiee/backend/vendor/laravel/framework/src/Illuminate/Database/Eloquent/Builder.php(1128): Illuminate/Database/Eloquent/Model->save()
#8 D:/Alyasheiee/backend/vendor/laravel/framework/src/Illuminate/Support/helpers.php(399): Illuminate/Database/Eloquent/Builder->Illuminate/Database/Eloquent/{closure}(Object(App/Modules/Warehouse/Models/Warehouse))
#9 D:/Alyasheiee/backend/vendor/laravel/framework/src/Illuminate/Database/Eloquent/Builder.php(1127): tap(Object(App/Modules/Warehouse/Models/Warehouse), Object(Closure))
#10 D:/Alyasheiee/backend/vendor/laravel/framework/src/Illuminate/Database/Eloquent/Builder.php(634): Illuminate/Database/Eloquent/Builder->create(Array)
#11 D:/Alyasheiee/backend/vendor/laravel/framework/src/Illuminate/Database/Eloquent/Builder.php(1864): Illuminate/Database/Eloquent/Builder->Illuminate/Database/Eloquent/{closure}()
#12 D:/Alyasheiee/backend/vendor/laravel/framework/src/Illuminate/Database/Eloquent/Builder.php(634): Illuminate/Database/Eloquent/Builder->withSavepointIfNeeded(Object(Closure))
#13 D:/Alyasheiee/backend/vendor/laravel/framework/src/Illuminate/Database/Eloquent/Builder.php(621): Illuminate/Database/Eloquent/Builder->createOrFirst(Array, Array)
#14 D:/Alyasheiee/backend/vendor/laravel/framework/src/Illuminate/Support/Traits/ForwardsCalls.php(23): Illuminate/Database/Eloquent/Builder->firstOrCreate(Array, Array)
#15 D:/Alyasheiee/backend/vendor/laravel/framework/src/Illuminate/Database/Eloquent/Model.php(2372): Illuminate/Database/Eloquent/Model->forwardCallTo(Object(Illuminate/Database/Eloquent/Builder), 'firstOrCreate', Array)
#16 D:/Alyasheiee/backend/vendor/laravel/framework/src/Illuminate/Database/Eloquent/Model.php(2384): Illuminate/Database/Eloquent/Model->__call('firstOrCreate', Array)
#17 D:/Alyasheiee/backend/database/seeders/SystemTestDataSeeder.php(117): Illuminate/Database/Eloquent/Model::__callStatic('firstOrCreate', Array)
#18 D:/Alyasheiee/backend/vendor/laravel/framework/src/Illuminate/Container/BoundMethod.php(36): Database/Seeders/SystemTestDataSeeder->run()
#19 D:/Alyasheiee/backend/vendor/laravel/framework/src/Illuminate/Container/Util.php(43): Illuminate/Container/BoundMethod::Illuminate/Container/{closure}()
#20 D:/Alyasheiee/backend/vendor/laravel/framework/src/Illuminate/Container/BoundMethod.php(95): Illuminate/Container/Util::unwrapIfClosure(Object(Closure))
#21 D:/Alyasheiee/backend/vendor/laravel/framework/src/Illuminate/Container/BoundMethod.php(35): Illuminate/Container/BoundMethod::callBoundMethod(Object(Illuminate/Foundation/Application), Array, Object(Closure))
#22 D:/Alyasheiee/backend/vendor/laravel/framework/src/Illuminate/Container/Container.php(696): Illuminate/Container/BoundMethod::call(Object(Illuminate/Foundation/Application), Array, Array, NULL)
#23 D:/Alyasheiee/backend/vendor/laravel/framework/src/Illuminate/Database/Seeder.php(188): Illuminate/Container/Container->call(Array, Array)
#24 D:/Alyasheiee/backend/vendor/laravel/framework/src/Illuminate/Database/Seeder.php(197): Illuminate/Database/Seeder->Illuminate/Database/{closure}()
#25 D:/Alyasheiee/backend/vendor/laravel/framework/src/Illuminate/Database/Seeder.php(61): Illuminate/Database/Seeder->__invoke(Array)
#26 D:/Alyasheiee/backend/database/seeders/DatabaseSeeder.php(14): Illuminate/Database/Seeder->call('Database//Seeder...')
#27 D:/Alyasheiee/backend/vendor/laravel/framework/src/Illuminate/Container/BoundMethod.php(36): Database/Seeders/DatabaseSeeder->run()
#28 D:/Alyasheiee/backend/vendor/laravel/framework/src/Illuminate/Container/Util.php(43): Illuminate/Container/BoundMethod::Illuminate/Container/{closure}()
#29 D:/Alyasheiee/backend/vendor/laravel/framework/src/Illuminate/Container/BoundMethod.php(95): Illuminate/Container/Util::unwrapIfClosure(Object(Closure))
#30 D:/Alyasheiee/backend/vendor/laravel/framework/src/Illuminate/Container/BoundMethod.php(35): Illuminate/Container/BoundMethod::callBoundMethod(Object(Illuminate/Foundation/Application), Array, Object(Closure))
#31 D:/Alyasheiee/backend/vendor/laravel/framework/src/Illuminate/Container/Container.php(696): Illuminate/Container/BoundMethod::call(Object(Illuminate/Foundation/Application), Array, Array, NULL)
#32 D:/Alyasheiee/backend/vendor/laravel/framework/src/Illuminate/Database/Seeder.php(188): Illuminate/Container/Container->call(Array, Array)
#33 D:/Alyasheiee/backend/vendor/laravel/framework/src/Illuminate/Database/Seeder.php(197): Illuminate/Database/Seeder->Illuminate/Database/{closure}()
#34 D:/Alyasheiee/backend/vendor/laravel/framework/src/Illuminate/Database/Console/Seeds/SeedCommand.php(70): Illuminate/Database/Seeder->__invoke()
#35 D:/Alyasheiee/backend/vendor/laravel/framework/src/Illuminate/Database/Eloquent/Concerns/GuardsAttributes.php(155): Illuminate/Database/Console/Seeds/SeedCommand->Illuminate/Database/Console/Seeds/{closure}()
#36 D:/Alyasheiee/backend/vendor/laravel/framework/src/Illuminate/Database/Console/Seeds/SeedCommand.php(69): Illuminate/Database/Eloquent/Model::unguarded(Object(Closure))
#37 D:/Alyasheiee/backend/vendor/laravel/framework/src/Illuminate/Container/BoundMethod.php(36): Illuminate/Database/Console/Seeds/SeedCommand->handle()
#38 D:/Alyasheiee/backend/vendor/laravel/framework/src/Illuminate/Container/Util.php(43): Illuminate/Container/BoundMethod::Illuminate/Container/{closure}()
#39 D:/Alyasheiee/backend/vendor/laravel/framework/src/Illuminate/Container/BoundMethod.php(95): Illuminate/Container/Util::unwrapIfClosure(Object(Closure))
#40 D:/Alyasheiee/backend/vendor/laravel/framework/src/Illuminate/Container/BoundMethod.php(35): Illuminate/Container/BoundMethod::callBoundMethod(Object(Illuminate/Foundation/Application), Array, Object(Closure))
#41 D:/Alyasheiee/backend/vendor/laravel/framework/src/Illuminate/Container/Container.php(696): Illuminate/Container/BoundMethod::call(Object(Illuminate/Foundation/Application), Array, Array, NULL)
#42 D:/Alyasheiee/backend/vendor/laravel/framework/src/Illuminate/Console/Command.php(213): Illuminate/Container/Container->call(Array)
#43 D:/Alyasheiee/backend/vendor/symfony/console/Command/Command.php(341): Illuminate/Console/Command->execute(Object(Symfony/Component/Console/Input/ArgvInput), Object(Illuminate/Console/OutputStyle))
#44 D:/Alyasheiee/backend/vendor/laravel/framework/src/Illuminate/Console/Command.php(182): Symfony/Component/Console/Command/Command->run(Object(Symfony/Component/Console/Input/ArgvInput), Object(Illuminate/Console/OutputStyle))
#45 D:/Alyasheiee/backend/vendor/symfony/console/Application.php(1117): Illuminate/Console/Command->run(Object(Symfony/Component/Console/Input/ArgvInput), Object(Symfony/Component/Console/Output/ConsoleOutput))
#46 D:/Alyasheiee/backend/vendor/symfony/console/Application.php(356): Symfony/Component/Console/Application->doRunCommand(Object(Illuminate/Database/Console/Seeds/SeedCommand), Object(Symfony/Component/Console/Input/ArgvInput), Object(Symfony/Component/Console/Output/ConsoleOutput))
#47 D:/Alyasheiee/backend/vendor/symfony/console/Application.php(195): Symfony/Component/Console/Application->doRun(Object(Symfony/Component/Console/Input/ArgvInput), Object(Symfony/Component/Console/Output/ConsoleOutput))
#48 D:/Alyasheiee/backend/vendor/laravel/framework/src/Illuminate/Foundation/Console/Kernel.php(198): Symfony/Component/Console/Application->run(Object(Symfony/Component/Console/Input/ArgvInput), Object(Symfony/Component/Console/Output/ConsoleOutput))
#49 D:/Alyasheiee/backend/vendor/laravel/framework/src/Illuminate/Foundation/Application.php(1235): Illuminate/Foundation/Console/Kernel->handle(Object(Symfony/Component/Console/Input/ArgvInput), Object(Symfony/Component/Console/Output/ConsoleOutput))
#50 D:/Alyasheiee/backend/artisan(13): Illuminate/Foundation/Application->handleCommand(Object(Symfony/Component/Console/Input/ArgvInput))
#51 {main}

[previous exception] [object] (PDOException(code: 42703): SQLSTATE[42703]: Undefined column: 7 ERROR:  column \"project_id\" of relation \"warehouses\" does not exist
LINE 1: ...rt into \"warehouses\" (\"name\", \"type\", \"location\", \"project_i...
                                                             ^ at D:/Alyasheiee/backend/vendor/laravel/framework/src/Illuminate/Database/Connection.php:571)
[stacktrace]
#0 D:/Alyasheiee/backend/vendor/laravel/framework/src/Illuminate/Database/Connection.php(571): PDOStatement->execute()
#1 D:/Alyasheiee/backend/vendor/laravel/framework/src/Illuminate/Database/Connection.php(812): Illuminate/Database/Connection->Illuminate/Database/{closure}('insert into \"wa...', Array)
#2 D:/Alyasheiee/backend/vendor/laravel/framework/src/Illuminate/Database/Connection.php(779): Illuminate/Database/Connection->runQueryCallback('insert into \"wa...', Array, Object(Closure))
#3 D:/Alyasheiee/backend/vendor/laravel/framework/src/Illuminate/Database/Connection.php(560): Illuminate/Database/Connection->run('insert into \"wa...', Array, Object(Closure))
#4 D:/Alyasheiee/backend/vendor/laravel/framework/src/Illuminate/Database/Connection.php(524): Illuminate/Database/Connection->statement('insert into \"wa...', Array)
#5 D:/Alyasheiee/backend/vendor/laravel/framework/src/Illuminate/Database/Query/Builder.php(3717): Illuminate/Database/Connection->insert('insert into \"wa...', Array)
#6 D:/Alyasheiee/backend/vendor/laravel/framework/src/Illuminate/Database/Eloquent/Builder.php(2120): Illuminate/Database/Query/Builder->insert(Array)
#7 D:/Alyasheiee/backend/vendor/laravel/framework/src/Illuminate/Database/Eloquent/Model.php(1335): Illuminate/Database/Eloquent/Builder->__call('insert', Array)
#8 D:/Alyasheiee/backend/vendor/laravel/framework/src/Illuminate/Database/Eloquent/Model.php(1163): Illuminate/Database/Eloquent/Model->performInsert(Object(Illuminate/Database/Eloquent/Builder))
#9 D:/Alyasheiee/backend/vendor/laravel/framework/src/Illuminate/Database/Eloquent/Builder.php(1128): Illuminate/Database/Eloquent/Model->save()
#10 D:/Alyasheiee/backend/vendor/laravel/framework/src/Illuminate/Support/helpers.php(399): Illuminate/Database/Eloquent/Builder->Illuminate/Database/Eloquent/{closure}(Object(App/Modules/Warehouse/Models/Warehouse))
#11 D:/Alyasheiee/backend/vendor/laravel/framework/src/Illuminate/Database/Eloquent/Builder.php(1127): tap(Object(App/Modules/Warehouse/Models/Warehouse), Object(Closure))
#12 D:/Alyasheiee/backend/vendor/laravel/framework/src/Illuminate/Database/Eloquent/Builder.php(634): Illuminate/Database/Eloquent/Builder->create(Array)
#13 D:/Alyasheiee/backend/vendor/laravel/framework/src/Illuminate/Database/Eloquent/Builder.php(1864): Illuminate/Database/Eloquent/Builder->Illuminate/Database/Eloquent/{closure}()
#14 D:/Alyasheiee/backend/vendor/laravel/framework/src/Illuminate/Database/Eloquent/Builder.php(634): Illuminate/Database/Eloquent/Builder->withSavepointIfNeeded(Object(Closure))
#15 D:/Alyasheiee/backend/vendor/laravel/framework/src/Illuminate/Database/Eloquent/Builder.php(621): Illuminate/Database/Eloquent/Builder->createOrFirst(Array, Array)
#16 D:/Alyasheiee/backend/vendor/laravel/framework/src/Illuminate/Support/Traits/ForwardsCalls.php(23): Illuminate/Database/Eloquent/Builder->firstOrCreate(Array, Array)
#17 D:/Alyasheiee/backend/vendor/laravel/framework/src/Illuminate/Database/Eloquent/Model.php(2372): Illuminate/Database/Eloquent/Model->forwardCallTo(Object(Illuminate/Database/Eloquent/Builder), 'firstOrCreate', Array)
#18 D:/Alyasheiee/backend/vendor/laravel/framework/src/Illuminate/Database/Eloquent/Model.php(2384): Illuminate/Database/Eloquent/Model->__call('firstOrCreate', Array)
#19 D:/Alyasheiee/backend/database/seeders/SystemTestDataSeeder.php(117): Illuminate/Database/Eloquent/Model::__callStatic('firstOrCreate', Array)
#20 D:/Alyasheiee/backend/vendor/laravel/framework/src/Illuminate/Container/BoundMethod.php(36): Database/Seeders/SystemTestDataSeeder->run()
#21 D:/Alyasheiee/backend/vendor/laravel/framework/src/Illuminate/Container/Util.php(43): Illuminate/Container/BoundMethod::Illuminate/Container/{closure}()
#22 D:/Alyasheiee/backend/vendor/laravel/framework/src/Illuminate/Container/BoundMethod.php(95): Illuminate/Container/Util::unwrapIfClosure(Object(Closure))
#23 D:/Alyasheiee/backend/vendor/laravel/framework/src/Illuminate/Container/BoundMethod.php(35): Illuminate/Container/BoundMethod::callBoundMethod(Object(Illuminate/Foundation/Application), Array, Object(Closure))
#24 D:/Alyasheiee/backend/vendor/laravel/framework/src/Illuminate/Container/Container.php(696): Illuminate/Container/BoundMethod::call(Object(Illuminate/Foundation/Application), Array, Array, NULL)
#25 D:/Alyasheiee/backend/vendor/laravel/framework/src/Illuminate/Database/Seeder.php(188): Illuminate/Container/Container->call(Array, Array)
#26 D:/Alyasheiee/backend/vendor/laravel/framework/src/Illuminate/Database/Seeder.php(197): Illuminate/Database/Seeder->Illuminate/Database/{closure}()
#27 D:/Alyasheiee/backend/vendor/laravel/framework/src/Illuminate/Database/Seeder.php(61): Illuminate/Database/Seeder->__invoke(Array)
#28 D:/Alyasheiee/backend/database/seeders/DatabaseSeeder.php(14): Illuminate/Database/Seeder->call('Database//Seeder...')
#29 D:/Alyasheiee/backend/vendor/laravel/framework/src/Illuminate/Container/BoundMethod.php(36): Database/Seeders/DatabaseSeeder->run()
#30 D:/Alyasheiee/backend/vendor/laravel/framework/src/Illuminate/Container/Util.php(43): Illuminate/Container/BoundMethod::Illuminate/Container/{closure}()
#31 D:/Alyasheiee/backend/vendor/laravel/framework/src/Illuminate/Container/BoundMethod.php(95): Illuminate/Container/Util::unwrapIfClosure(Object(Closure))
#32 D:/Alyasheiee/backend/vendor/laravel/framework/src/Illuminate/Container/BoundMethod.php(35): Illuminate/Container/BoundMethod::callBoundMethod(Object(Illuminate/Foundation/Application), Array, Object(Closure))
#33 D:/Alyasheiee/backend/vendor/laravel/framework/src/Illuminate/Container/Container.php(696): Illuminate/Container/BoundMethod::call(Object(Illuminate/Foundation/Application), Array, Array, NULL)
#34 D:/Alyasheiee/backend/vendor/laravel/framework/src/Illuminate/Database/Seeder.php(188): Illuminate/Container/Container->call(Array, Array)
#35 D:/Alyasheiee/backend/vendor/laravel/framework/src/Illuminate/Database/Seeder.php(197): Illuminate/Database/Seeder->Illuminate/Database/{closure}()
#36 D:/Alyasheiee/backend/vendor/laravel/framework/src/Illuminate/Database/Console/Seeds/SeedCommand.php(70): Illuminate/Database/Seeder->__invoke()
#37 D:/Alyasheiee/backend/vendor/laravel/framework/src/Illuminate/Database/Eloquent/Concerns/GuardsAttributes.php(155): Illuminate/Database/Console/Seeds/SeedCommand->Illuminate/Database/Console/Seeds/{closure}()
#38 D:/Alyasheiee/backend/vendor/laravel/framework/src/Illuminate/Database/Console/Seeds/SeedCommand.php(69): Illuminate/Database/Eloquent/Model::unguarded(Object(Closure))
#39 D:/Alyasheiee/backend/vendor/laravel/framework/src/Illuminate/Container/BoundMethod.php(36): Illuminate/Database/Console/Seeds/SeedCommand->handle()
#40 D:/Alyasheiee/backend/vendor/laravel/framework/src/Illuminate/Container/Util.php(43): Illuminate/Container/BoundMethod::Illuminate/Container/{closure}()
#41 D:/Alyasheiee/backend/vendor/laravel/framework/src/Illuminate/Container/BoundMethod.php(95): Illuminate/Container/Util::unwrapIfClosure(Object(Closure))
#42 D:/Alyasheiee/backend/vendor/laravel/framework/src/Illuminate/Container/BoundMethod.php(35): Illuminate/Container/BoundMethod::callBoundMethod(Object(Illuminate/Foundation/Application), Array, Object(Closure))
#43 D:/Alyasheiee/backend/vendor/laravel/framework/src/Illuminate/Container/Container.php(696): Illuminate/Container/BoundMethod::call(Object(Illuminate/Foundation/Application), Array, Array, NULL)
#44 D:/Alyasheiee/backend/vendor/laravel/framework/src/Illuminate/Console/Command.php(213): Illuminate/Container/Container->call(Array)
#45 D:/Alyasheiee/backend/vendor/symfony/console/Command/Command.php(341): Illuminate/Console/Command->execute(Object(Symfony/Component/Console/Input/ArgvInput), Object(Illuminate/Console/OutputStyle))
#46 D:/Alyasheiee/backend/vendor/laravel/framework/src/Illuminate/Console/Command.php(182): Symfony/Component/Console/Command/Command->run(Object(Symfony/Component/Console/Input/ArgvInput), Object(Illuminate/Console/OutputStyle))
#47 D:/Alyasheiee/backend/vendor/symfony/console/Application.php(1117): Illuminate/Console/Command->run(Object(Symfony/Component/Console/Input/ArgvInput), Object(Symfony/Component/Console/Output/ConsoleOutput))
#48 D:/Alyasheiee/backend/vendor/symfony/console/Application.php(356): Symfony/Component/Console/Application->doRunCommand(Object(Illuminate/Database/Console/Seeds/SeedCommand), Object(Symfony/Component/Console/Input/ArgvInput), Object(Symfony/Component/Console/Output/ConsoleOutput))
#49 D:/Alyasheiee/backend/vendor/symfony/console/Application.php(195): Symfony/Component/Console/Application->doRun(Object(Symfony/Component/Console/Input/ArgvInput), Object(Symfony/Component/Console/Output/ConsoleOutput))
#50 D:/Alyasheiee/backend/vendor/laravel/framework/src/Illuminate/Foundation/Console/Kernel.php(198): Symfony/Component/Console/Application->run(Object(Symfony/Component/Console/Input/ArgvInput), Object(Symfony/Component/Console/Output/ConsoleOutput))
#51 D:/Alyasheiee/backend/vendor/laravel/framework/src/Illuminate/Foundation/Application.php(1235): Illuminate/Foundation/Console/Kernel->handle(Object(Symfony/Component/Console/Input/ArgvInput), Object(Symfony/Component/Console/Output/ConsoleOutput))
#52 D:/Alyasheiee/backend/artisan(13): Illuminate/Foundation/Application->handleCommand(Object(Symfony/Component/Console/Input/ArgvInput))
#53 {main}
"} 
[2026-06-30 02:29:15] local.ERROR: Unsupported cipher or incorrect key length. Supported ciphers are: aes-128-cbc, aes-256-cbc, aes-128-gcm, aes-256-gcm. {"exception":"[object] (RuntimeException(code: 0): Unsupported cipher or incorrect key length. Supported ciphers are: aes-128-cbc, aes-256-cbc, aes-128-gcm, aes-256-gcm. at D:/Alyasheiee/backend/vendor/laravel/framework/src/Illuminate/Encryption/Encrypter.php:62)
[stacktrace]
#0 D:/Alyasheiee/backend/vendor/laravel/framework/src/Illuminate/Encryption/EncryptionServiceProvider.php(32): Illuminate/Encryption/Encrypter->__construct('/ee/xB8/xCDo/x19/xD6}///xDAM/xCB/xE2nM...', 'AES-256-CBC')
#1 D:/Alyasheiee/backend/vendor/laravel/framework/src/Illuminate/Container/Container.php(952): Illuminate/Encryption/EncryptionServiceProvider->Illuminate/Encryption/{closure}(Object(Illuminate/Foundation/Application), Array)
#2 D:/Alyasheiee/backend/vendor/laravel/framework/src/Illuminate/Container/Container.php(832): Illuminate/Container/Container->build(Object(Closure))
#3 D:/Alyasheiee/backend/vendor/laravel/framework/src/Illuminate/Foundation/Application.php(1078): Illuminate/Container/Container->resolve('encrypter', Array, true)
#4 D:/Alyasheiee/backend/vendor/laravel/framework/src/Illuminate/Container/Container.php(763): Illuminate/Foundation/Application->resolve('encrypter', Array)
#5 D:/Alyasheiee/backend/vendor/laravel/framework/src/Illuminate/Foundation/Application.php(1058): Illuminate/Container/Container->make('encrypter', Array)
#6 D:/Alyasheiee/backend/vendor/laravel/framework/src/Illuminate/Container/Container.php(1133): Illuminate/Foundation/Application->make('encrypter')
#7 D:/Alyasheiee/backend/vendor/laravel/framework/src/Illuminate/Container/Container.php(1043): Illuminate/Container/Container->resolveClass(Object(ReflectionParameter))
#8 D:/Alyasheiee/backend/vendor/laravel/framework/src/Illuminate/Container/Container.php(994): Illuminate/Container/Container->resolveDependencies(Array)
#9 D:/Alyasheiee/backend/vendor/laravel/framework/src/Illuminate/Container/Container.php(832): Illuminate/Container/Container->build('Illuminate//Cook...')
#10 D:/Alyasheiee/backend/vendor/laravel/framework/src/Illuminate/Foundation/Application.php(1078): Illuminate/Container/Container->resolve('Illuminate//Cook...', Array, true)
#11 D:/Alyasheiee/backend/vendor/laravel/framework/src/Illuminate/Container/Container.php(763): Illuminate/Foundation/Application->resolve('Illuminate//Cook...', Array)
#12 D:/Alyasheiee/backend/vendor/laravel/framework/src/Illuminate/Foundation/Application.php(1058): Illuminate/Container/Container->make('Illuminate//Cook...', Array)
#13 D:/Alyasheiee/backend/vendor/laravel/framework/src/Illuminate/Pipeline/Pipeline.php(198): Illuminate/Foundation/Application->make('Illuminate//Cook...')
#14 D:/Alyasheiee/backend/vendor/laravel/framework/src/Illuminate/Pipeline/Pipeline.php(127): Illuminate/Pipeline/Pipeline->Illuminate/Pipeline/{closure}(Object(Illuminate/Http/Request))
#15 D:/Alyasheiee/backend/vendor/laravel/framework/src/Illuminate/Routing/Router.php(807): Illuminate/Pipeline/Pipeline->then(Object(Closure))
#16 D:/Alyasheiee/backend/vendor/laravel/framework/src/Illuminate/Routing/Router.php(786): Illuminate/Routing/Router->runRouteWithinStack(Object(Illuminate/Routing/Route), Object(Illuminate/Http/Request))
#17 D:/Alyasheiee/backend/vendor/laravel/framework/src/Illuminate/Routing/Router.php(750): Illuminate/Routing/Router->runRoute(Object(Illuminate/Http/Request), Object(Illuminate/Routing/Route))
#18 D:/Alyasheiee/backend/vendor/laravel/framework/src/Illuminate/Routing/Router.php(739): Illuminate/Routing/Router->dispatchToRoute(Object(Illuminate/Http/Request))
#19 D:/Alyasheiee/backend/vendor/laravel/framework/src/Illuminate/Foundation/Http/Kernel.php(201): Illuminate/Routing/Router->dispatch(Object(Illuminate/Http/Request))
#20 D:/Alyasheiee/backend/vendor/laravel/framework/src/Illuminate/Pipeline/Pipeline.php(170): Illuminate/Foundation/Http/Kernel->Illuminate/Foundation/Http/{closure}(Object(Illuminate/Http/Request))
#21 D:/Alyasheiee/backend/vendor/laravel/framework/src/Illuminate/Foundation/Http/Middleware/TransformsRequest.php(21): Illuminate/Pipeline/Pipeline->Illuminate/Pipeline/{closure}(Object(Illuminate/Http/Request))
#22 D:/Alyasheiee/backend/vendor/laravel/framework/src/Illuminate/Foundation/Http/Middleware/ConvertEmptyStringsToNull.php(31): Illuminate/Foundation/Http/Middleware/TransformsRequest->handle(Object(Illuminate/Http/Request), Object(Closure))
#23 D:/Alyasheiee/backend/vendor/laravel/framework/src/Illuminate/Pipeline/Pipeline.php(209): Illuminate/Foundation/Http/Middleware/ConvertEmptyStringsToNull->handle(Object(Illuminate/Http/Request), Object(Closure))
#24 D:/Alyasheiee/backend/vendor/laravel/framework/src/Illuminate/Foundation/Http/Middleware/TransformsRequest.php(21): Illuminate/Pipeline/Pipeline->Illuminate/Pipeline/{closure}(Object(Illuminate/Http/Request))
#25 D:/Alyasheiee/backend/vendor/laravel/framework/src/Illuminate/Foundation/Http/Middleware/TrimStrings.php(51): Illuminate/Foundation/Http/Middleware/TransformsRequest->handle(Object(Illuminate/Http/Request), Object(Closure))
#26 D:/Alyasheiee/backend/vendor/laravel/framework/src/Illuminate/Pipeline/Pipeline.php(209): Illuminate/Foundation/Http/Middleware/TrimStrings->handle(Object(Illuminate/Http/Request), Object(Closure))
#27 D:/Alyasheiee/backend/vendor/laravel/framework/src/Illuminate/Http/Middleware/ValidatePostSize.php(27): Illuminate/Pipeline/Pipeline->Illuminate/Pipeline/{closure}(Object(Illuminate/Http/Request))
#28 D:/Alyasheiee/backend/vendor/laravel/framework/src/Illuminate/Pipeline/Pipeline.php(209): Illuminate/Http/Middleware/ValidatePostSize->handle(Object(Illuminate/Http/Request), Object(Closure))
#29 D:/Alyasheiee/backend/vendor/laravel/framework/src/Illuminate/Foundation/Http/Middleware/PreventRequestsDuringMaintenance.php(110): Illuminate/Pipeline/Pipeline->Illuminate/Pipeline/{closure}(Object(Illuminate/Http/Request))
#30 D:/Alyasheiee/backend/vendor/laravel/framework/src/Illuminate/Pipeline/Pipeline.php(209): Illuminate/Foundation/Http/Middleware/PreventRequestsDuringMaintenance->handle(Object(Illuminate/Http/Request), Object(Closure))
#31 D:/Alyasheiee/backend/vendor/laravel/framework/src/Illuminate/Http/Middleware/HandleCors.php(49): Illuminate/Pipeline/Pipeline->Illuminate/Pipeline/{closure}(Object(Illuminate/Http/Request))
#32 D:/Alyasheiee/backend/vendor/laravel/framework/src/Illuminate/Pipeline/Pipeline.php(209): Illuminate/Http/Middleware/HandleCors->handle(Object(Illuminate/Http/Request), Object(Closure))
#33 D:/Alyasheiee/backend/vendor/laravel/framework/src/Illuminate/Http/Middleware/TrustProxies.php(58): Illuminate/Pipeline/Pipeline->Illuminate/Pipeline/{closure}(Object(Illuminate/Http/Request))
#34 D:/Alyasheiee/backend/vendor/laravel/framework/src/Illuminate/Pipeline/Pipeline.php(209): Illuminate/Http/Middleware/TrustProxies->handle(Object(Illuminate/Http/Request), Object(Closure))
#35 D:/Alyasheiee/backend/vendor/laravel/framework/src/Illuminate/Foundation/Http/Middleware/InvokeDeferredCallbacks.php(22): Illuminate/Pipeline/Pipeline->Illuminate/Pipeline/{closure}(Object(Illuminate/Http/Request))
#36 D:/Alyasheiee/backend/vendor/laravel/framework/src/Illuminate/Pipeline/Pipeline.php(209): Illuminate/Foundation/Http/Middleware/InvokeDeferredCallbacks->handle(Object(Illuminate/Http/Request), Object(Closure))
#37 D:/Alyasheiee/backend/vendor/laravel/framework/src/Illuminate/Pipeline/Pipeline.php(127): Illuminate/Pipeline/Pipeline->Illuminate/Pipeline/{closure}(Object(Illuminate/Http/Request))
#38 D:/Alyasheiee/backend/vendor/laravel/framework/src/Illuminate/Foundation/Http/Kernel.php(176): Illuminate/Pipeline/Pipeline->then(Object(Closure))
#39 D:/Alyasheiee/backend/vendor/laravel/framework/src/Illuminate/Foundation/Http/Kernel.php(145): Illuminate/Foundation/Http/Kernel->sendRequestThroughRouter(Object(Illuminate/Http/Request))
#40 D:/Alyasheiee/backend/vendor/laravel/framework/src/Illuminate/Foundation/Application.php(1220): Illuminate/Foundation/Http/Kernel->handle(Object(Illuminate/Http/Request))
#41 D:/Alyasheiee/backend/public/index.php(17): Illuminate/Foundation/Application->handleRequest(Object(Illuminate/Http/Request))
#42 D:/Alyasheiee/backend/vendor/laravel/framework/src/Illuminate/Foundation/resources/server.php(23): require_once('D://Alyasheiee//b...')
#43 {main}
"} 
[2026-06-30 02:29:15] local.ERROR: Unsupported cipher or incorrect key length. Supported ciphers are: aes-128-cbc, aes-256-cbc, aes-128-gcm, aes-256-gcm. {"exception":"[object] (RuntimeException(code: 0): Unsupported cipher or incorrect key length. Supported ciphers are: aes-128-cbc, aes-256-cbc, aes-128-gcm, aes-256-gcm. at D:/Alyasheiee/backend/vendor/laravel/framework/src/Illuminate/Encryption/Encrypter.php:62)
[stacktrace]
#0 D:/Alyasheiee/backend/vendor/laravel/framework/src/Illuminate/Encryption/EncryptionServiceProvider.php(32): Illuminate/Encryption/Encrypter->__construct('/ee/xB8/xCDo/x19/xD6}///xDAM/xCB/xE2nM...', 'AES-256-CBC')
#1 D:/Alyasheiee/backend/vendor/laravel/framework/src/Illuminate/Container/Container.php(952): Illuminate/Encryption/EncryptionServiceProvider->Illuminate/Encryption/{closure}(Object(Illuminate/Foundation/Application), Array)
#2 D:/Alyasheiee/backend/vendor/laravel/framework/src/Illuminate/Container/Container.php(832): Illuminate/Container/Container->build(Object(Closure))
#3 D:/Alyasheiee/backend/vendor/laravel/framework/src/Illuminate/Foundation/Application.php(1078): Illuminate/Container/Container->resolve('encrypter', Array, true)
#4 D:/Alyasheiee/backend/vendor/laravel/framework/src/Illuminate/Container/Container.php(763): Illuminate/Foundation/Application->resolve('encrypter', Array)
#5 D:/Alyasheiee/backend/vendor/laravel/framework/src/Illuminate/Foundation/Application.php(1058): Illuminate/Container/Container->make('encrypter', Array)
#6 D:/Alyasheiee/backend/vendor/laravel/framework/src/Illuminate/Container/Container.php(1133): Illuminate/Foundation/Application->make('encrypter')
#7 D:/Alyasheiee/backend/vendor/laravel/framework/src/Illuminate/Container/Container.php(1043): Illuminate/Container/Container->resolveClass(Object(ReflectionParameter))
#8 D:/Alyasheiee/backend/vendor/laravel/framework/src/Illuminate/Container/Container.php(994): Illuminate/Container/Container->resolveDependencies(Array)
#9 D:/Alyasheiee/backend/vendor/laravel/framework/src/Illuminate/Container/Container.php(832): Illuminate/Container/Container->build('Illuminate//Cook...')
#10 D:/Alyasheiee/backend/vendor/laravel/framework/src/Illuminate/Foundation/Application.php(1078): Illuminate/Container/Container->resolve('Illuminate//Cook...', Array, true)
#11 D:/Alyasheiee/backend/vendor/laravel/framework/src/Illuminate/Container/Container.php(763): Illuminate/Foundation/Application->resolve('Illuminate//Cook...', Array)
#12 D:/Alyasheiee/backend/vendor/laravel/framework/src/Illuminate/Foundation/Application.php(1058): Illuminate/Container/Container->make('Illuminate//Cook...', Array)
#13 D:/Alyasheiee/backend/vendor/laravel/framework/src/Illuminate/Foundation/Http/Kernel.php(258): Illuminate/Foundation/Application->make('Illuminate//Cook...')
#14 D:/Alyasheiee/backend/vendor/laravel/framework/src/Illuminate/Foundation/Http/Kernel.php(216): Illuminate/Foundation/Http/Kernel->terminateMiddleware(Object(Illuminate/Http/Request), Object(Illuminate/Http/Response))
#15 D:/Alyasheiee/backend/vendor/laravel/framework/src/Illuminate/Foundation/Application.php(1222): Illuminate/Foundation/Http/Kernel->terminate(Object(Illuminate/Http/Request), Object(Illuminate/Http/Response))
#16 D:/Alyasheiee/backend/public/index.php(17): Illuminate/Foundation/Application->handleRequest(Object(Illuminate/Http/Request))
#17 D:/Alyasheiee/backend/vendor/laravel/framework/src/Illuminate/Foundation/resources/server.php(23): require_once('D://Alyasheiee//b...')
#18 {main}
"} 
[2026-06-30 04:38:42] laravel.EMERGENCY: Unable to create configured logger. Using emergency logger. {"exception":"[object] (InvalidArgumentException(code: 0): Log [] is not defined. at D:/Alyasheiee/backend/vendor/laravel/framework/src/Illuminate/Log/LogManager.php:232)
[stacktrace]
#0 D:/Alyasheiee/backend/vendor/laravel/framework/src/Illuminate/Log/LogManager.php(139): Illuminate/Log/LogManager->resolve('', NULL)
#1 D:/Alyasheiee/backend/vendor/laravel/framework/src/Illuminate/Log/LogManager.php(126): Illuminate/Log/LogManager->get('')
#2 D:/Alyasheiee/backend/vendor/laravel/framework/src/Illuminate/Log/LogManager.php(701): Illuminate/Log/LogManager->driver()
#3 D:/Alyasheiee/backend/vendor/laravel/framework/src/Illuminate/Foundation/Exceptions/Handler.php(380): Illuminate/Log/LogManager->error('Unclosed '[' on...', Array)
#4 D:/Alyasheiee/backend/vendor/laravel/framework/src/Illuminate/Foundation/Exceptions/Handler.php(343): Illuminate/Foundation/Exceptions/Handler->reportThrowable(Object(ParseError))
#5 D:/Alyasheiee/backend/vendor/laravel/framework/src/Illuminate/Foundation/Console/Kernel.php(621): Illuminate/Foundation/Exceptions/Handler->report(Object(ParseError))
#6 D:/Alyasheiee/backend/vendor/laravel/framework/src/Illuminate/Foundation/Console/Kernel.php(200): Illuminate/Foundation/Console/Kernel->reportException(Object(ParseError))
#7 D:/Alyasheiee/backend/vendor/laravel/framework/src/Illuminate/Foundation/Application.php(1235): Illuminate/Foundation/Console/Kernel->handle(Object(Symfony/Component/Console/Input/ArgvInput), Object(Symfony/Component/Console/Output/ConsoleOutput))
#8 D:/Alyasheiee/backend/artisan(13): Illuminate/Foundation/Application->handleCommand(Object(Symfony/Component/Console/Input/ArgvInput))
#9 {main}
"} 
[2026-06-30 04:38:42] laravel.ERROR: Unclosed '[' on line 3 does not match '}' {"exception":"[object] (ParseError(code: 0): Unclosed '[' on line 3 does not match '}' at D:/Alyasheiee/backend/config/cors.php:22)
[stacktrace]
#0 D:/Alyasheiee/backend/vendor/laravel/framework/src/Illuminate/Foundation/Bootstrap/LoadConfiguration.php(97): Illuminate/Foundation/Bootstrap/LoadConfiguration->Illuminate/Foundation/Bootstrap/{closure}()
#1 D:/Alyasheiee/backend/vendor/laravel/framework/src/Illuminate/Foundation/Bootstrap/LoadConfiguration.php(78): Illuminate/Foundation/Bootstrap/LoadConfiguration->loadConfigurationFile(Object(Illuminate/Config/Repository), 'cors', 'D://Alyasheiee//b...', Array)
#2 D:/Alyasheiee/backend/vendor/laravel/framework/src/Illuminate/Foundation/Bootstrap/LoadConfiguration.php(39): Illuminate/Foundation/Bootstrap/LoadConfiguration->loadConfigurationFiles(Object(Illuminate/Foundation/Application), Object(Illuminate/Config/Repository))
#3 D:/Alyasheiee/backend/vendor/laravel/framework/src/Illuminate/Foundation/Application.php(342): Illuminate/Foundation/Bootstrap/LoadConfiguration->bootstrap(Object(Illuminate/Foundation/Application))
#4 D:/Alyasheiee/backend/vendor/laravel/framework/src/Illuminate/Foundation/Console/Kernel.php(474): Illuminate/Foundation/Application->bootstrapWith(Array)
#5 D:/Alyasheiee/backend/vendor/laravel/framework/src/Illuminate/Foundation/Console/Kernel.php(196): Illuminate/Foundation/Console/Kernel->bootstrap()
#6 D:/Alyasheiee/backend/vendor/laravel/framework/src/Illuminate/Foundation/Application.php(1235): Illuminate/Foundation/Console/Kernel->handle(Object(Symfony/Component/Console/Input/ArgvInput), Object(Symfony/Component/Console/Output/ConsoleOutput))
#7 D:/Alyasheiee/backend/artisan(13): Illuminate/Foundation/Application->handleCommand(Object(Symfony/Component/Console/Input/ArgvInput))
#8 {main}
"} 
[2026-06-30 02:40:24] local.ERROR: Call to undefined method App\Models\User::createToken() {"exception":"[object] (BadMethodCallException(code: 0): Call to undefined method App\\Models\\User::createToken() at D:/Alyasheiee/backend/vendor/laravel/framework/src/Illuminate/Support/Traits/ForwardsCalls.php:67)
[stacktrace]
#0 D:/Alyasheiee/backend/vendor/laravel/framework/src/Illuminate/Support/Traits/ForwardsCalls.php(36): Illuminate/Database/Eloquent/Model::throwBadMethodCallException('createToken')
#1 D:/Alyasheiee/backend/vendor/laravel/framework/src/Illuminate/Database/Eloquent/Model.php(2372): Illuminate/Database/Eloquent/Model->forwardCallTo(Object(Illuminate/Database/Eloquent/Builder), 'createToken', Array)
#2 D:/Alyasheiee/backend/app/Modules/Auth/Controllers/AuthController.php(30): Illuminate/Database/Eloquent/Model->__call('createToken', Array)
#3 D:/Alyasheiee/backend/vendor/laravel/framework/src/Illuminate/Routing/Controller.php(54): App/Modules/Auth/Controllers/AuthController->login(Object(Illuminate/Http/Request))
#4 D:/Alyasheiee/backend/vendor/laravel/framework/src/Illuminate/Routing/ControllerDispatcher.php(44): Illuminate/Routing/Controller->callAction('login', Array)
#5 D:/Alyasheiee/backend/vendor/laravel/framework/src/Illuminate/Routing/Route.php(266): Illuminate/Routing/ControllerDispatcher->dispatch(Object(Illuminate/Routing/Route), Object(App/Modules/Auth/Controllers/AuthController), 'login')
#6 D:/Alyasheiee/backend/vendor/laravel/framework/src/Illuminate/Routing/Route.php(212): Illuminate/Routing/Route->runController()
#7 D:/Alyasheiee/backend/vendor/laravel/framework/src/Illuminate/Routing/Router.php(808): Illuminate/Routing/Route->run()
#8 D:/Alyasheiee/backend/vendor/laravel/framework/src/Illuminate/Pipeline/Pipeline.php(170): Illuminate/Routing/Router->Illuminate/Routing/{closure}(Object(Illuminate/Http/Request))
#9 D:/Alyasheiee/backend/vendor/laravel/framework/src/Illuminate/Routing/Middleware/SubstituteBindings.php(51): Illuminate/Pipeline/Pipeline->Illuminate/Pipeline/{closure}(Object(Illuminate/Http/Request))
#10 D:/Alyasheiee/backend/vendor/laravel/framework/src/Illuminate/Pipeline/Pipeline.php(209): Illuminate/Routing/Middleware/SubstituteBindings->handle(Object(Illuminate/Http/Request), Object(Closure))
#11 D:/Alyasheiee/backend/vendor/laravel/framework/src/Illuminate/Pipeline/Pipeline.php(127): Illuminate/Pipeline/Pipeline->Illuminate/Pipeline/{closure}(Object(Illuminate/Http/Request))
#12 D:/Alyasheiee/backend/vendor/laravel/framework/src/Illuminate/Routing/Router.php(807): Illuminate/Pipeline/Pipeline->then(Object(Closure))
#13 D:/Alyasheiee/backend/vendor/laravel/framework/src/Illuminate/Routing/Router.php(786): Illuminate/Routing/Router->runRouteWithinStack(Object(Illuminate/Routing/Route), Object(Illuminate/Http/Request))
#14 D:/Alyasheiee/backend/vendor/laravel/framework/src/Illuminate/Routing/Router.php(750): Illuminate/Routing/Router->runRoute(Object(Illuminate/Http/Request), Object(Illuminate/Routing/Route))
#15 D:/Alyasheiee/backend/vendor/laravel/framework/src/Illuminate/Routing/Router.php(739): Illuminate/Routing/Router->dispatchToRoute(Object(Illuminate/Http/Request))
#16 D:/Alyasheiee/backend/vendor/laravel/framework/src/Illuminate/Foundation/Http/Kernel.php(201): Illuminate/Routing/Router->dispatch(Object(Illuminate/Http/Request))
#17 D:/Alyasheiee/backend/vendor/laravel/framework/src/Illuminate/Pipeline/Pipeline.php(170): Illuminate/Foundation/Http/Kernel->Illuminate/Foundation/Http/{closure}(Object(Illuminate/Http/Request))
#18 D:/Alyasheiee/backend/vendor/laravel/framework/src/Illuminate/Foundation/Http/Middleware/TransformsRequest.php(21): Illuminate/Pipeline/Pipeline->Illuminate/Pipeline/{closure}(Object(Illuminate/Http/Request))
#19 D:/Alyasheiee/backend/vendor/laravel/framework/src/Illuminate/Foundation/Http/Middleware/ConvertEmptyStringsToNull.php(31): Illuminate/Foundation/Http/Middleware/TransformsRequest->handle(Object(Illuminate/Http/Request), Object(Closure))
#20 D:/Alyasheiee/backend/vendor/laravel/framework/src/Illuminate/Pipeline/Pipeline.php(209): Illuminate/Foundation/Http/Middleware/ConvertEmptyStringsToNull->handle(Object(Illuminate/Http/Request), Object(Closure))
#21 D:/Alyasheiee/backend/vendor/laravel/framework/src/Illuminate/Foundation/Http/Middleware/TransformsRequest.php(21): Illuminate/Pipeline/Pipeline->Illuminate/Pipeline/{closure}(Object(Illuminate/Http/Request))
#22 D:/Alyasheiee/backend/vendor/laravel/framework/src/Illuminate/Foundation/Http/Middleware/TrimStrings.php(51): Illuminate/Foundation/Http/Middleware/TransformsRequest->handle(Object(Illuminate/Http/Request), Object(Closure))
#23 D:/Alyasheiee/backend/vendor/laravel/framework/src/Illuminate/Pipeline/Pipeline.php(209): Illuminate/Foundation/Http/Middleware/TrimStrings->handle(Object(Illuminate/Http/Request), Object(Closure))
#24 D:/Alyasheiee/backend/vendor/laravel/framework/src/Illuminate/Http/Middleware/ValidatePostSize.php(27): Illuminate/Pipeline/Pipeline->Illuminate/Pipeline/{closure}(Object(Illuminate/Http/Request))
#25 D:/Alyasheiee/backend/vendor/laravel/framework/src/Illuminate/Pipeline/Pipeline.php(209): Illuminate/Http/Middleware/ValidatePostSize->handle(Object(Illuminate/Http/Request), Object(Closure))
#26 D:/Alyasheiee/backend/vendor/laravel/framework/src/Illuminate/Foundation/Http/Middleware/PreventRequestsDuringMaintenance.php(110): Illuminate/Pipeline/Pipeline->Illuminate/Pipeline/{closure}(Object(Illuminate/Http/Request))
#27 D:/Alyasheiee/backend/vendor/laravel/framework/src/Illuminate/Pipeline/Pipeline.php(209): Illuminate/Foundation/Http/Middleware/PreventRequestsDuringMaintenance->handle(Object(Illuminate/Http/Request), Object(Closure))
#28 D:/Alyasheiee/backend/vendor/laravel/framework/src/Illuminate/Http/Middleware/HandleCors.php(62): Illuminate/Pipeline/Pipeline->Illuminate/Pipeline/{closure}(Object(Illuminate/Http/Request))
#29 D:/Alyasheiee/backend/vendor/laravel/framework/src/Illuminate/Pipeline/Pipeline.php(209): Illuminate/Http/Middleware/HandleCors->handle(Object(Illuminate/Http/Request), Object(Closure))
#30 D:/Alyasheiee/backend/vendor/laravel/framework/src/Illuminate/Http/Middleware/TrustProxies.php(58): Illuminate/Pipeline/Pipeline->Illuminate/Pipeline/{closure}(Object(Illuminate/Http/Request))
#31 D:/Alyasheiee/backend/vendor/laravel/framework/src/Illuminate/Pipeline/Pipeline.php(209): Illuminate/Http/Middleware/TrustProxies->handle(Object(Illuminate/Http/Request), Object(Closure))
#32 D:/Alyasheiee/backend/vendor/laravel/framework/src/Illuminate/Foundation/Http/Middleware/InvokeDeferredCallbacks.php(22): Illuminate/Pipeline/Pipeline->Illuminate/Pipeline/{closure}(Object(Illuminate/Http/Request))
#33 D:/Alyasheiee/backend/vendor/laravel/framework/src/Illuminate/Pipeline/Pipeline.php(209): Illuminate/Foundation/Http/Middleware/InvokeDeferredCallbacks->handle(Object(Illuminate/Http/Request), Object(Closure))
#34 D:/Alyasheiee/backend/vendor/laravel/framework/src/Illuminate/Pipeline/Pipeline.php(127): Illuminate/Pipeline/Pipeline->Illuminate/Pipeline/{closure}(Object(Illuminate/Http/Request))
#35 D:/Alyasheiee/backend/vendor/laravel/framework/src/Illuminate/Foundation/Http/Kernel.php(176): Illuminate/Pipeline/Pipeline->then(Object(Closure))
#36 D:/Alyasheiee/backend/vendor/laravel/framework/src/Illuminate/Foundation/Http/Kernel.php(145): Illuminate/Foundation/Http/Kernel->sendRequestThroughRouter(Object(Illuminate/Http/Request))
#37 D:/Alyasheiee/backend/vendor/laravel/framework/src/Illuminate/Foundation/Application.php(1220): Illuminate/Foundation/Http/Kernel->handle(Object(Illuminate/Http/Request))
#38 D:/Alyasheiee/backend/public/index.php(17): Illuminate/Foundation/Application->handleRequest(Object(Illuminate/Http/Request))
#39 D:/Alyasheiee/backend/vendor/laravel/framework/src/Illuminate/Foundation/resources/server.php(23): require_once('D://Alyasheiee//b...')
#40 {main}
"} 
[2026-06-30 02:40:42] local.ERROR: Call to undefined method App\Models\User::createToken() {"exception":"[object] (BadMethodCallException(code: 0): Call to undefined method App\\Models\\User::createToken() at D:/Alyasheiee/backend/vendor/laravel/framework/src/Illuminate/Support/Traits/ForwardsCalls.php:67)
[stacktrace]
#0 D:/Alyasheiee/backend/vendor/laravel/framework/src/Illuminate/Support/Traits/ForwardsCalls.php(36): Illuminate/Database/Eloquent/Model::throwBadMethodCallException('createToken')
#1 D:/Alyasheiee/backend/vendor/laravel/framework/src/Illuminate/Database/Eloquent/Model.php(2372): Illuminate/Database/Eloquent/Model->forwardCallTo(Object(Illuminate/Database/Eloquent/Builder), 'createToken', Array)
#2 D:/Alyasheiee/backend/app/Modules/Auth/Controllers/AuthController.php(30): Illuminate/Database/Eloquent/Model->__call('createToken', Array)
#3 D:/Alyasheiee/backend/vendor/laravel/framework/src/Illuminate/Routing/Controller.php(54): App/Modules/Auth/Controllers/AuthController->login(Object(Illuminate/Http/Request))
#4 D:/Alyasheiee/backend/vendor/laravel/framework/src/Illuminate/Routing/ControllerDispatcher.php(44): Illuminate/Routing/Controller->callAction('login', Array)
#5 D:/Alyasheiee/backend/vendor/laravel/framework/src/Illuminate/Routing/Route.php(266): Illuminate/Routing/ControllerDispatcher->dispatch(Object(Illuminate/Routing/Route), Object(App/Modules/Auth/Controllers/AuthController), 'login')
#6 D:/Alyasheiee/backend/vendor/laravel/framework/src/Illuminate/Routing/Route.php(212): Illuminate/Routing/Route->runController()
#7 D:/Alyasheiee/backend/vendor/laravel/framework/src/Illuminate/Routing/Router.php(808): Illuminate/Routing/Route->run()
#8 D:/Alyasheiee/backend/vendor/laravel/framework/src/Illuminate/Pipeline/Pipeline.php(170): Illuminate/Routing/Router->Illuminate/Routing/{closure}(Object(Illuminate/Http/Request))
#9 D:/Alyasheiee/backend/vendor/laravel/framework/src/Illuminate/Routing/Middleware/SubstituteBindings.php(51): Illuminate/Pipeline/Pipeline->Illuminate/Pipeline/{closure}(Object(Illuminate/Http/Request))
#10 D:/Alyasheiee/backend/vendor/laravel/framework/src/Illuminate/Pipeline/Pipeline.php(209): Illuminate/Routing/Middleware/SubstituteBindings->handle(Object(Illuminate/Http/Request), Object(Closure))
#11 D:/Alyasheiee/backend/vendor/laravel/framework/src/Illuminate/Pipeline/Pipeline.php(127): Illuminate/Pipeline/Pipeline->Illuminate/Pipeline/{closure}(Object(Illuminate/Http/Request))
#12 D:/Alyasheiee/backend/vendor/laravel/framework/src/Illuminate/Routing/Router.php(807): Illuminate/Pipeline/Pipeline->then(Object(Closure))
#13 D:/Alyasheiee/backend/vendor/laravel/framework/src/Illuminate/Routing/Router.php(786): Illuminate/Routing/Router->runRouteWithinStack(Object(Illuminate/Routing/Route), Object(Illuminate/Http/Request))
#14 D:/Alyasheiee/backend/vendor/laravel/framework/src/Illuminate/Routing/Router.php(750): Illuminate/Routing/Router->runRoute(Object(Illuminate/Http/Request), Object(Illuminate/Routing/Route))
#15 D:/Alyasheiee/backend/vendor/laravel/framework/src/Illuminate/Routing/Router.php(739): Illuminate/Routing/Router->dispatchToRoute(Object(Illuminate/Http/Request))
#16 D:/Alyasheiee/backend/vendor/laravel/framework/src/Illuminate/Foundation/Http/Kernel.php(201): Illuminate/Routing/Router->dispatch(Object(Illuminate/Http/Request))
#17 D:/Alyasheiee/backend/vendor/laravel/framework/src/Illuminate/Pipeline/Pipeline.php(170): Illuminate/Foundation/Http/Kernel->Illuminate/Foundation/Http/{closure}(Object(Illuminate/Http/Request))
#18 D:/Alyasheiee/backend/vendor/laravel/framework/src/Illuminate/Foundation/Http/Middleware/TransformsRequest.php(21): Illuminate/Pipeline/Pipeline->Illuminate/Pipeline/{closure}(Object(Illuminate/Http/Request))
#19 D:/Alyasheiee/backend/vendor/laravel/framework/src/Illuminate/Foundation/Http/Middleware/ConvertEmptyStringsToNull.php(31): Illuminate/Foundation/Http/Middleware/TransformsRequest->handle(Object(Illuminate/Http/Request), Object(Closure))
#20 D:/Alyasheiee/backend/vendor/laravel/framework/src/Illuminate/Pipeline/Pipeline.php(209): Illuminate/Foundation/Http/Middleware/ConvertEmptyStringsToNull->handle(Object(Illuminate/Http/Request), Object(Closure))
#21 D:/Alyasheiee/backend/vendor/laravel/framework/src/Illuminate/Foundation/Http/Middleware/TransformsRequest.php(21): Illuminate/Pipeline/Pipeline->Illuminate/Pipeline/{closure}(Object(Illuminate/Http/Request))
#22 D:/Alyasheiee/backend/vendor/laravel/framework/src/Illuminate/Foundation/Http/Middleware/TrimStrings.php(51): Illuminate/Foundation/Http/Middleware/TransformsRequest->handle(Object(Illuminate/Http/Request), Object(Closure))
#23 D:/Alyasheiee/backend/vendor/laravel/framework/src/Illuminate/Pipeline/Pipeline.php(209): Illuminate/Foundation/Http/Middleware/TrimStrings->handle(Object(Illuminate/Http/Request), Object(Closure))
#24 D:/Alyasheiee/backend/vendor/laravel/framework/src/Illuminate/Http/Middleware/ValidatePostSize.php(27): Illuminate/Pipeline/Pipeline->Illuminate/Pipeline/{closure}(Object(Illuminate/Http/Request))
#25 D:/Alyasheiee/backend/vendor/laravel/framework/src/Illuminate/Pipeline/Pipeline.php(209): Illuminate/Http/Middleware/ValidatePostSize->handle(Object(Illuminate/Http/Request), Object(Closure))
#26 D:/Alyasheiee/backend/vendor/laravel/framework/src/Illuminate/Foundation/Http/Middleware/PreventRequestsDuringMaintenance.php(110): Illuminate/Pipeline/Pipeline->Illuminate/Pipeline/{closure}(Object(Illuminate/Http/Request))
#27 D:/Alyasheiee/backend/vendor/laravel/framework/src/Illuminate/Pipeline/Pipeline.php(209): Illuminate/Foundation/Http/Middleware/PreventRequestsDuringMaintenance->handle(Object(Illuminate/Http/Request), Object(Closure))
#28 D:/Alyasheiee/backend/vendor/laravel/framework/src/Illuminate/Http/Middleware/HandleCors.php(62): Illuminate/Pipeline/Pipeline->Illuminate/Pipeline/{closure}(Object(Illuminate/Http/Request))
#29 D:/Alyasheiee/backend/vendor/laravel/framework/src/Illuminate/Pipeline/Pipeline.php(209): Illuminate/Http/Middleware/HandleCors->handle(Object(Illuminate/Http/Request), Object(Closure))
#30 D:/Alyasheiee/backend/vendor/laravel/framework/src/Illuminate/Http/Middleware/TrustProxies.php(58): Illuminate/Pipeline/Pipeline->Illuminate/Pipeline/{closure}(Object(Illuminate/Http/Request))
#31 D:/Alyasheiee/backend/vendor/laravel/framework/src/Illuminate/Pipeline/Pipeline.php(209): Illuminate/Http/Middleware/TrustProxies->handle(Object(Illuminate/Http/Request), Object(Closure))
#32 D:/Alyasheiee/backend/vendor/laravel/framework/src/Illuminate/Foundation/Http/Middleware/InvokeDeferredCallbacks.php(22): Illuminate/Pipeline/Pipeline->Illuminate/Pipeline/{closure}(Object(Illuminate/Http/Request))
#33 D:/Alyasheiee/backend/vendor/laravel/framework/src/Illuminate/Pipeline/Pipeline.php(209): Illuminate/Foundation/Http/Middleware/InvokeDeferredCallbacks->handle(Object(Illuminate/Http/Request), Object(Closure))
#34 D:/Alyasheiee/backend/vendor/laravel/framework/src/Illuminate/Pipeline/Pipeline.php(127): Illuminate/Pipeline/Pipeline->Illuminate/Pipeline/{closure}(Object(Illuminate/Http/Request))
#35 D:/Alyasheiee/backend/vendor/laravel/framework/src/Illuminate/Foundation/Http/Kernel.php(176): Illuminate/Pipeline/Pipeline->then(Object(Closure))
#36 D:/Alyasheiee/backend/vendor/laravel/framework/src/Illuminate/Foundation/Http/Kernel.php(145): Illuminate/Foundation/Http/Kernel->sendRequestThroughRouter(Object(Illuminate/Http/Request))
#37 D:/Alyasheiee/backend/vendor/laravel/framework/src/Illuminate/Foundation/Application.php(1220): Illuminate/Foundation/Http/Kernel->handle(Object(Illuminate/Http/Request))
#38 D:/Alyasheiee/backend/public/index.php(17): Illuminate/Foundation/Application->handleRequest(Object(Illuminate/Http/Request))
#39 D:/Alyasheiee/backend/vendor/laravel/framework/src/Illuminate/Foundation/resources/server.php(23): require_once('D://Alyasheiee//b...')
#40 {main}
"} 
[2026-06-30 02:40:51] local.ERROR: Call to undefined method App\Models\User::createToken() {"exception":"[object] (BadMethodCallException(code: 0): Call to undefined method App\\Models\\User::createToken() at D:/Alyasheiee/backend/vendor/laravel/framework/src/Illuminate/Support/Traits/ForwardsCalls.php:67)
[stacktrace]
#0 D:/Alyasheiee/backend/vendor/laravel/framework/src/Illuminate/Support/Traits/ForwardsCalls.php(36): Illuminate/Database/Eloquent/Model::throwBadMethodCallException('createToken')
#1 D:/Alyasheiee/backend/vendor/laravel/framework/src/Illuminate/Database/Eloquent/Model.php(2372): Illuminate/Database/Eloquent/Model->forwardCallTo(Object(Illuminate/Database/Eloquent/Builder), 'createToken', Array)
#2 D:/Alyasheiee/backend/app/Modules/Auth/Controllers/AuthController.php(30): Illuminate/Database/Eloquent/Model->__call('createToken', Array)
#3 D:/Alyasheiee/backend/vendor/laravel/framework/src/Illuminate/Routing/Controller.php(54): App/Modules/Auth/Controllers/AuthController->login(Object(Illuminate/Http/Request))
#4 D:/Alyasheiee/backend/vendor/laravel/framework/src/Illuminate/Routing/ControllerDispatcher.php(44): Illuminate/Routing/Controller->callAction('login', Array)
#5 D:/Alyasheiee/backend/vendor/laravel/framework/src/Illuminate/Routing/Route.php(266): Illuminate/Routing/ControllerDispatcher->dispatch(Object(Illuminate/Routing/Route), Object(App/Modules/Auth/Controllers/AuthController), 'login')
#6 D:/Alyasheiee/backend/vendor/laravel/framework/src/Illuminate/Routing/Route.php(212): Illuminate/Routing/Route->runController()
#7 D:/Alyasheiee/backend/vendor/laravel/framework/src/Illuminate/Routing/Router.php(808): Illuminate/Routing/Route->run()
#8 D:/Alyasheiee/backend/vendor/laravel/framework/src/Illuminate/Pipeline/Pipeline.php(170): Illuminate/Routing/Router->Illuminate/Routing/{closure}(Object(Illuminate/Http/Request))
#9 D:/Alyasheiee/backend/vendor/laravel/framework/src/Illuminate/Routing/Middleware/SubstituteBindings.php(51): Illuminate/Pipeline/Pipeline->Illuminate/Pipeline/{closure}(Object(Illuminate/Http/Request))
#10 D:/Alyasheiee/backend/vendor/laravel/framework/src/Illuminate/Pipeline/Pipeline.php(209): Illuminate/Routing/Middleware/SubstituteBindings->handle(Object(Illuminate/Http/Request), Object(Closure))
#11 D:/Alyasheiee/backend/vendor/laravel/framework/src/Illuminate/Pipeline/Pipeline.php(127): Illuminate/Pipeline/Pipeline->Illuminate/Pipeline/{closure}(Object(Illuminate/Http/Request))
#12 D:/Alyasheiee/backend/vendor/laravel/framework/src/Illuminate/Routing/Router.php(807): Illuminate/Pipeline/Pipeline->then(Object(Closure))
#13 D:/Alyasheiee/backend/vendor/laravel/framework/src/Illuminate/Routing/Router.php(786): Illuminate/Routing/Router->runRouteWithinStack(Object(Illuminate/Routing/Route), Object(Illuminate/Http/Request))
#14 D:/Alyasheiee/backend/vendor/laravel/framework/src/Illuminate/Routing/Router.php(750): Illuminate/Routing/Router->runRoute(Object(Illuminate/Http/Request), Object(Illuminate/Routing/Route))
#15 D:/Alyasheiee/backend/vendor/laravel/framework/src/Illuminate/Routing/Router.php(739): Illuminate/Routing/Router->dispatchToRoute(Object(Illuminate/Http/Request))
#16 D:/Alyasheiee/backend/vendor/laravel/framework/src/Illuminate/Foundation/Http/Kernel.php(201): Illuminate/Routing/Router->dispatch(Object(Illuminate/Http/Request))
#17 D:/Alyasheiee/backend/vendor/laravel/framework/src/Illuminate/Pipeline/Pipeline.php(170): Illuminate/Foundation/Http/Kernel->Illuminate/Foundation/Http/{closure}(Object(Illuminate/Http/Request))
#18 D:/Alyasheiee/backend/vendor/laravel/framework/src/Illuminate/Foundation/Http/Middleware/TransformsRequest.php(21): Illuminate/Pipeline/Pipeline->Illuminate/Pipeline/{closure}(Object(Illuminate/Http/Request))
#19 D:/Alyasheiee/backend/vendor/laravel/framework/src/Illuminate/Foundation/Http/Middleware/ConvertEmptyStringsToNull.php(31): Illuminate/Foundation/Http/Middleware/TransformsRequest->handle(Object(Illuminate/Http/Request), Object(Closure))
#20 D:/Alyasheiee/backend/vendor/laravel/framework/src/Illuminate/Pipeline/Pipeline.php(209): Illuminate/Foundation/Http/Middleware/ConvertEmptyStringsToNull->handle(Object(Illuminate/Http/Request), Object(Closure))
#21 D:/Alyasheiee/backend/vendor/laravel/framework/src/Illuminate/Foundation/Http/Middleware/TransformsRequest.php(21): Illuminate/Pipeline/Pipeline->Illuminate/Pipeline/{closure}(Object(Illuminate/Http/Request))
#22 D:/Alyasheiee/backend/vendor/laravel/framework/src/Illuminate/Foundation/Http/Middleware/TrimStrings.php(51): Illuminate/Foundation/Http/Middleware/TransformsRequest->handle(Object(Illuminate/Http/Request), Object(Closure))
#23 D:/Alyasheiee/backend/vendor/laravel/framework/src/Illuminate/Pipeline/Pipeline.php(209): Illuminate/Foundation/Http/Middleware/TrimStrings->handle(Object(Illuminate/Http/Request), Object(Closure))
#24 D:/Alyasheiee/backend/vendor/laravel/framework/src/Illuminate/Http/Middleware/ValidatePostSize.php(27): Illuminate/Pipeline/Pipeline->Illuminate/Pipeline/{closure}(Object(Illuminate/Http/Request))
#25 D:/Alyasheiee/backend/vendor/laravel/framework/src/Illuminate/Pipeline/Pipeline.php(209): Illuminate/Http/Middleware/ValidatePostSize->handle(Object(Illuminate/Http/Request), Object(Closure))
#26 D:/Alyasheiee/backend/vendor/laravel/framework/src/Illuminate/Foundation/Http/Middleware/PreventRequestsDuringMaintenance.php(110): Illuminate/Pipeline/Pipeline->Illuminate/Pipeline/{closure}(Object(Illuminate/Http/Request))
#27 D:/Alyasheiee/backend/vendor/laravel/framework/src/Illuminate/Pipeline/Pipeline.php(209): Illuminate/Foundation/Http/Middleware/PreventRequestsDuringMaintenance->handle(Object(Illuminate/Http/Request), Object(Closure))
#28 D:/Alyasheiee/backend/vendor/laravel/framework/src/Illuminate/Http/Middleware/HandleCors.php(62): Illuminate/Pipeline/Pipeline->Illuminate/Pipeline/{closure}(Object(Illuminate/Http/Request))
#29 D:/Alyasheiee/backend/vendor/laravel/framework/src/Illuminate/Pipeline/Pipeline.php(209): Illuminate/Http/Middleware/HandleCors->handle(Object(Illuminate/Http/Request), Object(Closure))
#30 D:/Alyasheiee/backend/vendor/laravel/framework/src/Illuminate/Http/Middleware/TrustProxies.php(58): Illuminate/Pipeline/Pipeline->Illuminate/Pipeline/{closure}(Object(Illuminate/Http/Request))
#31 D:/Alyasheiee/backend/vendor/laravel/framework/src/Illuminate/Pipeline/Pipeline.php(209): Illuminate/Http/Middleware/TrustProxies->handle(Object(Illuminate/Http/Request), Object(Closure))
#32 D:/Alyasheiee/backend/vendor/laravel/framework/src/Illuminate/Foundation/Http/Middleware/InvokeDeferredCallbacks.php(22): Illuminate/Pipeline/Pipeline->Illuminate/Pipeline/{closure}(Object(Illuminate/Http/Request))
#33 D:/Alyasheiee/backend/vendor/laravel/framework/src/Illuminate/Pipeline/Pipeline.php(209): Illuminate/Foundation/Http/Middleware/InvokeDeferredCallbacks->handle(Object(Illuminate/Http/Request), Object(Closure))
#34 D:/Alyasheiee/backend/vendor/laravel/framework/src/Illuminate/Pipeline/Pipeline.php(127): Illuminate/Pipeline/Pipeline->Illuminate/Pipeline/{closure}(Object(Illuminate/Http/Request))
#35 D:/Alyasheiee/backend/vendor/laravel/framework/src/Illuminate/Foundation/Http/Kernel.php(176): Illuminate/Pipeline/Pipeline->then(Object(Closure))
#36 D:/Alyasheiee/backend/vendor/laravel/framework/src/Illuminate/Foundation/Http/Kernel.php(145): Illuminate/Foundation/Http/Kernel->sendRequestThroughRouter(Object(Illuminate/Http/Request))
#37 D:/Alyasheiee/backend/vendor/laravel/framework/src/Illuminate/Foundation/Application.php(1220): Illuminate/Foundation/Http/Kernel->handle(Object(Illuminate/Http/Request))
#38 D:/Alyasheiee/backend/public/index.php(17): Illuminate/Foundation/Application->handleRequest(Object(Illuminate/Http/Request))
#39 D:/Alyasheiee/backend/vendor/laravel/framework/src/Illuminate/Foundation/resources/server.php(23): require_once('D://Alyasheiee//b...')
#40 {main}
"} 
[2026-06-30 02:40:54] local.ERROR: Call to undefined method App\Models\User::createToken() {"exception":"[object] (BadMethodCallException(code: 0): Call to undefined method App\\Models\\User::createToken() at D:/Alyasheiee/backend/vendor/laravel/framework/src/Illuminate/Support/Traits/ForwardsCalls.php:67)
[stacktrace]
#0 D:/Alyasheiee/backend/vendor/laravel/framework/src/Illuminate/Support/Traits/ForwardsCalls.php(36): Illuminate/Database/Eloquent/Model::throwBadMethodCallException('createToken')
#1 D:/Alyasheiee/backend/vendor/laravel/framework/src/Illuminate/Database/Eloquent/Model.php(2372): Illuminate/Database/Eloquent/Model->forwardCallTo(Object(Illuminate/Database/Eloquent/Builder), 'createToken', Array)
#2 D:/Alyasheiee/backend/app/Modules/Auth/Controllers/AuthController.php(30): Illuminate/Database/Eloquent/Model->__call('createToken', Array)
#3 D:/Alyasheiee/backend/vendor/laravel/framework/src/Illuminate/Routing/Controller.php(54): App/Modules/Auth/Controllers/AuthController->login(Object(Illuminate/Http/Request))
#4 D:/Alyasheiee/backend/vendor/laravel/framework/src/Illuminate/Routing/ControllerDispatcher.php(44): Illuminate/Routing/Controller->callAction('login', Array)
#5 D:/Alyasheiee/backend/vendor/laravel/framework/src/Illuminate/Routing/Route.php(266): Illuminate/Routing/ControllerDispatcher->dispatch(Object(Illuminate/Routing/Route), Object(App/Modules/Auth/Controllers/AuthController), 'login')
#6 D:/Alyasheiee/backend/vendor/laravel/framework/src/Illuminate/Routing/Route.php(212): Illuminate/Routing/Route->runController()
#7 D:/Alyasheiee/backend/vendor/laravel/framework/src/Illuminate/Routing/Router.php(808): Illuminate/Routing/Route->run()
#8 D:/Alyasheiee/backend/vendor/laravel/framework/src/Illuminate/Pipeline/Pipeline.php(170): Illuminate/Routing/Router->Illuminate/Routing/{closure}(Object(Illuminate/Http/Request))
#9 D:/Alyasheiee/backend/vendor/laravel/framework/src/Illuminate/Routing/Middleware/SubstituteBindings.php(51): Illuminate/Pipeline/Pipeline->Illuminate/Pipeline/{closure}(Object(Illuminate/Http/Request))
#10 D:/Alyasheiee/backend/vendor/laravel/framework/src/Illuminate/Pipeline/Pipeline.php(209): Illuminate/Routing/Middleware/SubstituteBindings->handle(Object(Illuminate/Http/Request), Object(Closure))
#11 D:/Alyasheiee/backend/vendor/laravel/framework/src/Illuminate/Pipeline/Pipeline.php(127): Illuminate/Pipeline/Pipeline->Illuminate/Pipeline/{closure}(Object(Illuminate/Http/Request))
#12 D:/Alyasheiee/backend/vendor/laravel/framework/src/Illuminate/Routing/Router.php(807): Illuminate/Pipeline/Pipeline->then(Object(Closure))
#13 D:/Alyasheiee/backend/vendor/laravel/framework/src/Illuminate/Routing/Router.php(786): Illuminate/Routing/Router->runRouteWithinStack(Object(Illuminate/Routing/Route), Object(Illuminate/Http/Request))
#14 D:/Alyasheiee/backend/vendor/laravel/framework/src/Illuminate/Routing/Router.php(750): Illuminate/Routing/Router->runRoute(Object(Illuminate/Http/Request), Object(Illuminate/Routing/Route))
#15 D:/Alyasheiee/backend/vendor/laravel/framework/src/Illuminate/Routing/Router.php(739): Illuminate/Routing/Router->dispatchToRoute(Object(Illuminate/Http/Request))
#16 D:/Alyasheiee/backend/vendor/laravel/framework/src/Illuminate/Foundation/Http/Kernel.php(201): Illuminate/Routing/Router->dispatch(Object(Illuminate/Http/Request))
#17 D:/Alyasheiee/backend/vendor/laravel/framework/src/Illuminate/Pipeline/Pipeline.php(170): Illuminate/Foundation/Http/Kernel->Illuminate/Foundation/Http/{closure}(Object(Illuminate/Http/Request))
#18 D:/Alyasheiee/backend/vendor/laravel/framework/src/Illuminate/Foundation/Http/Middleware/TransformsRequest.php(21): Illuminate/Pipeline/Pipeline->Illuminate/Pipeline/{closure}(Object(Illuminate/Http/Request))
#19 D:/Alyasheiee/backend/vendor/laravel/framework/src/Illuminate/Foundation/Http/Middleware/ConvertEmptyStringsToNull.php(31): Illuminate/Foundation/Http/Middleware/TransformsRequest->handle(Object(Illuminate/Http/Request), Object(Closure))
#20 D:/Alyasheiee/backend/vendor/laravel/framework/src/Illuminate/Pipeline/Pipeline.php(209): Illuminate/Foundation/Http/Middleware/ConvertEmptyStringsToNull->handle(Object(Illuminate/Http/Request), Object(Closure))
#21 D:/Alyasheiee/backend/vendor/laravel/framework/src/Illuminate/Foundation/Http/Middleware/TransformsRequest.php(21): Illuminate/Pipeline/Pipeline->Illuminate/Pipeline/{closure}(Object(Illuminate/Http/Request))
#22 D:/Alyasheiee/backend/vendor/laravel/framework/src/Illuminate/Foundation/Http/Middleware/TrimStrings.php(51): Illuminate/Foundation/Http/Middleware/TransformsRequest->handle(Object(Illuminate/Http/Request), Object(Closure))
#23 D:/Alyasheiee/backend/vendor/laravel/framework/src/Illuminate/Pipeline/Pipeline.php(209): Illuminate/Foundation/Http/Middleware/TrimStrings->handle(Object(Illuminate/Http/Request), Object(Closure))
#24 D:/Alyasheiee/backend/vendor/laravel/framework/src/Illuminate/Http/Middleware/ValidatePostSize.php(27): Illuminate/Pipeline/Pipeline->Illuminate/Pipeline/{closure}(Object(Illuminate/Http/Request))
#25 D:/Alyasheiee/backend/vendor/laravel/framework/src/Illuminate/Pipeline/Pipeline.php(209): Illuminate/Http/Middleware/ValidatePostSize->handle(Object(Illuminate/Http/Request), Object(Closure))
#26 D:/Alyasheiee/backend/vendor/laravel/framework/src/Illuminate/Foundation/Http/Middleware/PreventRequestsDuringMaintenance.php(110): Illuminate/Pipeline/Pipeline->Illuminate/Pipeline/{closure}(Object(Illuminate/Http/Request))
#27 D:/Alyasheiee/backend/vendor/laravel/framework/src/Illuminate/Pipeline/Pipeline.php(209): Illuminate/Foundation/Http/Middleware/PreventRequestsDuringMaintenance->handle(Object(Illuminate/Http/Request), Object(Closure))
#28 D:/Alyasheiee/backend/vendor/laravel/framework/src/Illuminate/Http/Middleware/HandleCors.php(62): Illuminate/Pipeline/Pipeline->Illuminate/Pipeline/{closure}(Object(Illuminate/Http/Request))
#29 D:/Alyasheiee/backend/vendor/laravel/framework/src/Illuminate/Pipeline/Pipeline.php(209): Illuminate/Http/Middleware/HandleCors->handle(Object(Illuminate/Http/Request), Object(Closure))
#30 D:/Alyasheiee/backend/vendor/laravel/framework/src/Illuminate/Http/Middleware/TrustProxies.php(58): Illuminate/Pipeline/Pipeline->Illuminate/Pipeline/{closure}(Object(Illuminate/Http/Request))
#31 D:/Alyasheiee/backend/vendor/laravel/framework/src/Illuminate/Pipeline/Pipeline.php(209): Illuminate/Http/Middleware/TrustProxies->handle(Object(Illuminate/Http/Request), Object(Closure))
#32 D:/Alyasheiee/backend/vendor/laravel/framework/src/Illuminate/Foundation/Http/Middleware/InvokeDeferredCallbacks.php(22): Illuminate/Pipeline/Pipeline->Illuminate/Pipeline/{closure}(Object(Illuminate/Http/Request))
#33 D:/Alyasheiee/backend/vendor/laravel/framework/src/Illuminate/Pipeline/Pipeline.php(209): Illuminate/Foundation/Http/Middleware/InvokeDeferredCallbacks->handle(Object(Illuminate/Http/Request), Object(Closure))
#34 D:/Alyasheiee/backend/vendor/laravel/framework/src/Illuminate/Pipeline/Pipeline.php(127): Illuminate/Pipeline/Pipeline->Illuminate/Pipeline/{closure}(Object(Illuminate/Http/Request))
#35 D:/Alyasheiee/backend/vendor/laravel/framework/src/Illuminate/Foundation/Http/Kernel.php(176): Illuminate/Pipeline/Pipeline->then(Object(Closure))
#36 D:/Alyasheiee/backend/vendor/laravel/framework/src/Illuminate/Foundation/Http/Kernel.php(145): Illuminate/Foundation/Http/Kernel->sendRequestThroughRouter(Object(Illuminate/Http/Request))
#37 D:/Alyasheiee/backend/vendor/laravel/framework/src/Illuminate/Foundation/Application.php(1220): Illuminate/Foundation/Http/Kernel->handle(Object(Illuminate/Http/Request))
#38 D:/Alyasheiee/backend/public/index.php(17): Illuminate/Foundation/Application->handleRequest(Object(Illuminate/Http/Request))
#39 D:/Alyasheiee/backend/vendor/laravel/framework/src/Illuminate/Foundation/resources/server.php(23): require_once('D://Alyasheiee//b...')
#40 {main}
"} 
[2026-06-30 02:41:07] local.ERROR: Call to undefined method App\Models\User::createToken() {"exception":"[object] (BadMethodCallException(code: 0): Call to undefined method App\\Models\\User::createToken() at D:/Alyasheiee/backend/vendor/laravel/framework/src/Illuminate/Support/Traits/ForwardsCalls.php:67)
[stacktrace]
#0 D:/Alyasheiee/backend/vendor/laravel/framework/src/Illuminate/Support/Traits/ForwardsCalls.php(36): Illuminate/Database/Eloquent/Model::throwBadMethodCallException('createToken')
#1 D:/Alyasheiee/backend/vendor/laravel/framework/src/Illuminate/Database/Eloquent/Model.php(2372): Illuminate/Database/Eloquent/Model->forwardCallTo(Object(Illuminate/Database/Eloquent/Builder), 'createToken', Array)
#2 D:/Alyasheiee/backend/app/Modules/Auth/Controllers/AuthController.php(30): Illuminate/Database/Eloquent/Model->__call('createToken', Array)
#3 D:/Alyasheiee/backend/vendor/laravel/framework/src/Illuminate/Routing/Controller.php(54): App/Modules/Auth/Controllers/AuthController->login(Object(Illuminate/Http/Request))
#4 D:/Alyasheiee/backend/vendor/laravel/framework/src/Illuminate/Routing/ControllerDispatcher.php(44): Illuminate/Routing/Controller->callAction('login', Array)
#5 D:/Alyasheiee/backend/vendor/laravel/framework/src/Illuminate/Routing/Route.php(266): Illuminate/Routing/ControllerDispatcher->dispatch(Object(Illuminate/Routing/Route), Object(App/Modules/Auth/Controllers/AuthController), 'login')
#6 D:/Alyasheiee/backend/vendor/laravel/framework/src/Illuminate/Routing/Route.php(212): Illuminate/Routing/Route->runController()
#7 D:/Alyasheiee/backend/vendor/laravel/framework/src/Illuminate/Routing/Router.php(808): Illuminate/Routing/Route->run()
#8 D:/Alyasheiee/backend/vendor/laravel/framework/src/Illuminate/Pipeline/Pipeline.php(170): Illuminate/Routing/Router->Illuminate/Routing/{closure}(Object(Illuminate/Http/Request))
#9 D:/Alyasheiee/backend/vendor/laravel/framework/src/Illuminate/Routing/Middleware/SubstituteBindings.php(51): Illuminate/Pipeline/Pipeline->Illuminate/Pipeline/{closure}(Object(Illuminate/Http/Request))
#10 D:/Alyasheiee/backend/vendor/laravel/framework/src/Illuminate/Pipeline/Pipeline.php(209): Illuminate/Routing/Middleware/SubstituteBindings->handle(Object(Illuminate/Http/Request), Object(Closure))
#11 D:/Alyasheiee/backend/vendor/laravel/framework/src/Illuminate/Pipeline/Pipeline.php(127): Illuminate/Pipeline/Pipeline->Illuminate/Pipeline/{closure}(Object(Illuminate/Http/Request))
#12 D:/Alyasheiee/backend/vendor/laravel/framework/src/Illuminate/Routing/Router.php(807): Illuminate/Pipeline/Pipeline->then(Object(Closure))
#13 D:/Alyasheiee/backend/vendor/laravel/framework/src/Illuminate/Routing/Router.php(786): Illuminate/Routing/Router->runRouteWithinStack(Object(Illuminate/Routing/Route), Object(Illuminate/Http/Request))
#14 D:/Alyasheiee/backend/vendor/laravel/framework/src/Illuminate/Routing/Router.php(750): Illuminate/Routing/Router->runRoute(Object(Illuminate/Http/Request), Object(Illuminate/Routing/Route))
#15 D:/Alyasheiee/backend/vendor/laravel/framework/src/Illuminate/Routing/Router.php(739): Illuminate/Routing/Router->dispatchToRoute(Object(Illuminate/Http/Request))
#16 D:/Alyasheiee/backend/vendor/laravel/framework/src/Illuminate/Foundation/Http/Kernel.php(201): Illuminate/Routing/Router->dispatch(Object(Illuminate/Http/Request))
#17 D:/Alyasheiee/backend/vendor/laravel/framework/src/Illuminate/Pipeline/Pipeline.php(170): Illuminate/Foundation/Http/Kernel->Illuminate/Foundation/Http/{closure}(Object(Illuminate/Http/Request))
#18 D:/Alyasheiee/backend/vendor/laravel/framework/src/Illuminate/Foundation/Http/Middleware/TransformsRequest.php(21): Illuminate/Pipeline/Pipeline->Illuminate/Pipeline/{closure}(Object(Illuminate/Http/Request))
#19 D:/Alyasheiee/backend/vendor/laravel/framework/src/Illuminate/Foundation/Http/Middleware/ConvertEmptyStringsToNull.php(31): Illuminate/Foundation/Http/Middleware/TransformsRequest->handle(Object(Illuminate/Http/Request), Object(Closure))
#20 D:/Alyasheiee/backend/vendor/laravel/framework/src/Illuminate/Pipeline/Pipeline.php(209): Illuminate/Foundation/Http/Middleware/ConvertEmptyStringsToNull->handle(Object(Illuminate/Http/Request), Object(Closure))
#21 D:/Alyasheiee/backend/vendor/laravel/framework/src/Illuminate/Foundation/Http/Middleware/TransformsRequest.php(21): Illuminate/Pipeline/Pipeline->Illuminate/Pipeline/{closure}(Object(Illuminate/Http/Request))
#22 D:/Alyasheiee/backend/vendor/laravel/framework/src/Illuminate/Foundation/Http/Middleware/TrimStrings.php(51): Illuminate/Foundation/Http/Middleware/TransformsRequest->handle(Object(Illuminate/Http/Request), Object(Closure))
#23 D:/Alyasheiee/backend/vendor/laravel/framework/src/Illuminate/Pipeline/Pipeline.php(209): Illuminate/Foundation/Http/Middleware/TrimStrings->handle(Object(Illuminate/Http/Request), Object(Closure))
#24 D:/Alyasheiee/backend/vendor/laravel/framework/src/Illuminate/Http/Middleware/ValidatePostSize.php(27): Illuminate/Pipeline/Pipeline->Illuminate/Pipeline/{closure}(Object(Illuminate/Http/Request))
#25 D:/Alyasheiee/backend/vendor/laravel/framework/src/Illuminate/Pipeline/Pipeline.php(209): Illuminate/Http/Middleware/ValidatePostSize->handle(Object(Illuminate/Http/Request), Object(Closure))
#26 D:/Alyasheiee/backend/vendor/laravel/framework/src/Illuminate/Foundation/Http/Middleware/PreventRequestsDuringMaintenance.php(110): Illuminate/Pipeline/Pipeline->Illuminate/Pipeline/{closure}(Object(Illuminate/Http/Request))
#27 D:/Alyasheiee/backend/vendor/laravel/framework/src/Illuminate/Pipeline/Pipeline.php(209): Illuminate/Foundation/Http/Middleware/PreventRequestsDuringMaintenance->handle(Object(Illuminate/Http/Request), Object(Closure))
#28 D:/Alyasheiee/backend/vendor/laravel/framework/src/Illuminate/Http/Middleware/HandleCors.php(62): Illuminate/Pipeline/Pipeline->Illuminate/Pipeline/{closure}(Object(Illuminate/Http/Request))
#29 D:/Alyasheiee/backend/vendor/laravel/framework/src/Illuminate/Pipeline/Pipeline.php(209): Illuminate/Http/Middleware/HandleCors->handle(Object(Illuminate/Http/Request), Object(Closure))
#30 D:/Alyasheiee/backend/vendor/laravel/framework/src/Illuminate/Http/Middleware/TrustProxies.php(58): Illuminate/Pipeline/Pipeline->Illuminate/Pipeline/{closure}(Object(Illuminate/Http/Request))
#31 D:/Alyasheiee/backend/vendor/laravel/framework/src/Illuminate/Pipeline/Pipeline.php(209): Illuminate/Http/Middleware/TrustProxies->handle(Object(Illuminate/Http/Request), Object(Closure))
#32 D:/Alyasheiee/backend/vendor/laravel/framework/src/Illuminate/Foundation/Http/Middleware/InvokeDeferredCallbacks.php(22): Illuminate/Pipeline/Pipeline->Illuminate/Pipeline/{closure}(Object(Illuminate/Http/Request))
#33 D:/Alyasheiee/backend/vendor/laravel/framework/src/Illuminate/Pipeline/Pipeline.php(209): Illuminate/Foundation/Http/Middleware/InvokeDeferredCallbacks->handle(Object(Illuminate/Http/Request), Object(Closure))
#34 D:/Alyasheiee/backend/vendor/laravel/framework/src/Illuminate/Pipeline/Pipeline.php(127): Illuminate/Pipeline/Pipeline->Illuminate/Pipeline/{closure}(Object(Illuminate/Http/Request))
#35 D:/Alyasheiee/backend/vendor/laravel/framework/src/Illuminate/Foundation/Http/Kernel.php(176): Illuminate/Pipeline/Pipeline->then(Object(Closure))
#36 D:/Alyasheiee/backend/vendor/laravel/framework/src/Illuminate/Foundation/Http/Kernel.php(145): Illuminate/Foundation/Http/Kernel->sendRequestThroughRouter(Object(Illuminate/Http/Request))
#37 D:/Alyasheiee/backend/vendor/laravel/framework/src/Illuminate/Foundation/Application.php(1220): Illuminate/Foundation/Http/Kernel->handle(Object(Illuminate/Http/Request))
#38 D:/Alyasheiee/backend/public/index.php(17): Illuminate/Foundation/Application->handleRequest(Object(Illuminate/Http/Request))
#39 D:/Alyasheiee/backend/vendor/laravel/framework/src/Illuminate/Foundation/resources/server.php(23): require_once('D://Alyasheiee//b...')
#40 {main}
"} 
[2026-06-30 02:41:49] local.ERROR: Call to undefined method App\Models\User::createToken() {"exception":"[object] (BadMethodCallException(code: 0): Call to undefined method App\\Models\\User::createToken() at D:/Alyasheiee/backend/vendor/laravel/framework/src/Illuminate/Support/Traits/ForwardsCalls.php:67)
[stacktrace]
#0 D:/Alyasheiee/backend/vendor/laravel/framework/src/Illuminate/Support/Traits/ForwardsCalls.php(36): Illuminate/Database/Eloquent/Model::throwBadMethodCallException('createToken')
#1 D:/Alyasheiee/backend/vendor/laravel/framework/src/Illuminate/Database/Eloquent/Model.php(2372): Illuminate/Database/Eloquent/Model->forwardCallTo(Object(Illuminate/Database/Eloquent/Builder), 'createToken', Array)
#2 D:/Alyasheiee/backend/app/Modules/Auth/Controllers/AuthController.php(30): Illuminate/Database/Eloquent/Model->__call('createToken', Array)
#3 D:/Alyasheiee/backend/vendor/laravel/framework/src/Illuminate/Routing/Controller.php(54): App/Modules/Auth/Controllers/AuthController->login(Object(Illuminate/Http/Request))
#4 D:/Alyasheiee/backend/vendor/laravel/framework/src/Illuminate/Routing/ControllerDispatcher.php(44): Illuminate/Routing/Controller->callAction('login', Array)
#5 D:/Alyasheiee/backend/vendor/laravel/framework/src/Illuminate/Routing/Route.php(266): Illuminate/Routing/ControllerDispatcher->dispatch(Object(Illuminate/Routing/Route), Object(App/Modules/Auth/Controllers/AuthController), 'login')
#6 D:/Alyasheiee/backend/vendor/laravel/framework/src/Illuminate/Routing/Route.php(212): Illuminate/Routing/Route->runController()
#7 D:/Alyasheiee/backend/vendor/laravel/framework/src/Illuminate/Routing/Router.php(808): Illuminate/Routing/Route->run()
#8 D:/Alyasheiee/backend/vendor/laravel/framework/src/Illuminate/Pipeline/Pipeline.php(170): Illuminate/Routing/Router->Illuminate/Routing/{closure}(Object(Illuminate/Http/Request))
#9 D:/Alyasheiee/backend/vendor/laravel/framework/src/Illuminate/Routing/Middleware/SubstituteBindings.php(51): Illuminate/Pipeline/Pipeline->Illuminate/Pipeline/{closure}(Object(Illuminate/Http/Request))
#10 D:/Alyasheiee/backend/vendor/laravel/framework/src/Illuminate/Pipeline/Pipeline.php(209): Illuminate/Routing/Middleware/SubstituteBindings->handle(Object(Illuminate/Http/Request), Object(Closure))
#11 D:/Alyasheiee/backend/vendor/laravel/framework/src/Illuminate/Pipeline/Pipeline.php(127): Illuminate/Pipeline/Pipeline->Illuminate/Pipeline/{closure}(Object(Illuminate/Http/Request))
#12 D:/Alyasheiee/backend/vendor/laravel/framework/src/Illuminate/Routing/Router.php(807): Illuminate/Pipeline/Pipeline->then(Object(Closure))
#13 D:/Alyasheiee/backend/vendor/laravel/framework/src/Illuminate/Routing/Router.php(786): Illuminate/Routing/Router->runRouteWithinStack(Object(Illuminate/Routing/Route), Object(Illuminate/Http/Request))
#14 D:/Alyasheiee/backend/vendor/laravel/framework/src/Illuminate/Routing/Router.php(750): Illuminate/Routing/Router->runRoute(Object(Illuminate/Http/Request), Object(Illuminate/Routing/Route))
#15 D:/Alyasheiee/backend/vendor/laravel/framework/src/Illuminate/Routing/Router.php(739): Illuminate/Routing/Router->dispatchToRoute(Object(Illuminate/Http/Request))
#16 D:/Alyasheiee/backend/vendor/laravel/framework/src/Illuminate/Foundation/Http/Kernel.php(201): Illuminate/Routing/Router->dispatch(Object(Illuminate/Http/Request))
#17 D:/Alyasheiee/backend/vendor/laravel/framework/src/Illuminate/Pipeline/Pipeline.php(170): Illuminate/Foundation/Http/Kernel->Illuminate/Foundation/Http/{closure}(Object(Illuminate/Http/Request))
#18 D:/Alyasheiee/backend/vendor/laravel/framework/src/Illuminate/Foundation/Http/Middleware/TransformsRequest.php(21): Illuminate/Pipeline/Pipeline->Illuminate/Pipeline/{closure}(Object(Illuminate/Http/Request))
#19 D:/Alyasheiee/backend/vendor/laravel/framework/src/Illuminate/Foundation/Http/Middleware/ConvertEmptyStringsToNull.php(31): Illuminate/Foundation/Http/Middleware/TransformsRequest->handle(Object(Illuminate/Http/Request), Object(Closure))
#20 D:/Alyasheiee/backend/vendor/laravel/framework/src/Illuminate/Pipeline/Pipeline.php(209): Illuminate/Foundation/Http/Middleware/ConvertEmptyStringsToNull->handle(Object(Illuminate/Http/Request), Object(Closure))
#21 D:/Alyasheiee/backend/vendor/laravel/framework/src/Illuminate/Foundation/Http/Middleware/TransformsRequest.php(21): Illuminate/Pipeline/Pipeline->Illuminate/Pipeline/{closure}(Object(Illuminate/Http/Request))
#22 D:/Alyasheiee/backend/vendor/laravel/framework/src/Illuminate/Foundation/Http/Middleware/TrimStrings.php(51): Illuminate/Foundation/Http/Middleware/TransformsRequest->handle(Object(Illuminate/Http/Request), Object(Closure))
#23 D:/Alyasheiee/backend/vendor/laravel/framework/src/Illuminate/Pipeline/Pipeline.php(209): Illuminate/Foundation/Http/Middleware/TrimStrings->handle(Object(Illuminate/Http/Request), Object(Closure))
#24 D:/Alyasheiee/backend/vendor/laravel/framework/src/Illuminate/Http/Middleware/ValidatePostSize.php(27): Illuminate/Pipeline/Pipeline->Illuminate/Pipeline/{closure}(Object(Illuminate/Http/Request))
#25 D:/Alyasheiee/backend/vendor/laravel/framework/src/Illuminate/Pipeline/Pipeline.php(209): Illuminate/Http/Middleware/ValidatePostSize->handle(Object(Illuminate/Http/Request), Object(Closure))
#26 D:/Alyasheiee/backend/vendor/laravel/framework/src/Illuminate/Foundation/Http/Middleware/PreventRequestsDuringMaintenance.php(110): Illuminate/Pipeline/Pipeline->Illuminate/Pipeline/{closure}(Object(Illuminate/Http/Request))
#27 D:/Alyasheiee/backend/vendor/laravel/framework/src/Illuminate/Pipeline/Pipeline.php(209): Illuminate/Foundation/Http/Middleware/PreventRequestsDuringMaintenance->handle(Object(Illuminate/Http/Request), Object(Closure))
#28 D:/Alyasheiee/backend/vendor/laravel/framework/src/Illuminate/Http/Middleware/HandleCors.php(62): Illuminate/Pipeline/Pipeline->Illuminate/Pipeline/{closure}(Object(Illuminate/Http/Request))
#29 D:/Alyasheiee/backend/vendor/laravel/framework/src/Illuminate/Pipeline/Pipeline.php(209): Illuminate/Http/Middleware/HandleCors->handle(Object(Illuminate/Http/Request), Object(Closure))
#30 D:/Alyasheiee/backend/vendor/laravel/framework/src/Illuminate/Http/Middleware/TrustProxies.php(58): Illuminate/Pipeline/Pipeline->Illuminate/Pipeline/{closure}(Object(Illuminate/Http/Request))
#31 D:/Alyasheiee/backend/vendor/laravel/framework/src/Illuminate/Pipeline/Pipeline.php(209): Illuminate/Http/Middleware/TrustProxies->handle(Object(Illuminate/Http/Request), Object(Closure))
#32 D:/Alyasheiee/backend/vendor/laravel/framework/src/Illuminate/Foundation/Http/Middleware/InvokeDeferredCallbacks.php(22): Illuminate/Pipeline/Pipeline->Illuminate/Pipeline/{closure}(Object(Illuminate/Http/Request))
#33 D:/Alyasheiee/backend/vendor/laravel/framework/src/Illuminate/Pipeline/Pipeline.php(209): Illuminate/Foundation/Http/Middleware/InvokeDeferredCallbacks->handle(Object(Illuminate/Http/Request), Object(Closure))
#34 D:/Alyasheiee/backend/vendor/laravel/framework/src/Illuminate/Pipeline/Pipeline.php(127): Illuminate/Pipeline/Pipeline->Illuminate/Pipeline/{closure}(Object(Illuminate/Http/Request))
#35 D:/Alyasheiee/backend/vendor/laravel/framework/src/Illuminate/Foundation/Http/Kernel.php(176): Illuminate/Pipeline/Pipeline->then(Object(Closure))
#36 D:/Alyasheiee/backend/vendor/laravel/framework/src/Illuminate/Foundation/Http/Kernel.php(145): Illuminate/Foundation/Http/Kernel->sendRequestThroughRouter(Object(Illuminate/Http/Request))
#37 D:/Alyasheiee/backend/vendor/laravel/framework/src/Illuminate/Foundation/Application.php(1220): Illuminate/Foundation/Http/Kernel->handle(Object(Illuminate/Http/Request))
#38 D:/Alyasheiee/backend/public/index.php(17): Illuminate/Foundation/Application->handleRequest(Object(Illuminate/Http/Request))
#39 D:/Alyasheiee/backend/vendor/laravel/framework/src/Illuminate/Foundation/resources/server.php(23): require_once('D://Alyasheiee//b...')
#40 {main}
"} 
[2026-06-30 02:41:51] local.ERROR: Call to undefined method App\Models\User::createToken() {"exception":"[object] (BadMethodCallException(code: 0): Call to undefined method App\\Models\\User::createToken() at D:/Alyasheiee/backend/vendor/laravel/framework/src/Illuminate/Support/Traits/ForwardsCalls.php:67)
[stacktrace]
#0 D:/Alyasheiee/backend/vendor/laravel/framework/src/Illuminate/Support/Traits/ForwardsCalls.php(36): Illuminate/Database/Eloquent/Model::throwBadMethodCallException('createToken')
#1 D:/Alyasheiee/backend/vendor/laravel/framework/src/Illuminate/Database/Eloquent/Model.php(2372): Illuminate/Database/Eloquent/Model->forwardCallTo(Object(Illuminate/Database/Eloquent/Builder), 'createToken', Array)
#2 D:/Alyasheiee/backend/app/Modules/Auth/Controllers/AuthController.php(30): Illuminate/Database/Eloquent/Model->__call('createToken', Array)
#3 D:/Alyasheiee/backend/vendor/laravel/framework/src/Illuminate/Routing/Controller.php(54): App/Modules/Auth/Controllers/AuthController->login(Object(Illuminate/Http/Request))
#4 D:/Alyasheiee/backend/vendor/laravel/framework/src/Illuminate/Routing/ControllerDispatcher.php(44): Illuminate/Routing/Controller->callAction('login', Array)
#5 D:/Alyasheiee/backend/vendor/laravel/framework/src/Illuminate/Routing/Route.php(266): Illuminate/Routing/ControllerDispatcher->dispatch(Object(Illuminate/Routing/Route), Object(App/Modules/Auth/Controllers/AuthController), 'login')
#6 D:/Alyasheiee/backend/vendor/laravel/framework/src/Illuminate/Routing/Route.php(212): Illuminate/Routing/Route->runController()
#7 D:/Alyasheiee/backend/vendor/laravel/framework/src/Illuminate/Routing/Router.php(808): Illuminate/Routing/Route->run()
#8 D:/Alyasheiee/backend/vendor/laravel/framework/src/Illuminate/Pipeline/Pipeline.php(170): Illuminate/Routing/Router->Illuminate/Routing/{closure}(Object(Illuminate/Http/Request))
#9 D:/Alyasheiee/backend/vendor/laravel/framework/src/Illuminate/Routing/Middleware/SubstituteBindings.php(51): Illuminate/Pipeline/Pipeline->Illuminate/Pipeline/{closure}(Object(Illuminate/Http/Request))
#10 D:/Alyasheiee/backend/vendor/laravel/framework/src/Illuminate/Pipeline/Pipeline.php(209): Illuminate/Routing/Middleware/SubstituteBindings->handle(Object(Illuminate/Http/Request), Object(Closure))
#11 D:/Alyasheiee/backend/vendor/laravel/framework/src/Illuminate/Pipeline/Pipeline.php(127): Illuminate/Pipeline/Pipeline->Illuminate/Pipeline/{closure}(Object(Illuminate/Http/Request))
#12 D:/Alyasheiee/backend/vendor/laravel/framework/src/Illuminate/Routing/Router.php(807): Illuminate/Pipeline/Pipeline->then(Object(Closure))
#13 D:/Alyasheiee/backend/vendor/laravel/framework/src/Illuminate/Routing/Router.php(786): Illuminate/Routing/Router->runRouteWithinStack(Object(Illuminate/Routing/Route), Object(Illuminate/Http/Request))
#14 D:/Alyasheiee/backend/vendor/laravel/framework/src/Illuminate/Routing/Router.php(750): Illuminate/Routing/Router->runRoute(Object(Illuminate/Http/Request), Object(Illuminate/Routing/Route))
#15 D:/Alyasheiee/backend/vendor/laravel/framework/src/Illuminate/Routing/Router.php(739): Illuminate/Routing/Router->dispatchToRoute(Object(Illuminate/Http/Request))
#16 D:/Alyasheiee/backend/vendor/laravel/framework/src/Illuminate/Foundation/Http/Kernel.php(201): Illuminate/Routing/Router->dispatch(Object(Illuminate/Http/Request))
#17 D:/Alyasheiee/backend/vendor/laravel/framework/src/Illuminate/Pipeline/Pipeline.php(170): Illuminate/Foundation/Http/Kernel->Illuminate/Foundation/Http/{closure}(Object(Illuminate/Http/Request))
#18 D:/Alyasheiee/backend/vendor/laravel/framework/src/Illuminate/Foundation/Http/Middleware/TransformsRequest.php(21): Illuminate/Pipeline/Pipeline->Illuminate/Pipeline/{closure}(Object(Illuminate/Http/Request))
#19 D:/Alyasheiee/backend/vendor/laravel/framework/src/Illuminate/Foundation/Http/Middleware/ConvertEmptyStringsToNull.php(31): Illuminate/Foundation/Http/Middleware/TransformsRequest->handle(Object(Illuminate/Http/Request), Object(Closure))
#20 D:/Alyasheiee/backend/vendor/laravel/framework/src/Illuminate/Pipeline/Pipeline.php(209): Illuminate/Foundation/Http/Middleware/ConvertEmptyStringsToNull->handle(Object(Illuminate/Http/Request), Object(Closure))
#21 D:/Alyasheiee/backend/vendor/laravel/framework/src/Illuminate/Foundation/Http/Middleware/TransformsRequest.php(21): Illuminate/Pipeline/Pipeline->Illuminate/Pipeline/{closure}(Object(Illuminate/Http/Request))
#22 D:/Alyasheiee/backend/vendor/laravel/framework/src/Illuminate/Foundation/Http/Middleware/TrimStrings.php(51): Illuminate/Foundation/Http/Middleware/TransformsRequest->handle(Object(Illuminate/Http/Request), Object(Closure))
#23 D:/Alyasheiee/backend/vendor/laravel/framework/src/Illuminate/Pipeline/Pipeline.php(209): Illuminate/Foundation/Http/Middleware/TrimStrings->handle(Object(Illuminate/Http/Request), Object(Closure))
#24 D:/Alyasheiee/backend/vendor/laravel/framework/src/Illuminate/Http/Middleware/ValidatePostSize.php(27): Illuminate/Pipeline/Pipeline->Illuminate/Pipeline/{closure}(Object(Illuminate/Http/Request))
#25 D:/Alyasheiee/backend/vendor/laravel/framework/src/Illuminate/Pipeline/Pipeline.php(209): Illuminate/Http/Middleware/ValidatePostSize->handle(Object(Illuminate/Http/Request), Object(Closure))
#26 D:/Alyasheiee/backend/vendor/laravel/framework/src/Illuminate/Foundation/Http/Middleware/PreventRequestsDuringMaintenance.php(110): Illuminate/Pipeline/Pipeline->Illuminate/Pipeline/{closure}(Object(Illuminate/Http/Request))
#27 D:/Alyasheiee/backend/vendor/laravel/framework/src/Illuminate/Pipeline/Pipeline.php(209): Illuminate/Foundation/Http/Middleware/PreventRequestsDuringMaintenance->handle(Object(Illuminate/Http/Request), Object(Closure))
#28 D:/Alyasheiee/backend/vendor/laravel/framework/src/Illuminate/Http/Middleware/HandleCors.php(62): Illuminate/Pipeline/Pipeline->Illuminate/Pipeline/{closure}(Object(Illuminate/Http/Request))
#29 D:/Alyasheiee/backend/vendor/laravel/framework/src/Illuminate/Pipeline/Pipeline.php(209): Illuminate/Http/Middleware/HandleCors->handle(Object(Illuminate/Http/Request), Object(Closure))
#30 D:/Alyasheiee/backend/vendor/laravel/framework/src/Illuminate/Http/Middleware/TrustProxies.php(58): Illuminate/Pipeline/Pipeline->Illuminate/Pipeline/{closure}(Object(Illuminate/Http/Request))
#31 D:/Alyasheiee/backend/vendor/laravel/framework/src/Illuminate/Pipeline/Pipeline.php(209): Illuminate/Http/Middleware/TrustProxies->handle(Object(Illuminate/Http/Request), Object(Closure))
#32 D:/Alyasheiee/backend/vendor/laravel/framework/src/Illuminate/Foundation/Http/Middleware/InvokeDeferredCallbacks.php(22): Illuminate/Pipeline/Pipeline->Illuminate/Pipeline/{closure}(Object(Illuminate/Http/Request))
#33 D:/Alyasheiee/backend/vendor/laravel/framework/src/Illuminate/Pipeline/Pipeline.php(209): Illuminate/Foundation/Http/Middleware/InvokeDeferredCallbacks->handle(Object(Illuminate/Http/Request), Object(Closure))
#34 D:/Alyasheiee/backend/vendor/laravel/framework/src/Illuminate/Pipeline/Pipeline.php(127): Illuminate/Pipeline/Pipeline->Illuminate/Pipeline/{closure}(Object(Illuminate/Http/Request))
#35 D:/Alyasheiee/backend/vendor/laravel/framework/src/Illuminate/Foundation/Http/Kernel.php(176): Illuminate/Pipeline/Pipeline->then(Object(Closure))
#36 D:/Alyasheiee/backend/vendor/laravel/framework/src/Illuminate/Foundation/Http/Kernel.php(145): Illuminate/Foundation/Http/Kernel->sendRequestThroughRouter(Object(Illuminate/Http/Request))
#37 D:/Alyasheiee/backend/vendor/laravel/framework/src/Illuminate/Foundation/Application.php(1220): Illuminate/Foundation/Http/Kernel->handle(Object(Illuminate/Http/Request))
#38 D:/Alyasheiee/backend/public/index.php(17): Illuminate/Foundation/Application->handleRequest(Object(Illuminate/Http/Request))
#39 D:/Alyasheiee/backend/vendor/laravel/framework/src/Illuminate/Foundation/resources/server.php(23): require_once('D://Alyasheiee//b...')
#40 {main}
"} 
[2026-06-30 02:41:54] local.ERROR: Call to undefined method App\Models\User::createToken() {"exception":"[object] (BadMethodCallException(code: 0): Call to undefined method App\\Models\\User::createToken() at D:/Alyasheiee/backend/vendor/laravel/framework/src/Illuminate/Support/Traits/ForwardsCalls.php:67)
[stacktrace]
#0 D:/Alyasheiee/backend/vendor/laravel/framework/src/Illuminate/Support/Traits/ForwardsCalls.php(36): Illuminate/Database/Eloquent/Model::throwBadMethodCallException('createToken')
#1 D:/Alyasheiee/backend/vendor/laravel/framework/src/Illuminate/Database/Eloquent/Model.php(2372): Illuminate/Database/Eloquent/Model->forwardCallTo(Object(Illuminate/Database/Eloquent/Builder), 'createToken', Array)
#2 D:/Alyasheiee/backend/app/Modules/Auth/Controllers/AuthController.php(30): Illuminate/Database/Eloquent/Model->__call('createToken', Array)
#3 D:/Alyasheiee/backend/vendor/laravel/framework/src/Illuminate/Routing/Controller.php(54): App/Modules/Auth/Controllers/AuthController->login(Object(Illuminate/Http/Request))
#4 D:/Alyasheiee/backend/vendor/laravel/framework/src/Illuminate/Routing/ControllerDispatcher.php(44): Illuminate/Routing/Controller->callAction('login', Array)
#5 D:/Alyasheiee/backend/vendor/laravel/framework/src/Illuminate/Routing/Route.php(266): Illuminate/Routing/ControllerDispatcher->dispatch(Object(Illuminate/Routing/Route), Object(App/Modules/Auth/Controllers/AuthController), 'login')
#6 D:/Alyasheiee/backend/vendor/laravel/framework/src/Illuminate/Routing/Route.php(212): Illuminate/Routing/Route->runController()
#7 D:/Alyasheiee/backend/vendor/laravel/framework/src/Illuminate/Routing/Router.php(808): Illuminate/Routing/Route->run()
#8 D:/Alyasheiee/backend/vendor/laravel/framework/src/Illuminate/Pipeline/Pipeline.php(170): Illuminate/Routing/Router->Illuminate/Routing/{closure}(Object(Illuminate/Http/Request))
#9 D:/Alyasheiee/backend/vendor/laravel/framework/src/Illuminate/Routing/Middleware/SubstituteBindings.php(51): Illuminate/Pipeline/Pipeline->Illuminate/Pipeline/{closure}(Object(Illuminate/Http/Request))
#10 D:/Alyasheiee/backend/vendor/laravel/framework/src/Illuminate/Pipeline/Pipeline.php(209): Illuminate/Routing/Middleware/SubstituteBindings->handle(Object(Illuminate/Http/Request), Object(Closure))
#11 D:/Alyasheiee/backend/vendor/laravel/framework/src/Illuminate/Pipeline/Pipeline.php(127): Illuminate/Pipeline/Pipeline->Illuminate/Pipeline/{closure}(Object(Illuminate/Http/Request))
#12 D:/Alyasheiee/backend/vendor/laravel/framework/src/Illuminate/Routing/Router.php(807): Illuminate/Pipeline/Pipeline->then(Object(Closure))
#13 D:/Alyasheiee/backend/vendor/laravel/framework/src/Illuminate/Routing/Router.php(786): Illuminate/Routing/Router->runRouteWithinStack(Object(Illuminate/Routing/Route), Object(Illuminate/Http/Request))
#14 D:/Alyasheiee/backend/vendor/laravel/framework/src/Illuminate/Routing/Router.php(750): Illuminate/Routing/Router->runRoute(Object(Illuminate/Http/Request), Object(Illuminate/Routing/Route))
#15 D:/Alyasheiee/backend/vendor/laravel/framework/src/Illuminate/Routing/Router.php(739): Illuminate/Routing/Router->dispatchToRoute(Object(Illuminate/Http/Request))
#16 D:/Alyasheiee/backend/vendor/laravel/framework/src/Illuminate/Foundation/Http/Kernel.php(201): Illuminate/Routing/Router->dispatch(Object(Illuminate/Http/Request))
#17 D:/Alyasheiee/backend/vendor/laravel/framework/src/Illuminate/Pipeline/Pipeline.php(170): Illuminate/Foundation/Http/Kernel->Illuminate/Foundation/Http/{closure}(Object(Illuminate/Http/Request))
#18 D:/Alyasheiee/backend/vendor/laravel/framework/src/Illuminate/Foundation/Http/Middleware/TransformsRequest.php(21): Illuminate/Pipeline/Pipeline->Illuminate/Pipeline/{closure}(Object(Illuminate/Http/Request))
#19 D:/Alyasheiee/backend/vendor/laravel/framework/src/Illuminate/Foundation/Http/Middleware/ConvertEmptyStringsToNull.php(31): Illuminate/Foundation/Http/Middleware/TransformsRequest->handle(Object(Illuminate/Http/Request), Object(Closure))
#20 D:/Alyasheiee/backend/vendor/laravel/framework/src/Illuminate/Pipeline/Pipeline.php(209): Illuminate/Foundation/Http/Middleware/ConvertEmptyStringsToNull->handle(Object(Illuminate/Http/Request), Object(Closure))
#21 D:/Alyasheiee/backend/vendor/laravel/framework/src/Illuminate/Foundation/Http/Middleware/TransformsRequest.php(21): Illuminate/Pipeline/Pipeline->Illuminate/Pipeline/{closure}(Object(Illuminate/Http/Request))
#22 D:/Alyasheiee/backend/vendor/laravel/framework/src/Illuminate/Foundation/Http/Middleware/TrimStrings.php(51): Illuminate/Foundation/Http/Middleware/TransformsRequest->handle(Object(Illuminate/Http/Request), Object(Closure))
#23 D:/Alyasheiee/backend/vendor/laravel/framework/src/Illuminate/Pipeline/Pipeline.php(209): Illuminate/Foundation/Http/Middleware/TrimStrings->handle(Object(Illuminate/Http/Request), Object(Closure))
#24 D:/Alyasheiee/backend/vendor/laravel/framework/src/Illuminate/Http/Middleware/ValidatePostSize.php(27): Illuminate/Pipeline/Pipeline->Illuminate/Pipeline/{closure}(Object(Illuminate/Http/Request))
#25 D:/Alyasheiee/backend/vendor/laravel/framework/src/Illuminate/Pipeline/Pipeline.php(209): Illuminate/Http/Middleware/ValidatePostSize->handle(Object(Illuminate/Http/Request), Object(Closure))
#26 D:/Alyasheiee/backend/vendor/laravel/framework/src/Illuminate/Foundation/Http/Middleware/PreventRequestsDuringMaintenance.php(110): Illuminate/Pipeline/Pipeline->Illuminate/Pipeline/{closure}(Object(Illuminate/Http/Request))
#27 D:/Alyasheiee/backend/vendor/laravel/framework/src/Illuminate/Pipeline/Pipeline.php(209): Illuminate/Foundation/Http/Middleware/PreventRequestsDuringMaintenance->handle(Object(Illuminate/Http/Request), Object(Closure))
#28 D:/Alyasheiee/backend/vendor/laravel/framework/src/Illuminate/Http/Middleware/HandleCors.php(62): Illuminate/Pipeline/Pipeline->Illuminate/Pipeline/{closure}(Object(Illuminate/Http/Request))
#29 D:/Alyasheiee/backend/vendor/laravel/framework/src/Illuminate/Pipeline/Pipeline.php(209): Illuminate/Http/Middleware/HandleCors->handle(Object(Illuminate/Http/Request), Object(Closure))
#30 D:/Alyasheiee/backend/vendor/laravel/framework/src/Illuminate/Http/Middleware/TrustProxies.php(58): Illuminate/Pipeline/Pipeline->Illuminate/Pipeline/{closure}(Object(Illuminate/Http/Request))
#31 D:/Alyasheiee/backend/vendor/laravel/framework/src/Illuminate/Pipeline/Pipeline.php(209): Illuminate/Http/Middleware/TrustProxies->handle(Object(Illuminate/Http/Request), Object(Closure))
#32 D:/Alyasheiee/backend/vendor/laravel/framework/src/Illuminate/Foundation/Http/Middleware/InvokeDeferredCallbacks.php(22): Illuminate/Pipeline/Pipeline->Illuminate/Pipeline/{closure}(Object(Illuminate/Http/Request))
#33 D:/Alyasheiee/backend/vendor/laravel/framework/src/Illuminate/Pipeline/Pipeline.php(209): Illuminate/Foundation/Http/Middleware/InvokeDeferredCallbacks->handle(Object(Illuminate/Http/Request), Object(Closure))
#34 D:/Alyasheiee/backend/vendor/laravel/framework/src/Illuminate/Pipeline/Pipeline.php(127): Illuminate/Pipeline/Pipeline->Illuminate/Pipeline/{closure}(Object(Illuminate/Http/Request))
#35 D:/Alyasheiee/backend/vendor/laravel/framework/src/Illuminate/Foundation/Http/Kernel.php(176): Illuminate/Pipeline/Pipeline->then(Object(Closure))
#36 D:/Alyasheiee/backend/vendor/laravel/framework/src/Illuminate/Foundation/Http/Kernel.php(145): Illuminate/Foundation/Http/Kernel->sendRequestThroughRouter(Object(Illuminate/Http/Request))
#37 D:/Alyasheiee/backend/vendor/laravel/framework/src/Illuminate/Foundation/Application.php(1220): Illuminate/Foundation/Http/Kernel->handle(Object(Illuminate/Http/Request))
#38 D:/Alyasheiee/backend/public/index.php(17): Illuminate/Foundation/Application->handleRequest(Object(Illuminate/Http/Request))
#39 D:/Alyasheiee/backend/vendor/laravel/framework/src/Illuminate/Foundation/resources/server.php(23): require_once('D://Alyasheiee//b...')
#40 {main}
"} 
[2026-06-30 02:43:03] local.ERROR: Call to undefined method App\Models\User::createToken() {"exception":"[object] (BadMethodCallException(code: 0): Call to undefined method App\\Models\\User::createToken() at D:/Alyasheiee/backend/vendor/laravel/framework/src/Illuminate/Support/Traits/ForwardsCalls.php:67)
[stacktrace]
#0 D:/Alyasheiee/backend/vendor/laravel/framework/src/Illuminate/Support/Traits/ForwardsCalls.php(36): Illuminate/Database/Eloquent/Model::throwBadMethodCallException('createToken')
#1 D:/Alyasheiee/backend/vendor/laravel/framework/src/Illuminate/Database/Eloquent/Model.php(2372): Illuminate/Database/Eloquent/Model->forwardCallTo(Object(Illuminate/Database/Eloquent/Builder), 'createToken', Array)
#2 D:/Alyasheiee/backend/app/Modules/Auth/Controllers/AuthController.php(30): Illuminate/Database/Eloquent/Model->__call('createToken', Array)
#3 D:/Alyasheiee/backend/vendor/laravel/framework/src/Illuminate/Routing/Controller.php(54): App/Modules/Auth/Controllers/AuthController->login(Object(Illuminate/Http/Request))
#4 D:/Alyasheiee/backend/vendor/laravel/framework/src/Illuminate/Routing/ControllerDispatcher.php(44): Illuminate/Routing/Controller->callAction('login', Array)
#5 D:/Alyasheiee/backend/vendor/laravel/framework/src/Illuminate/Routing/Route.php(266): Illuminate/Routing/ControllerDispatcher->dispatch(Object(Illuminate/Routing/Route), Object(App/Modules/Auth/Controllers/AuthController), 'login')
#6 D:/Alyasheiee/backend/vendor/laravel/framework/src/Illuminate/Routing/Route.php(212): Illuminate/Routing/Route->runController()
#7 D:/Alyasheiee/backend/vendor/laravel/framework/src/Illuminate/Routing/Router.php(808): Illuminate/Routing/Route->run()
#8 D:/Alyasheiee/backend/vendor/laravel/framework/src/Illuminate/Pipeline/Pipeline.php(170): Illuminate/Routing/Router->Illuminate/Routing/{closure}(Object(Illuminate/Http/Request))
#9 D:/Alyasheiee/backend/vendor/laravel/framework/src/Illuminate/Routing/Middleware/SubstituteBindings.php(51): Illuminate/Pipeline/Pipeline->Illuminate/Pipeline/{closure}(Object(Illuminate/Http/Request))
#10 D:/Alyasheiee/backend/vendor/laravel/framework/src/Illuminate/Pipeline/Pipeline.php(209): Illuminate/Routing/Middleware/SubstituteBindings->handle(Object(Illuminate/Http/Request), Object(Closure))
#11 D:/Alyasheiee/backend/vendor/laravel/framework/src/Illuminate/Pipeline/Pipeline.php(127): Illuminate/Pipeline/Pipeline->Illuminate/Pipeline/{closure}(Object(Illuminate/Http/Request))
#12 D:/Alyasheiee/backend/vendor/laravel/framework/src/Illuminate/Routing/Router.php(807): Illuminate/Pipeline/Pipeline->then(Object(Closure))
#13 D:/Alyasheiee/backend/vendor/laravel/framework/src/Illuminate/Routing/Router.php(786): Illuminate/Routing/Router->runRouteWithinStack(Object(Illuminate/Routing/Route), Object(Illuminate/Http/Request))
#14 D:/Alyasheiee/backend/vendor/laravel/framework/src/Illuminate/Routing/Router.php(750): Illuminate/Routing/Router->runRoute(Object(Illuminate/Http/Request), Object(Illuminate/Routing/Route))
#15 D:/Alyasheiee/backend/vendor/laravel/framework/src/Illuminate/Routing/Router.php(739): Illuminate/Routing/Router->dispatchToRoute(Object(Illuminate/Http/Request))
#16 D:/Alyasheiee/backend/vendor/laravel/framework/src/Illuminate/Foundation/Http/Kernel.php(201): Illuminate/Routing/Router->dispatch(Object(Illuminate/Http/Request))
#17 D:/Alyasheiee/backend/vendor/laravel/framework/src/Illuminate/Pipeline/Pipeline.php(170): Illuminate/Foundation/Http/Kernel->Illuminate/Foundation/Http/{closure}(Object(Illuminate/Http/Request))
#18 D:/Alyasheiee/backend/vendor/laravel/framework/src/Illuminate/Foundation/Http/Middleware/TransformsRequest.php(21): Illuminate/Pipeline/Pipeline->Illuminate/Pipeline/{closure}(Object(Illuminate/Http/Request))
#19 D:/Alyasheiee/backend/vendor/laravel/framework/src/Illuminate/Foundation/Http/Middleware/ConvertEmptyStringsToNull.php(31): Illuminate/Foundation/Http/Middleware/TransformsRequest->handle(Object(Illuminate/Http/Request), Object(Closure))
#20 D:/Alyasheiee/backend/vendor/laravel/framework/src/Illuminate/Pipeline/Pipeline.php(209): Illuminate/Foundation/Http/Middleware/ConvertEmptyStringsToNull->handle(Object(Illuminate/Http/Request), Object(Closure))
#21 D:/Alyasheiee/backend/vendor/laravel/framework/src/Illuminate/Foundation/Http/Middleware/TransformsRequest.php(21): Illuminate/Pipeline/Pipeline->Illuminate/Pipeline/{closure}(Object(Illuminate/Http/Request))
#22 D:/Alyasheiee/backend/vendor/laravel/framework/src/Illuminate/Foundation/Http/Middleware/TrimStrings.php(51): Illuminate/Foundation/Http/Middleware/TransformsRequest->handle(Object(Illuminate/Http/Request), Object(Closure))
#23 D:/Alyasheiee/backend/vendor/laravel/framework/src/Illuminate/Pipeline/Pipeline.php(209): Illuminate/Foundation/Http/Middleware/TrimStrings->handle(Object(Illuminate/Http/Request), Object(Closure))
#24 D:/Alyasheiee/backend/vendor/laravel/framework/src/Illuminate/Http/Middleware/ValidatePostSize.php(27): Illuminate/Pipeline/Pipeline->Illuminate/Pipeline/{closure}(Object(Illuminate/Http/Request))
#25 D:/Alyasheiee/backend/vendor/laravel/framework/src/Illuminate/Pipeline/Pipeline.php(209): Illuminate/Http/Middleware/ValidatePostSize->handle(Object(Illuminate/Http/Request), Object(Closure))
#26 D:/Alyasheiee/backend/vendor/laravel/framework/src/Illuminate/Foundation/Http/Middleware/PreventRequestsDuringMaintenance.php(110): Illuminate/Pipeline/Pipeline->Illuminate/Pipeline/{closure}(Object(Illuminate/Http/Request))
#27 D:/Alyasheiee/backend/vendor/laravel/framework/src/Illuminate/Pipeline/Pipeline.php(209): Illuminate/Foundation/Http/Middleware/PreventRequestsDuringMaintenance->handle(Object(Illuminate/Http/Request), Object(Closure))
#28 D:/Alyasheiee/backend/vendor/laravel/framework/src/Illuminate/Http/Middleware/HandleCors.php(62): Illuminate/Pipeline/Pipeline->Illuminate/Pipeline/{closure}(Object(Illuminate/Http/Request))
#29 D:/Alyasheiee/backend/vendor/laravel/framework/src/Illuminate/Pipeline/Pipeline.php(209): Illuminate/Http/Middleware/HandleCors->handle(Object(Illuminate/Http/Request), Object(Closure))
#30 D:/Alyasheiee/backend/vendor/laravel/framework/src/Illuminate/Http/Middleware/TrustProxies.php(58): Illuminate/Pipeline/Pipeline->Illuminate/Pipeline/{closure}(Object(Illuminate/Http/Request))
#31 D:/Alyasheiee/backend/vendor/laravel/framework/src/Illuminate/Pipeline/Pipeline.php(209): Illuminate/Http/Middleware/TrustProxies->handle(Object(Illuminate/Http/Request), Object(Closure))
#32 D:/Alyasheiee/backend/vendor/laravel/framework/src/Illuminate/Foundation/Http/Middleware/InvokeDeferredCallbacks.php(22): Illuminate/Pipeline/Pipeline->Illuminate/Pipeline/{closure}(Object(Illuminate/Http/Request))
#33 D:/Alyasheiee/backend/vendor/laravel/framework/src/Illuminate/Pipeline/Pipeline.php(209): Illuminate/Foundation/Http/Middleware/InvokeDeferredCallbacks->handle(Object(Illuminate/Http/Request), Object(Closure))
#34 D:/Alyasheiee/backend/vendor/laravel/framework/src/Illuminate/Pipeline/Pipeline.php(127): Illuminate/Pipeline/Pipeline->Illuminate/Pipeline/{closure}(Object(Illuminate/Http/Request))
#35 D:/Alyasheiee/backend/vendor/laravel/framework/src/Illuminate/Foundation/Http/Kernel.php(176): Illuminate/Pipeline/Pipeline->then(Object(Closure))
#36 D:/Alyasheiee/backend/vendor/laravel/framework/src/Illuminate/Foundation/Http/Kernel.php(145): Illuminate/Foundation/Http/Kernel->sendRequestThroughRouter(Object(Illuminate/Http/Request))
#37 D:/Alyasheiee/backend/vendor/laravel/framework/src/Illuminate/Foundation/Application.php(1220): Illuminate/Foundation/Http/Kernel->handle(Object(Illuminate/Http/Request))
#38 D:/Alyasheiee/backend/public/index.php(17): Illuminate/Foundation/Application->handleRequest(Object(Illuminate/Http/Request))
#39 D:/Alyasheiee/backend/vendor/laravel/framework/src/Illuminate/Foundation/resources/server.php(23): require_once('D://Alyasheiee//b...')
#40 {main}
"} 
[2026-06-30 02:43:50] local.ERROR: Call to undefined method App\Models\User::createToken() {"exception":"[object] (BadMethodCallException(code: 0): Call to undefined method App\\Models\\User::createToken() at D:/Alyasheiee/backend/vendor/laravel/framework/src/Illuminate/Support/Traits/ForwardsCalls.php:67)
[stacktrace]
#0 D:/Alyasheiee/backend/vendor/laravel/framework/src/Illuminate/Support/Traits/ForwardsCalls.php(36): Illuminate/Database/Eloquent/Model::throwBadMethodCallException('createToken')
#1 D:/Alyasheiee/backend/vendor/laravel/framework/src/Illuminate/Database/Eloquent/Model.php(2372): Illuminate/Database/Eloquent/Model->forwardCallTo(Object(Illuminate/Database/Eloquent/Builder), 'createToken', Array)
#2 D:/Alyasheiee/backend/app/Modules/Auth/Controllers/AuthController.php(30): Illuminate/Database/Eloquent/Model->__call('createToken', Array)
#3 D:/Alyasheiee/backend/vendor/laravel/framework/src/Illuminate/Routing/Controller.php(54): App/Modules/Auth/Controllers/AuthController->login(Object(Illuminate/Http/Request))
#4 D:/Alyasheiee/backend/vendor/laravel/framework/src/Illuminate/Routing/ControllerDispatcher.php(44): Illuminate/Routing/Controller->callAction('login', Array)
#5 D:/Alyasheiee/backend/vendor/laravel/framework/src/Illuminate/Routing/Route.php(266): Illuminate/Routing/ControllerDispatcher->dispatch(Object(Illuminate/Routing/Route), Object(App/Modules/Auth/Controllers/AuthController), 'login')
#6 D:/Alyasheiee/backend/vendor/laravel/framework/src/Illuminate/Routing/Route.php(212): Illuminate/Routing/Route->runController()
#7 D:/Alyasheiee/backend/vendor/laravel/framework/src/Illuminate/Routing/Router.php(808): Illuminate/Routing/Route->run()
#8 D:/Alyasheiee/backend/vendor/laravel/framework/src/Illuminate/Pipeline/Pipeline.php(170): Illuminate/Routing/Router->Illuminate/Routing/{closure}(Object(Illuminate/Http/Request))
#9 D:/Alyasheiee/backend/vendor/laravel/framework/src/Illuminate/Routing/Middleware/SubstituteBindings.php(51): Illuminate/Pipeline/Pipeline->Illuminate/Pipeline/{closure}(Object(Illuminate/Http/Request))
#10 D:/Alyasheiee/backend/vendor/laravel/framework/src/Illuminate/Pipeline/Pipeline.php(209): Illuminate/Routing/Middleware/SubstituteBindings->handle(Object(Illuminate/Http/Request), Object(Closure))
#11 D:/Alyasheiee/backend/vendor/laravel/framework/src/Illuminate/Pipeline/Pipeline.php(127): Illuminate/Pipeline/Pipeline->Illuminate/Pipeline/{closure}(Object(Illuminate/Http/Request))
#12 D:/Alyasheiee/backend/vendor/laravel/framework/src/Illuminate/Routing/Router.php(807): Illuminate/Pipeline/Pipeline->then(Object(Closure))
#13 D:/Alyasheiee/backend/vendor/laravel/framework/src/Illuminate/Routing/Router.php(786): Illuminate/Routing/Router->runRouteWithinStack(Object(Illuminate/Routing/Route), Object(Illuminate/Http/Request))
#14 D:/Alyasheiee/backend/vendor/laravel/framework/src/Illuminate/Routing/Router.php(750): Illuminate/Routing/Router->runRoute(Object(Illuminate/Http/Request), Object(Illuminate/Routing/Route))
#15 D:/Alyasheiee/backend/vendor/laravel/framework/src/Illuminate/Routing/Router.php(739): Illuminate/Routing/Router->dispatchToRoute(Object(Illuminate/Http/Request))
#16 D:/Alyasheiee/backend/vendor/laravel/framework/src/Illuminate/Foundation/Http/Kernel.php(201): Illuminate/Routing/Router->dispatch(Object(Illuminate/Http/Request))
#17 D:/Alyasheiee/backend/vendor/laravel/framework/src/Illuminate/Pipeline/Pipeline.php(170): Illuminate/Foundation/Http/Kernel->Illuminate/Foundation/Http/{closure}(Object(Illuminate/Http/Request))
#18 D:/Alyasheiee/backend/vendor/laravel/framework/src/Illuminate/Foundation/Http/Middleware/TransformsRequest.php(21): Illuminate/Pipeline/Pipeline->Illuminate/Pipeline/{closure}(Object(Illuminate/Http/Request))
#19 D:/Alyasheiee/backend/vendor/laravel/framework/src/Illuminate/Foundation/Http/Middleware/ConvertEmptyStringsToNull.php(31): Illuminate/Foundation/Http/Middleware/TransformsRequest->handle(Object(Illuminate/Http/Request), Object(Closure))
#20 D:/Alyasheiee/backend/vendor/laravel/framework/src/Illuminate/Pipeline/Pipeline.php(209): Illuminate/Foundation/Http/Middleware/ConvertEmptyStringsToNull->handle(Object(Illuminate/Http/Request), Object(Closure))
#21 D:/Alyasheiee/backend/vendor/laravel/framework/src/Illuminate/Foundation/Http/Middleware/TransformsRequest.php(21): Illuminate/Pipeline/Pipeline->Illuminate/Pipeline/{closure}(Object(Illuminate/Http/Request))
#22 D:/Alyasheiee/backend/vendor/laravel/framework/src/Illuminate/Foundation/Http/Middleware/TrimStrings.php(51): Illuminate/Foundation/Http/Middleware/TransformsRequest->handle(Object(Illuminate/Http/Request), Object(Closure))
#23 D:/Alyasheiee/backend/vendor/laravel/framework/src/Illuminate/Pipeline/Pipeline.php(209): Illuminate/Foundation/Http/Middleware/TrimStrings->handle(Object(Illuminate/Http/Request), Object(Closure))
#24 D:/Alyasheiee/backend/vendor/laravel/framework/src/Illuminate/Http/Middleware/ValidatePostSize.php(27): Illuminate/Pipeline/Pipeline->Illuminate/Pipeline/{closure}(Object(Illuminate/Http/Request))
#25 D:/Alyasheiee/backend/vendor/laravel/framework/src/Illuminate/Pipeline/Pipeline.php(209): Illuminate/Http/Middleware/ValidatePostSize->handle(Object(Illuminate/Http/Request), Object(Closure))
#26 D:/Alyasheiee/backend/vendor/laravel/framework/src/Illuminate/Foundation/Http/Middleware/PreventRequestsDuringMaintenance.php(110): Illuminate/Pipeline/Pipeline->Illuminate/Pipeline/{closure}(Object(Illuminate/Http/Request))
#27 D:/Alyasheiee/backend/vendor/laravel/framework/src/Illuminate/Pipeline/Pipeline.php(209): Illuminate/Foundation/Http/Middleware/PreventRequestsDuringMaintenance->handle(Object(Illuminate/Http/Request), Object(Closure))
#28 D:/Alyasheiee/backend/vendor/laravel/framework/src/Illuminate/Http/Middleware/HandleCors.php(62): Illuminate/Pipeline/Pipeline->Illuminate/Pipeline/{closure}(Object(Illuminate/Http/Request))
#29 D:/Alyasheiee/backend/vendor/laravel/framework/src/Illuminate/Pipeline/Pipeline.php(209): Illuminate/Http/Middleware/HandleCors->handle(Object(Illuminate/Http/Request), Object(Closure))
#30 D:/Alyasheiee/backend/vendor/laravel/framework/src/Illuminate/Http/Middleware/TrustProxies.php(58): Illuminate/Pipeline/Pipeline->Illuminate/Pipeline/{closure}(Object(Illuminate/Http/Request))
#31 D:/Alyasheiee/backend/vendor/laravel/framework/src/Illuminate/Pipeline/Pipeline.php(209): Illuminate/Http/Middleware/TrustProxies->handle(Object(Illuminate/Http/Request), Object(Closure))
#32 D:/Alyasheiee/backend/vendor/laravel/framework/src/Illuminate/Foundation/Http/Middleware/InvokeDeferredCallbacks.php(22): Illuminate/Pipeline/Pipeline->Illuminate/Pipeline/{closure}(Object(Illuminate/Http/Request))
#33 D:/Alyasheiee/backend/vendor/laravel/framework/src/Illuminate/Pipeline/Pipeline.php(209): Illuminate/Foundation/Http/Middleware/InvokeDeferredCallbacks->handle(Object(Illuminate/Http/Request), Object(Closure))
#34 D:/Alyasheiee/backend/vendor/laravel/framework/src/Illuminate/Pipeline/Pipeline.php(127): Illuminate/Pipeline/Pipeline->Illuminate/Pipeline/{closure}(Object(Illuminate/Http/Request))
#35 D:/Alyasheiee/backend/vendor/laravel/framework/src/Illuminate/Foundation/Http/Kernel.php(176): Illuminate/Pipeline/Pipeline->then(Object(Closure))
#36 D:/Alyasheiee/backend/vendor/laravel/framework/src/Illuminate/Foundation/Http/Kernel.php(145): Illuminate/Foundation/Http/Kernel->sendRequestThroughRouter(Object(Illuminate/Http/Request))
#37 D:/Alyasheiee/backend/vendor/laravel/framework/src/Illuminate/Foundation/Application.php(1220): Illuminate/Foundation/Http/Kernel->handle(Object(Illuminate/Http/Request))
#38 D:/Alyasheiee/backend/public/index.php(17): Illuminate/Foundation/Application->handleRequest(Object(Illuminate/Http/Request))
#39 D:/Alyasheiee/backend/vendor/laravel/framework/src/Illuminate/Foundation/resources/server.php(23): require_once('D://Alyasheiee//b...')
#40 {main}
"} 
[2026-06-30 02:45:19] local.ERROR: Trait "Laravel\Sanctum\HasApiTokens" not found {"exception":"[object] (Symfony\\Component\\ErrorHandler\\Error\\FatalError(code: 0): Trait \"Laravel\\Sanctum\\HasApiTokens\" not found at D:/Alyasheiee/backend/app/Models/User.php:11)
[stacktrace]
#0 {main}
"} 
[2026-06-30 02:45:22] local.ERROR: Trait "Laravel\Sanctum\HasApiTokens" not found {"exception":"[object] (Symfony\\Component\\ErrorHandler\\Error\\FatalError(code: 0): Trait \"Laravel\\Sanctum\\HasApiTokens\" not found at D:/Alyasheiee/backend/app/Models/User.php:11)
[stacktrace]
#0 {main}
"} 
[2026-06-30 02:46:22] local.ERROR: Trait "Laravel\Sanctum\HasApiTokens" not found {"exception":"[object] (Symfony\\Component\\ErrorHandler\\Error\\FatalError(code: 0): Trait \"Laravel\\Sanctum\\HasApiTokens\" not found at D:/Alyasheiee/backend/app/Models/User.php:11)
[stacktrace]
#0 {main}
"} 
[2026-06-30 02:46:25] local.ERROR: Trait "Laravel\Sanctum\HasApiTokens" not found {"exception":"[object] (Symfony\\Component\\ErrorHandler\\Error\\FatalError(code: 0): Trait \"Laravel\\Sanctum\\HasApiTokens\" not found at D:/Alyasheiee/backend/app/Models/User.php:11)
[stacktrace]
#0 {main}
"} 
[2026-06-30 02:46:28] local.ERROR: Trait "Laravel\Sanctum\HasApiTokens" not found {"exception":"[object] (Symfony\\Component\\ErrorHandler\\Error\\FatalError(code: 0): Trait \"Laravel\\Sanctum\\HasApiTokens\" not found at D:/Alyasheiee/backend/app/Models/User.php:11)
[stacktrace]
#0 {main}
"} 
[2026-06-30 03:09:52] local.ERROR: Call to undefined method App\Models\User::createToken() {"exception":"[object] (BadMethodCallException(code: 0): Call to undefined method App\\Models\\User::createToken() at D:/Alyasheiee/backend/vendor/laravel/framework/src/Illuminate/Support/Traits/ForwardsCalls.php:67)
[stacktrace]
#0 D:/Alyasheiee/backend/vendor/laravel/framework/src/Illuminate/Support/Traits/ForwardsCalls.php(36): Illuminate/Database/Eloquent/Model::throwBadMethodCallException('createToken')
#1 D:/Alyasheiee/backend/vendor/laravel/framework/src/Illuminate/Database/Eloquent/Model.php(2372): Illuminate/Database/Eloquent/Model->forwardCallTo(Object(Illuminate/Database/Eloquent/Builder), 'createToken', Array)
#2 D:/Alyasheiee/backend/app/Modules/Auth/Controllers/AuthController.php(30): Illuminate/Database/Eloquent/Model->__call('createToken', Array)
#3 D:/Alyasheiee/backend/vendor/laravel/framework/src/Illuminate/Routing/Controller.php(54): App/Modules/Auth/Controllers/AuthController->login(Object(Illuminate/Http/Request))
#4 D:/Alyasheiee/backend/vendor/laravel/framework/src/Illuminate/Routing/ControllerDispatcher.php(44): Illuminate/Routing/Controller->callAction('login', Array)
#5 D:/Alyasheiee/backend/vendor/laravel/framework/src/Illuminate/Routing/Route.php(266): Illuminate/Routing/ControllerDispatcher->dispatch(Object(Illuminate/Routing/Route), Object(App/Modules/Auth/Controllers/AuthController), 'login')
#6 D:/Alyasheiee/backend/vendor/laravel/framework/src/Illuminate/Routing/Route.php(212): Illuminate/Routing/Route->runController()
#7 D:/Alyasheiee/backend/vendor/laravel/framework/src/Illuminate/Routing/Router.php(808): Illuminate/Routing/Route->run()
#8 D:/Alyasheiee/backend/vendor/laravel/framework/src/Illuminate/Pipeline/Pipeline.php(170): Illuminate/Routing/Router->Illuminate/Routing/{closure}(Object(Illuminate/Http/Request))
#9 D:/Alyasheiee/backend/vendor/laravel/framework/src/Illuminate/Routing/Middleware/SubstituteBindings.php(51): Illuminate/Pipeline/Pipeline->Illuminate/Pipeline/{closure}(Object(Illuminate/Http/Request))
#10 D:/Alyasheiee/backend/vendor/laravel/framework/src/Illuminate/Pipeline/Pipeline.php(209): Illuminate/Routing/Middleware/SubstituteBindings->handle(Object(Illuminate/Http/Request), Object(Closure))
#11 D:/Alyasheiee/backend/vendor/laravel/framework/src/Illuminate/Pipeline/Pipeline.php(127): Illuminate/Pipeline/Pipeline->Illuminate/Pipeline/{closure}(Object(Illuminate/Http/Request))
#12 D:/Alyasheiee/backend/vendor/laravel/framework/src/Illuminate/Routing/Router.php(807): Illuminate/Pipeline/Pipeline->then(Object(Closure))
#13 D:/Alyasheiee/backend/vendor/laravel/framework/src/Illuminate/Routing/Router.php(786): Illuminate/Routing/Router->runRouteWithinStack(Object(Illuminate/Routing/Route), Object(Illuminate/Http/Request))
#14 D:/Alyasheiee/backend/vendor/laravel/framework/src/Illuminate/Routing/Router.php(750): Illuminate/Routing/Router->runRoute(Object(Illuminate/Http/Request), Object(Illuminate/Routing/Route))
#15 D:/Alyasheiee/backend/vendor/laravel/framework/src/Illuminate/Routing/Router.php(739): Illuminate/Routing/Router->dispatchToRoute(Object(Illuminate/Http/Request))
#16 D:/Alyasheiee/backend/vendor/laravel/framework/src/Illuminate/Foundation/Http/Kernel.php(201): Illuminate/Routing/Router->dispatch(Object(Illuminate/Http/Request))
#17 D:/Alyasheiee/backend/vendor/laravel/framework/src/Illuminate/Pipeline/Pipeline.php(170): Illuminate/Foundation/Http/Kernel->Illuminate/Foundation/Http/{closure}(Object(Illuminate/Http/Request))
#18 D:/Alyasheiee/backend/vendor/laravel/framework/src/Illuminate/Foundation/Http/Middleware/TransformsRequest.php(21): Illuminate/Pipeline/Pipeline->Illuminate/Pipeline/{closure}(Object(Illuminate/Http/Request))
#19 D:/Alyasheiee/backend/vendor/laravel/framework/src/Illuminate/Foundation/Http/Middleware/ConvertEmptyStringsToNull.php(31): Illuminate/Foundation/Http/Middleware/TransformsRequest->handle(Object(Illuminate/Http/Request), Object(Closure))
#20 D:/Alyasheiee/backend/vendor/laravel/framework/src/Illuminate/Pipeline/Pipeline.php(209): Illuminate/Foundation/Http/Middleware/ConvertEmptyStringsToNull->handle(Object(Illuminate/Http/Request), Object(Closure))
#21 D:/Alyasheiee/backend/vendor/laravel/framework/src/Illuminate/Foundation/Http/Middleware/TransformsRequest.php(21): Illuminate/Pipeline/Pipeline->Illuminate/Pipeline/{closure}(Object(Illuminate/Http/Request))
#22 D:/Alyasheiee/backend/vendor/laravel/framework/src/Illuminate/Foundation/Http/Middleware/TrimStrings.php(51): Illuminate/Foundation/Http/Middleware/TransformsRequest->handle(Object(Illuminate/Http/Request), Object(Closure))
#23 D:/Alyasheiee/backend/vendor/laravel/framework/src/Illuminate/Pipeline/Pipeline.php(209): Illuminate/Foundation/Http/Middleware/TrimStrings->handle(Object(Illuminate/Http/Request), Object(Closure))
#24 D:/Alyasheiee/backend/vendor/laravel/framework/src/Illuminate/Http/Middleware/ValidatePostSize.php(27): Illuminate/Pipeline/Pipeline->Illuminate/Pipeline/{closure}(Object(Illuminate/Http/Request))
#25 D:/Alyasheiee/backend/vendor/laravel/framework/src/Illuminate/Pipeline/Pipeline.php(209): Illuminate/Http/Middleware/ValidatePostSize->handle(Object(Illuminate/Http/Request), Object(Closure))
#26 D:/Alyasheiee/backend/vendor/laravel/framework/src/Illuminate/Foundation/Http/Middleware/PreventRequestsDuringMaintenance.php(110): Illuminate/Pipeline/Pipeline->Illuminate/Pipeline/{closure}(Object(Illuminate/Http/Request))
#27 D:/Alyasheiee/backend/vendor/laravel/framework/src/Illuminate/Pipeline/Pipeline.php(209): Illuminate/Foundation/Http/Middleware/PreventRequestsDuringMaintenance->handle(Object(Illuminate/Http/Request), Object(Closure))
#28 D:/Alyasheiee/backend/vendor/laravel/framework/src/Illuminate/Http/Middleware/HandleCors.php(62): Illuminate/Pipeline/Pipeline->Illuminate/Pipeline/{closure}(Object(Illuminate/Http/Request))
#29 D:/Alyasheiee/backend/vendor/laravel/framework/src/Illuminate/Pipeline/Pipeline.php(209): Illuminate/Http/Middleware/HandleCors->handle(Object(Illuminate/Http/Request), Object(Closure))
#30 D:/Alyasheiee/backend/vendor/laravel/framework/src/Illuminate/Http/Middleware/TrustProxies.php(58): Illuminate/Pipeline/Pipeline->Illuminate/Pipeline/{closure}(Object(Illuminate/Http/Request))
#31 D:/Alyasheiee/backend/vendor/laravel/framework/src/Illuminate/Pipeline/Pipeline.php(209): Illuminate/Http/Middleware/TrustProxies->handle(Object(Illuminate/Http/Request), Object(Closure))
#32 D:/Alyasheiee/backend/vendor/laravel/framework/src/Illuminate/Foundation/Http/Middleware/InvokeDeferredCallbacks.php(22): Illuminate/Pipeline/Pipeline->Illuminate/Pipeline/{closure}(Object(Illuminate/Http/Request))
#33 D:/Alyasheiee/backend/vendor/laravel/framework/src/Illuminate/Pipeline/Pipeline.php(209): Illuminate/Foundation/Http/Middleware/InvokeDeferredCallbacks->handle(Object(Illuminate/Http/Request), Object(Closure))
#34 D:/Alyasheiee/backend/vendor/laravel/framework/src/Illuminate/Pipeline/Pipeline.php(127): Illuminate/Pipeline/Pipeline->Illuminate/Pipeline/{closure}(Object(Illuminate/Http/Request))
#35 D:/Alyasheiee/backend/vendor/laravel/framework/src/Illuminate/Foundation/Http/Kernel.php(176): Illuminate/Pipeline/Pipeline->then(Object(Closure))
#36 D:/Alyasheiee/backend/vendor/laravel/framework/src/Illuminate/Foundation/Http/Kernel.php(145): Illuminate/Foundation/Http/Kernel->sendRequestThroughRouter(Object(Illuminate/Http/Request))
#37 D:/Alyasheiee/backend/vendor/laravel/framework/src/Illuminate/Foundation/Application.php(1220): Illuminate/Foundation/Http/Kernel->handle(Object(Illuminate/Http/Request))
#38 D:/Alyasheiee/backend/public/index.php(17): Illuminate/Foundation/Application->handleRequest(Object(Illuminate/Http/Request))
#39 D:/Alyasheiee/backend/vendor/laravel/framework/src/Illuminate/Foundation/resources/server.php(23): require_once('D://Alyasheiee//b...')
#40 {main}
"} 
[2026-06-30 03:10:06] local.ERROR: Call to undefined method App\Models\User::createToken() {"exception":"[object] (BadMethodCallException(code: 0): Call to undefined method App\\Models\\User::createToken() at D:/Alyasheiee/backend/vendor/laravel/framework/src/Illuminate/Support/Traits/ForwardsCalls.php:67)
[stacktrace]
#0 D:/Alyasheiee/backend/vendor/laravel/framework/src/Illuminate/Support/Traits/ForwardsCalls.php(36): Illuminate/Database/Eloquent/Model::throwBadMethodCallException('createToken')
#1 D:/Alyasheiee/backend/vendor/laravel/framework/src/Illuminate/Database/Eloquent/Model.php(2372): Illuminate/Database/Eloquent/Model->forwardCallTo(Object(Illuminate/Database/Eloquent/Builder), 'createToken', Array)
#2 D:/Alyasheiee/backend/app/Modules/Auth/Controllers/AuthController.php(30): Illuminate/Database/Eloquent/Model->__call('createToken', Array)
#3 D:/Alyasheiee/backend/vendor/laravel/framework/src/Illuminate/Routing/Controller.php(54): App/Modules/Auth/Controllers/AuthController->login(Object(Illuminate/Http/Request))
#4 D:/Alyasheiee/backend/vendor/laravel/framework/src/Illuminate/Routing/ControllerDispatcher.php(44): Illuminate/Routing/Controller->callAction('login', Array)
#5 D:/Alyasheiee/backend/vendor/laravel/framework/src/Illuminate/Routing/Route.php(266): Illuminate/Routing/ControllerDispatcher->dispatch(Object(Illuminate/Routing/Route), Object(App/Modules/Auth/Controllers/AuthController), 'login')
#6 D:/Alyasheiee/backend/vendor/laravel/framework/src/Illuminate/Routing/Route.php(212): Illuminate/Routing/Route->runController()
#7 D:/Alyasheiee/backend/vendor/laravel/framework/src/Illuminate/Routing/Router.php(808): Illuminate/Routing/Route->run()
#8 D:/Alyasheiee/backend/vendor/laravel/framework/src/Illuminate/Pipeline/Pipeline.php(170): Illuminate/Routing/Router->Illuminate/Routing/{closure}(Object(Illuminate/Http/Request))
#9 D:/Alyasheiee/backend/vendor/laravel/framework/src/Illuminate/Routing/Middleware/SubstituteBindings.php(51): Illuminate/Pipeline/Pipeline->Illuminate/Pipeline/{closure}(Object(Illuminate/Http/Request))
#10 D:/Alyasheiee/backend/vendor/laravel/framework/src/Illuminate/Pipeline/Pipeline.php(209): Illuminate/Routing/Middleware/SubstituteBindings->handle(Object(Illuminate/Http/Request), Object(Closure))
#11 D:/Alyasheiee/backend/vendor/laravel/framework/src/Illuminate/Pipeline/Pipeline.php(127): Illuminate/Pipeline/Pipeline->Illuminate/Pipeline/{closure}(Object(Illuminate/Http/Request))
#12 D:/Alyasheiee/backend/vendor/laravel/framework/src/Illuminate/Routing/Router.php(807): Illuminate/Pipeline/Pipeline->then(Object(Closure))
#13 D:/Alyasheiee/backend/vendor/laravel/framework/src/Illuminate/Routing/Router.php(786): Illuminate/Routing/Router->runRouteWithinStack(Object(Illuminate/Routing/Route), Object(Illuminate/Http/Request))
#14 D:/Alyasheiee/backend/vendor/laravel/framework/src/Illuminate/Routing/Router.php(750): Illuminate/Routing/Router->runRoute(Object(Illuminate/Http/Request), Object(Illuminate/Routing/Route))
#15 D:/Alyasheiee/backend/vendor/laravel/framework/src/Illuminate/Routing/Router.php(739): Illuminate/Routing/Router->dispatchToRoute(Object(Illuminate/Http/Request))
#16 D:/Alyasheiee/backend/vendor/laravel/framework/src/Illuminate/Foundation/Http/Kernel.php(201): Illuminate/Routing/Router->dispatch(Object(Illuminate/Http/Request))
#17 D:/Alyasheiee/backend/vendor/laravel/framework/src/Illuminate/Pipeline/Pipeline.php(170): Illuminate/Foundation/Http/Kernel->Illuminate/Foundation/Http/{closure}(Object(Illuminate/Http/Request))
#18 D:/Alyasheiee/backend/vendor/laravel/framework/src/Illuminate/Foundation/Http/Middleware/TransformsRequest.php(21): Illuminate/Pipeline/Pipeline->Illuminate/Pipeline/{closure}(Object(Illuminate/Http/Request))
#19 D:/Alyasheiee/backend/vendor/laravel/framework/src/Illuminate/Foundation/Http/Middleware/ConvertEmptyStringsToNull.php(31): Illuminate/Foundation/Http/Middleware/TransformsRequest->handle(Object(Illuminate/Http/Request), Object(Closure))
#20 D:/Alyasheiee/backend/vendor/laravel/framework/src/Illuminate/Pipeline/Pipeline.php(209): Illuminate/Foundation/Http/Middleware/ConvertEmptyStringsToNull->handle(Object(Illuminate/Http/Request), Object(Closure))
#21 D:/Alyasheiee/backend/vendor/laravel/framework/src/Illuminate/Foundation/Http/Middleware/TransformsRequest.php(21): Illuminate/Pipeline/Pipeline->Illuminate/Pipeline/{closure}(Object(Illuminate/Http/Request))
#22 D:/Alyasheiee/backend/vendor/laravel/framework/src/Illuminate/Foundation/Http/Middleware/TrimStrings.php(51): Illuminate/Foundation/Http/Middleware/TransformsRequest->handle(Object(Illuminate/Http/Request), Object(Closure))
#23 D:/Alyasheiee/backend/vendor/laravel/framework/src/Illuminate/Pipeline/Pipeline.php(209): Illuminate/Foundation/Http/Middleware/TrimStrings->handle(Object(Illuminate/Http/Request), Object(Closure))
#24 D:/Alyasheiee/backend/vendor/laravel/framework/src/Illuminate/Http/Middleware/ValidatePostSize.php(27): Illuminate/Pipeline/Pipeline->Illuminate/Pipeline/{closure}(Object(Illuminate/Http/Request))
#25 D:/Alyasheiee/backend/vendor/laravel/framework/src/Illuminate/Pipeline/Pipeline.php(209): Illuminate/Http/Middleware/ValidatePostSize->handle(Object(Illuminate/Http/Request), Object(Closure))
#26 D:/Alyasheiee/backend/vendor/laravel/framework/src/Illuminate/Foundation/Http/Middleware/PreventRequestsDuringMaintenance.php(110): Illuminate/Pipeline/Pipeline->Illuminate/Pipeline/{closure}(Object(Illuminate/Http/Request))
#27 D:/Alyasheiee/backend/vendor/laravel/framework/src/Illuminate/Pipeline/Pipeline.php(209): Illuminate/Foundation/Http/Middleware/PreventRequestsDuringMaintenance->handle(Object(Illuminate/Http/Request), Object(Closure))
#28 D:/Alyasheiee/backend/vendor/laravel/framework/src/Illuminate/Http/Middleware/HandleCors.php(62): Illuminate/Pipeline/Pipeline->Illuminate/Pipeline/{closure}(Object(Illuminate/Http/Request))
#29 D:/Alyasheiee/backend/vendor/laravel/framework/src/Illuminate/Pipeline/Pipeline.php(209): Illuminate/Http/Middleware/HandleCors->handle(Object(Illuminate/Http/Request), Object(Closure))
#30 D:/Alyasheiee/backend/vendor/laravel/framework/src/Illuminate/Http/Middleware/TrustProxies.php(58): Illuminate/Pipeline/Pipeline->Illuminate/Pipeline/{closure}(Object(Illuminate/Http/Request))
#31 D:/Alyasheiee/backend/vendor/laravel/framework/src/Illuminate/Pipeline/Pipeline.php(209): Illuminate/Http/Middleware/TrustProxies->handle(Object(Illuminate/Http/Request), Object(Closure))
#32 D:/Alyasheiee/backend/vendor/laravel/framework/src/Illuminate/Foundation/Http/Middleware/InvokeDeferredCallbacks.php(22): Illuminate/Pipeline/Pipeline->Illuminate/Pipeline/{closure}(Object(Illuminate/Http/Request))
#33 D:/Alyasheiee/backend/vendor/laravel/framework/src/Illuminate/Pipeline/Pipeline.php(209): Illuminate/Foundation/Http/Middleware/InvokeDeferredCallbacks->handle(Object(Illuminate/Http/Request), Object(Closure))
#34 D:/Alyasheiee/backend/vendor/laravel/framework/src/Illuminate/Pipeline/Pipeline.php(127): Illuminate/Pipeline/Pipeline->Illuminate/Pipeline/{closure}(Object(Illuminate/Http/Request))
#35 D:/Alyasheiee/backend/vendor/laravel/framework/src/Illuminate/Foundation/Http/Kernel.php(176): Illuminate/Pipeline/Pipeline->then(Object(Closure))
#36 D:/Alyasheiee/backend/vendor/laravel/framework/src/Illuminate/Foundation/Http/Kernel.php(145): Illuminate/Foundation/Http/Kernel->sendRequestThroughRouter(Object(Illuminate/Http/Request))
#37 D:/Alyasheiee/backend/vendor/laravel/framework/src/Illuminate/Foundation/Application.php(1220): Illuminate/Foundation/Http/Kernel->handle(Object(Illuminate/Http/Request))
#38 D:/Alyasheiee/backend/public/index.php(17): Illuminate/Foundation/Application->handleRequest(Object(Illuminate/Http/Request))
#39 D:/Alyasheiee/backend/vendor/laravel/framework/src/Illuminate/Foundation/resources/server.php(23): require_once('D://Alyasheiee//b...')
#40 {main}
"} 
[2026-06-30 03:10:53] local.ERROR: Call to undefined method App\Models\User::createToken() {"exception":"[object] (BadMethodCallException(code: 0): Call to undefined method App\\Models\\User::createToken() at D:/Alyasheiee/backend/vendor/laravel/framework/src/Illuminate/Support/Traits/ForwardsCalls.php:67)
[stacktrace]
#0 D:/Alyasheiee/backend/vendor/laravel/framework/src/Illuminate/Support/Traits/ForwardsCalls.php(36): Illuminate/Database/Eloquent/Model::throwBadMethodCallException('createToken')
#1 D:/Alyasheiee/backend/vendor/laravel/framework/src/Illuminate/Database/Eloquent/Model.php(2372): Illuminate/Database/Eloquent/Model->forwardCallTo(Object(Illuminate/Database/Eloquent/Builder), 'createToken', Array)
#2 D:/Alyasheiee/backend/app/Modules/Auth/Controllers/AuthController.php(30): Illuminate/Database/Eloquent/Model->__call('createToken', Array)
#3 D:/Alyasheiee/backend/vendor/laravel/framework/src/Illuminate/Routing/Controller.php(54): App/Modules/Auth/Controllers/AuthController->login(Object(Illuminate/Http/Request))
#4 D:/Alyasheiee/backend/vendor/laravel/framework/src/Illuminate/Routing/ControllerDispatcher.php(44): Illuminate/Routing/Controller->callAction('login', Array)
#5 D:/Alyasheiee/backend/vendor/laravel/framework/src/Illuminate/Routing/Route.php(266): Illuminate/Routing/ControllerDispatcher->dispatch(Object(Illuminate/Routing/Route), Object(App/Modules/Auth/Controllers/AuthController), 'login')
#6 D:/Alyasheiee/backend/vendor/laravel/framework/src/Illuminate/Routing/Route.php(212): Illuminate/Routing/Route->runController()
#7 D:/Alyasheiee/backend/vendor/laravel/framework/src/Illuminate/Routing/Router.php(808): Illuminate/Routing/Route->run()
#8 D:/Alyasheiee/backend/vendor/laravel/framework/src/Illuminate/Pipeline/Pipeline.php(170): Illuminate/Routing/Router->Illuminate/Routing/{closure}(Object(Illuminate/Http/Request))
#9 D:/Alyasheiee/backend/vendor/laravel/framework/src/Illuminate/Routing/Middleware/SubstituteBindings.php(51): Illuminate/Pipeline/Pipeline->Illuminate/Pipeline/{closure}(Object(Illuminate/Http/Request))
#10 D:/Alyasheiee/backend/vendor/laravel/framework/src/Illuminate/Pipeline/Pipeline.php(209): Illuminate/Routing/Middleware/SubstituteBindings->handle(Object(Illuminate/Http/Request), Object(Closure))
#11 D:/Alyasheiee/backend/vendor/laravel/framework/src/Illuminate/Pipeline/Pipeline.php(127): Illuminate/Pipeline/Pipeline->Illuminate/Pipeline/{closure}(Object(Illuminate/Http/Request))
#12 D:/Alyasheiee/backend/vendor/laravel/framework/src/Illuminate/Routing/Router.php(807): Illuminate/Pipeline/Pipeline->then(Object(Closure))
#13 D:/Alyasheiee/backend/vendor/laravel/framework/src/Illuminate/Routing/Router.php(786): Illuminate/Routing/Router->runRouteWithinStack(Object(Illuminate/Routing/Route), Object(Illuminate/Http/Request))
#14 D:/Alyasheiee/backend/vendor/laravel/framework/src/Illuminate/Routing/Router.php(750): Illuminate/Routing/Router->runRoute(Object(Illuminate/Http/Request), Object(Illuminate/Routing/Route))
#15 D:/Alyasheiee/backend/vendor/laravel/framework/src/Illuminate/Routing/Router.php(739): Illuminate/Routing/Router->dispatchToRoute(Object(Illuminate/Http/Request))
#16 D:/Alyasheiee/backend/vendor/laravel/framework/src/Illuminate/Foundation/Http/Kernel.php(201): Illuminate/Routing/Router->dispatch(Object(Illuminate/Http/Request))
#17 D:/Alyasheiee/backend/vendor/laravel/framework/src/Illuminate/Pipeline/Pipeline.php(170): Illuminate/Foundation/Http/Kernel->Illuminate/Foundation/Http/{closure}(Object(Illuminate/Http/Request))
#18 D:/Alyasheiee/backend/vendor/laravel/framework/src/Illuminate/Foundation/Http/Middleware/TransformsRequest.php(21): Illuminate/Pipeline/Pipeline->Illuminate/Pipeline/{closure}(Object(Illuminate/Http/Request))
#19 D:/Alyasheiee/backend/vendor/laravel/framework/src/Illuminate/Foundation/Http/Middleware/ConvertEmptyStringsToNull.php(31): Illuminate/Foundation/Http/Middleware/TransformsRequest->handle(Object(Illuminate/Http/Request), Object(Closure))
#20 D:/Alyasheiee/backend/vendor/laravel/framework/src/Illuminate/Pipeline/Pipeline.php(209): Illuminate/Foundation/Http/Middleware/ConvertEmptyStringsToNull->handle(Object(Illuminate/Http/Request), Object(Closure))
#21 D:/Alyasheiee/backend/vendor/laravel/framework/src/Illuminate/Foundation/Http/Middleware/TransformsRequest.php(21): Illuminate/Pipeline/Pipeline->Illuminate/Pipeline/{closure}(Object(Illuminate/Http/Request))
#22 D:/Alyasheiee/backend/vendor/laravel/framework/src/Illuminate/Foundation/Http/Middleware/TrimStrings.php(51): Illuminate/Foundation/Http/Middleware/TransformsRequest->handle(Object(Illuminate/Http/Request), Object(Closure))
#23 D:/Alyasheiee/backend/vendor/laravel/framework/src/Illuminate/Pipeline/Pipeline.php(209): Illuminate/Foundation/Http/Middleware/TrimStrings->handle(Object(Illuminate/Http/Request), Object(Closure))
#24 D:/Alyasheiee/backend/vendor/laravel/framework/src/Illuminate/Http/Middleware/ValidatePostSize.php(27): Illuminate/Pipeline/Pipeline->Illuminate/Pipeline/{closure}(Object(Illuminate/Http/Request))
#25 D:/Alyasheiee/backend/vendor/laravel/framework/src/Illuminate/Pipeline/Pipeline.php(209): Illuminate/Http/Middleware/ValidatePostSize->handle(Object(Illuminate/Http/Request), Object(Closure))
#26 D:/Alyasheiee/backend/vendor/laravel/framework/src/Illuminate/Foundation/Http/Middleware/PreventRequestsDuringMaintenance.php(110): Illuminate/Pipeline/Pipeline->Illuminate/Pipeline/{closure}(Object(Illuminate/Http/Request))
#27 D:/Alyasheiee/backend/vendor/laravel/framework/src/Illuminate/Pipeline/Pipeline.php(209): Illuminate/Foundation/Http/Middleware/PreventRequestsDuringMaintenance->handle(Object(Illuminate/Http/Request), Object(Closure))
#28 D:/Alyasheiee/backend/vendor/laravel/framework/src/Illuminate/Http/Middleware/HandleCors.php(62): Illuminate/Pipeline/Pipeline->Illuminate/Pipeline/{closure}(Object(Illuminate/Http/Request))
#29 D:/Alyasheiee/backend/vendor/laravel/framework/src/Illuminate/Pipeline/Pipeline.php(209): Illuminate/Http/Middleware/HandleCors->handle(Object(Illuminate/Http/Request), Object(Closure))
#30 D:/Alyasheiee/backend/vendor/laravel/framework/src/Illuminate/Http/Middleware/TrustProxies.php(58): Illuminate/Pipeline/Pipeline->Illuminate/Pipeline/{closure}(Object(Illuminate/Http/Request))
#31 D:/Alyasheiee/backend/vendor/laravel/framework/src/Illuminate/Pipeline/Pipeline.php(209): Illuminate/Http/Middleware/TrustProxies->handle(Object(Illuminate/Http/Request), Object(Closure))
#32 D:/Alyasheiee/backend/vendor/laravel/framework/src/Illuminate/Foundation/Http/Middleware/InvokeDeferredCallbacks.php(22): Illuminate/Pipeline/Pipeline->Illuminate/Pipeline/{closure}(Object(Illuminate/Http/Request))
#33 D:/Alyasheiee/backend/vendor/laravel/framework/src/Illuminate/Pipeline/Pipeline.php(209): Illuminate/Foundation/Http/Middleware/InvokeDeferredCallbacks->handle(Object(Illuminate/Http/Request), Object(Closure))
#34 D:/Alyasheiee/backend/vendor/laravel/framework/src/Illuminate/Pipeline/Pipeline.php(127): Illuminate/Pipeline/Pipeline->Illuminate/Pipeline/{closure}(Object(Illuminate/Http/Request))
#35 D:/Alyasheiee/backend/vendor/laravel/framework/src/Illuminate/Foundation/Http/Kernel.php(176): Illuminate/Pipeline/Pipeline->then(Object(Closure))
#36 D:/Alyasheiee/backend/vendor/laravel/framework/src/Illuminate/Foundation/Http/Kernel.php(145): Illuminate/Foundation/Http/Kernel->sendRequestThroughRouter(Object(Illuminate/Http/Request))
#37 D:/Alyasheiee/backend/vendor/laravel/framework/src/Illuminate/Foundation/Application.php(1220): Illuminate/Foundation/Http/Kernel->handle(Object(Illuminate/Http/Request))
#38 D:/Alyasheiee/backend/public/index.php(17): Illuminate/Foundation/Application->handleRequest(Object(Illuminate/Http/Request))
#39 D:/Alyasheiee/backend/vendor/laravel/framework/src/Illuminate/Foundation/resources/server.php(23): require_once('D://Alyasheiee//b...')
#40 {main}
"} 
[2026-06-30 03:10:56] local.ERROR: Call to undefined method App\Models\User::createToken() {"exception":"[object] (BadMethodCallException(code: 0): Call to undefined method App\\Models\\User::createToken() at D:/Alyasheiee/backend/vendor/laravel/framework/src/Illuminate/Support/Traits/ForwardsCalls.php:67)
[stacktrace]
#0 D:/Alyasheiee/backend/vendor/laravel/framework/src/Illuminate/Support/Traits/ForwardsCalls.php(36): Illuminate/Database/Eloquent/Model::throwBadMethodCallException('createToken')
#1 D:/Alyasheiee/backend/vendor/laravel/framework/src/Illuminate/Database/Eloquent/Model.php(2372): Illuminate/Database/Eloquent/Model->forwardCallTo(Object(Illuminate/Database/Eloquent/Builder), 'createToken', Array)
#2 D:/Alyasheiee/backend/app/Modules/Auth/Controllers/AuthController.php(30): Illuminate/Database/Eloquent/Model->__call('createToken', Array)
#3 D:/Alyasheiee/backend/vendor/laravel/framework/src/Illuminate/Routing/Controller.php(54): App/Modules/Auth/Controllers/AuthController->login(Object(Illuminate/Http/Request))
#4 D:/Alyasheiee/backend/vendor/laravel/framework/src/Illuminate/Routing/ControllerDispatcher.php(44): Illuminate/Routing/Controller->callAction('login', Array)
#5 D:/Alyasheiee/backend/vendor/laravel/framework/src/Illuminate/Routing/Route.php(266): Illuminate/Routing/ControllerDispatcher->dispatch(Object(Illuminate/Routing/Route), Object(App/Modules/Auth/Controllers/AuthController), 'login')
#6 D:/Alyasheiee/backend/vendor/laravel/framework/src/Illuminate/Routing/Route.php(212): Illuminate/Routing/Route->runController()
#7 D:/Alyasheiee/backend/vendor/laravel/framework/src/Illuminate/Routing/Router.php(808): Illuminate/Routing/Route->run()
#8 D:/Alyasheiee/backend/vendor/laravel/framework/src/Illuminate/Pipeline/Pipeline.php(170): Illuminate/Routing/Router->Illuminate/Routing/{closure}(Object(Illuminate/Http/Request))
#9 D:/Alyasheiee/backend/vendor/laravel/framework/src/Illuminate/Routing/Middleware/SubstituteBindings.php(51): Illuminate/Pipeline/Pipeline->Illuminate/Pipeline/{closure}(Object(Illuminate/Http/Request))
#10 D:/Alyasheiee/backend/vendor/laravel/framework/src/Illuminate/Pipeline/Pipeline.php(209): Illuminate/Routing/Middleware/SubstituteBindings->handle(Object(Illuminate/Http/Request), Object(Closure))
#11 D:/Alyasheiee/backend/vendor/laravel/framework/src/Illuminate/Pipeline/Pipeline.php(127): Illuminate/Pipeline/Pipeline->Illuminate/Pipeline/{closure}(Object(Illuminate/Http/Request))
#12 D:/Alyasheiee/backend/vendor/laravel/framework/src/Illuminate/Routing/Router.php(807): Illuminate/Pipeline/Pipeline->then(Object(Closure))
#13 D:/Alyasheiee/backend/vendor/laravel/framework/src/Illuminate/Routing/Router.php(786): Illuminate/Routing/Router->runRouteWithinStack(Object(Illuminate/Routing/Route), Object(Illuminate/Http/Request))
#14 D:/Alyasheiee/backend/vendor/laravel/framework/src/Illuminate/Routing/Router.php(750): Illuminate/Routing/Router->runRoute(Object(Illuminate/Http/Request), Object(Illuminate/Routing/Route))
#15 D:/Alyasheiee/backend/vendor/laravel/framework/src/Illuminate/Routing/Router.php(739): Illuminate/Routing/Router->dispatchToRoute(Object(Illuminate/Http/Request))
#16 D:/Alyasheiee/backend/vendor/laravel/framework/src/Illuminate/Foundation/Http/Kernel.php(201): Illuminate/Routing/Router->dispatch(Object(Illuminate/Http/Request))
#17 D:/Alyasheiee/backend/vendor/laravel/framework/src/Illuminate/Pipeline/Pipeline.php(170): Illuminate/Foundation/Http/Kernel->Illuminate/Foundation/Http/{closure}(Object(Illuminate/Http/Request))
#18 D:/Alyasheiee/backend/vendor/laravel/framework/src/Illuminate/Foundation/Http/Middleware/TransformsRequest.php(21): Illuminate/Pipeline/Pipeline->Illuminate/Pipeline/{closure}(Object(Illuminate/Http/Request))
#19 D:/Alyasheiee/backend/vendor/laravel/framework/src/Illuminate/Foundation/Http/Middleware/ConvertEmptyStringsToNull.php(31): Illuminate/Foundation/Http/Middleware/TransformsRequest->handle(Object(Illuminate/Http/Request), Object(Closure))
#20 D:/Alyasheiee/backend/vendor/laravel/framework/src/Illuminate/Pipeline/Pipeline.php(209): Illuminate/Foundation/Http/Middleware/ConvertEmptyStringsToNull->handle(Object(Illuminate/Http/Request), Object(Closure))
#21 D:/Alyasheiee/backend/vendor/laravel/framework/src/Illuminate/Foundation/Http/Middleware/TransformsRequest.php(21): Illuminate/Pipeline/Pipeline->Illuminate/Pipeline/{closure}(Object(Illuminate/Http/Request))
#22 D:/Alyasheiee/backend/vendor/laravel/framework/src/Illuminate/Foundation/Http/Middleware/TrimStrings.php(51): Illuminate/Foundation/Http/Middleware/TransformsRequest->handle(Object(Illuminate/Http/Request), Object(Closure))
#23 D:/Alyasheiee/backend/vendor/laravel/framework/src/Illuminate/Pipeline/Pipeline.php(209): Illuminate/Foundation/Http/Middleware/TrimStrings->handle(Object(Illuminate/Http/Request), Object(Closure))
#24 D:/Alyasheiee/backend/vendor/laravel/framework/src/Illuminate/Http/Middleware/ValidatePostSize.php(27): Illuminate/Pipeline/Pipeline->Illuminate/Pipeline/{closure}(Object(Illuminate/Http/Request))
#25 D:/Alyasheiee/backend/vendor/laravel/framework/src/Illuminate/Pipeline/Pipeline.php(209): Illuminate/Http/Middleware/ValidatePostSize->handle(Object(Illuminate/Http/Request), Object(Closure))
#26 D:/Alyasheiee/backend/vendor/laravel/framework/src/Illuminate/Foundation/Http/Middleware/PreventRequestsDuringMaintenance.php(110): Illuminate/Pipeline/Pipeline->Illuminate/Pipeline/{closure}(Object(Illuminate/Http/Request))
#27 D:/Alyasheiee/backend/vendor/laravel/framework/src/Illuminate/Pipeline/Pipeline.php(209): Illuminate/Foundation/Http/Middleware/PreventRequestsDuringMaintenance->handle(Object(Illuminate/Http/Request), Object(Closure))
#28 D:/Alyasheiee/backend/vendor/laravel/framework/src/Illuminate/Http/Middleware/HandleCors.php(62): Illuminate/Pipeline/Pipeline->Illuminate/Pipeline/{closure}(Object(Illuminate/Http/Request))
#29 D:/Alyasheiee/backend/vendor/laravel/framework/src/Illuminate/Pipeline/Pipeline.php(209): Illuminate/Http/Middleware/HandleCors->handle(Object(Illuminate/Http/Request), Object(Closure))
#30 D:/Alyasheiee/backend/vendor/laravel/framework/src/Illuminate/Http/Middleware/TrustProxies.php(58): Illuminate/Pipeline/Pipeline->Illuminate/Pipeline/{closure}(Object(Illuminate/Http/Request))
#31 D:/Alyasheiee/backend/vendor/laravel/framework/src/Illuminate/Pipeline/Pipeline.php(209): Illuminate/Http/Middleware/TrustProxies->handle(Object(Illuminate/Http/Request), Object(Closure))
#32 D:/Alyasheiee/backend/vendor/laravel/framework/src/Illuminate/Foundation/Http/Middleware/InvokeDeferredCallbacks.php(22): Illuminate/Pipeline/Pipeline->Illuminate/Pipeline/{closure}(Object(Illuminate/Http/Request))
#33 D:/Alyasheiee/backend/vendor/laravel/framework/src/Illuminate/Pipeline/Pipeline.php(209): Illuminate/Foundation/Http/Middleware/InvokeDeferredCallbacks->handle(Object(Illuminate/Http/Request), Object(Closure))
#34 D:/Alyasheiee/backend/vendor/laravel/framework/src/Illuminate/Pipeline/Pipeline.php(127): Illuminate/Pipeline/Pipeline->Illuminate/Pipeline/{closure}(Object(Illuminate/Http/Request))
#35 D:/Alyasheiee/backend/vendor/laravel/framework/src/Illuminate/Foundation/Http/Kernel.php(176): Illuminate/Pipeline/Pipeline->then(Object(Closure))
#36 D:/Alyasheiee/backend/vendor/laravel/framework/src/Illuminate/Foundation/Http/Kernel.php(145): Illuminate/Foundation/Http/Kernel->sendRequestThroughRouter(Object(Illuminate/Http/Request))
#37 D:/Alyasheiee/backend/vendor/laravel/framework/src/Illuminate/Foundation/Application.php(1220): Illuminate/Foundation/Http/Kernel->handle(Object(Illuminate/Http/Request))
#38 D:/Alyasheiee/backend/public/index.php(17): Illuminate/Foundation/Application->handleRequest(Object(Illuminate/Http/Request))
#39 D:/Alyasheiee/backend/vendor/laravel/framework/src/Illuminate/Foundation/resources/server.php(23): require_once('D://Alyasheiee//b...')
#40 {main}
"} 
[2026-06-30 03:11:46] local.ERROR: Call to undefined method App\Models\User::createToken() {"exception":"[object] (BadMethodCallException(code: 0): Call to undefined method App\\Models\\User::createToken() at D:/Alyasheiee/backend/vendor/laravel/framework/src/Illuminate/Support/Traits/ForwardsCalls.php:67)
[stacktrace]
#0 D:/Alyasheiee/backend/vendor/laravel/framework/src/Illuminate/Support/Traits/ForwardsCalls.php(36): Illuminate/Database/Eloquent/Model::throwBadMethodCallException('createToken')
#1 D:/Alyasheiee/backend/vendor/laravel/framework/src/Illuminate/Database/Eloquent/Model.php(2372): Illuminate/Database/Eloquent/Model->forwardCallTo(Object(Illuminate/Database/Eloquent/Builder), 'createToken', Array)
#2 D:/Alyasheiee/backend/app/Modules/Auth/Controllers/AuthController.php(30): Illuminate/Database/Eloquent/Model->__call('createToken', Array)
#3 D:/Alyasheiee/backend/vendor/laravel/framework/src/Illuminate/Routing/Controller.php(54): App/Modules/Auth/Controllers/AuthController->login(Object(Illuminate/Http/Request))
#4 D:/Alyasheiee/backend/vendor/laravel/framework/src/Illuminate/Routing/ControllerDispatcher.php(44): Illuminate/Routing/Controller->callAction('login', Array)
#5 D:/Alyasheiee/backend/vendor/laravel/framework/src/Illuminate/Routing/Route.php(266): Illuminate/Routing/ControllerDispatcher->dispatch(Object(Illuminate/Routing/Route), Object(App/Modules/Auth/Controllers/AuthController), 'login')
#6 D:/Alyasheiee/backend/vendor/laravel/framework/src/Illuminate/Routing/Route.php(212): Illuminate/Routing/Route->runController()
#7 D:/Alyasheiee/backend/vendor/laravel/framework/src/Illuminate/Routing/Router.php(808): Illuminate/Routing/Route->run()
#8 D:/Alyasheiee/backend/vendor/laravel/framework/src/Illuminate/Pipeline/Pipeline.php(170): Illuminate/Routing/Router->Illuminate/Routing/{closure}(Object(Illuminate/Http/Request))
#9 D:/Alyasheiee/backend/vendor/laravel/framework/src/Illuminate/Routing/Middleware/SubstituteBindings.php(51): Illuminate/Pipeline/Pipeline->Illuminate/Pipeline/{closure}(Object(Illuminate/Http/Request))
#10 D:/Alyasheiee/backend/vendor/laravel/framework/src/Illuminate/Pipeline/Pipeline.php(209): Illuminate/Routing/Middleware/SubstituteBindings->handle(Object(Illuminate/Http/Request), Object(Closure))
#11 D:/Alyasheiee/backend/vendor/laravel/framework/src/Illuminate/Pipeline/Pipeline.php(127): Illuminate/Pipeline/Pipeline->Illuminate/Pipeline/{closure}(Object(Illuminate/Http/Request))
#12 D:/Alyasheiee/backend/vendor/laravel/framework/src/Illuminate/Routing/Router.php(807): Illuminate/Pipeline/Pipeline->then(Object(Closure))
#13 D:/Alyasheiee/backend/vendor/laravel/framework/src/Illuminate/Routing/Router.php(786): Illuminate/Routing/Router->runRouteWithinStack(Object(Illuminate/Routing/Route), Object(Illuminate/Http/Request))
#14 D:/Alyasheiee/backend/vendor/laravel/framework/src/Illuminate/Routing/Router.php(750): Illuminate/Routing/Router->runRoute(Object(Illuminate/Http/Request), Object(Illuminate/Routing/Route))
#15 D:/Alyasheiee/backend/vendor/laravel/framework/src/Illuminate/Routing/Router.php(739): Illuminate/Routing/Router->dispatchToRoute(Object(Illuminate/Http/Request))
#16 D:/Alyasheiee/backend/vendor/laravel/framework/src/Illuminate/Foundation/Http/Kernel.php(201): Illuminate/Routing/Router->dispatch(Object(Illuminate/Http/Request))
#17 D:/Alyasheiee/backend/vendor/laravel/framework/src/Illuminate/Pipeline/Pipeline.php(170): Illuminate/Foundation/Http/Kernel->Illuminate/Foundation/Http/{closure}(Object(Illuminate/Http/Request))
#18 D:/Alyasheiee/backend/vendor/laravel/framework/src/Illuminate/Foundation/Http/Middleware/TransformsRequest.php(21): Illuminate/Pipeline/Pipeline->Illuminate/Pipeline/{closure}(Object(Illuminate/Http/Request))
#19 D:/Alyasheiee/backend/vendor/laravel/framework/src/Illuminate/Foundation/Http/Middleware/ConvertEmptyStringsToNull.php(31): Illuminate/Foundation/Http/Middleware/TransformsRequest->handle(Object(Illuminate/Http/Request), Object(Closure))
#20 D:/Alyasheiee/backend/vendor/laravel/framework/src/Illuminate/Pipeline/Pipeline.php(209): Illuminate/Foundation/Http/Middleware/ConvertEmptyStringsToNull->handle(Object(Illuminate/Http/Request), Object(Closure))
#21 D:/Alyasheiee/backend/vendor/laravel/framework/src/Illuminate/Foundation/Http/Middleware/TransformsRequest.php(21): Illuminate/Pipeline/Pipeline->Illuminate/Pipeline/{closure}(Object(Illuminate/Http/Request))
#22 D:/Alyasheiee/backend/vendor/laravel/framework/src/Illuminate/Foundation/Http/Middleware/TrimStrings.php(51): Illuminate/Foundation/Http/Middleware/TransformsRequest->handle(Object(Illuminate/Http/Request), Object(Closure))
#23 D:/Alyasheiee/backend/vendor/laravel/framework/src/Illuminate/Pipeline/Pipeline.php(209): Illuminate/Foundation/Http/Middleware/TrimStrings->handle(Object(Illuminate/Http/Request), Object(Closure))
#24 D:/Alyasheiee/backend/vendor/laravel/framework/src/Illuminate/Http/Middleware/ValidatePostSize.php(27): Illuminate/Pipeline/Pipeline->Illuminate/Pipeline/{closure}(Object(Illuminate/Http/Request))
#25 D:/Alyasheiee/backend/vendor/laravel/framework/src/Illuminate/Pipeline/Pipeline.php(209): Illuminate/Http/Middleware/ValidatePostSize->handle(Object(Illuminate/Http/Request), Object(Closure))
#26 D:/Alyasheiee/backend/vendor/laravel/framework/src/Illuminate/Foundation/Http/Middleware/PreventRequestsDuringMaintenance.php(110): Illuminate/Pipeline/Pipeline->Illuminate/Pipeline/{closure}(Object(Illuminate/Http/Request))
#27 D:/Alyasheiee/backend/vendor/laravel/framework/src/Illuminate/Pipeline/Pipeline.php(209): Illuminate/Foundation/Http/Middleware/PreventRequestsDuringMaintenance->handle(Object(Illuminate/Http/Request), Object(Closure))
#28 D:/Alyasheiee/backend/vendor/laravel/framework/src/Illuminate/Http/Middleware/HandleCors.php(62): Illuminate/Pipeline/Pipeline->Illuminate/Pipeline/{closure}(Object(Illuminate/Http/Request))
#29 D:/Alyasheiee/backend/vendor/laravel/framework/src/Illuminate/Pipeline/Pipeline.php(209): Illuminate/Http/Middleware/HandleCors->handle(Object(Illuminate/Http/Request), Object(Closure))
#30 D:/Alyasheiee/backend/vendor/laravel/framework/src/Illuminate/Http/Middleware/TrustProxies.php(58): Illuminate/Pipeline/Pipeline->Illuminate/Pipeline/{closure}(Object(Illuminate/Http/Request))
#31 D:/Alyasheiee/backend/vendor/laravel/framework/src/Illuminate/Pipeline/Pipeline.php(209): Illuminate/Http/Middleware/TrustProxies->handle(Object(Illuminate/Http/Request), Object(Closure))
#32 D:/Alyasheiee/backend/vendor/laravel/framework/src/Illuminate/Foundation/Http/Middleware/InvokeDeferredCallbacks.php(22): Illuminate/Pipeline/Pipeline->Illuminate/Pipeline/{closure}(Object(Illuminate/Http/Request))
#33 D:/Alyasheiee/backend/vendor/laravel/framework/src/Illuminate/Pipeline/Pipeline.php(209): Illuminate/Foundation/Http/Middleware/InvokeDeferredCallbacks->handle(Object(Illuminate/Http/Request), Object(Closure))
#34 D:/Alyasheiee/backend/vendor/laravel/framework/src/Illuminate/Pipeline/Pipeline.php(127): Illuminate/Pipeline/Pipeline->Illuminate/Pipeline/{closure}(Object(Illuminate/Http/Request))
#35 D:/Alyasheiee/backend/vendor/laravel/framework/src/Illuminate/Foundation/Http/Kernel.php(176): Illuminate/Pipeline/Pipeline->then(Object(Closure))
#36 D:/Alyasheiee/backend/vendor/laravel/framework/src/Illuminate/Foundation/Http/Kernel.php(145): Illuminate/Foundation/Http/Kernel->sendRequestThroughRouter(Object(Illuminate/Http/Request))
#37 D:/Alyasheiee/backend/vendor/laravel/framework/src/Illuminate/Foundation/Application.php(1220): Illuminate/Foundation/Http/Kernel->handle(Object(Illuminate/Http/Request))
#38 D:/Alyasheiee/backend/public/index.php(17): Illuminate/Foundation/Application->handleRequest(Object(Illuminate/Http/Request))
#39 D:/Alyasheiee/backend/vendor/laravel/framework/src/Illuminate/Foundation/resources/server.php(23): require_once('D://Alyasheiee//b...')
#40 {main}
"} 
[2026-06-30 03:11:48] local.ERROR: Call to undefined method App\Models\User::createToken() {"exception":"[object] (BadMethodCallException(code: 0): Call to undefined method App\\Models\\User::createToken() at D:/Alyasheiee/backend/vendor/laravel/framework/src/Illuminate/Support/Traits/ForwardsCalls.php:67)
[stacktrace]
#0 D:/Alyasheiee/backend/vendor/laravel/framework/src/Illuminate/Support/Traits/ForwardsCalls.php(36): Illuminate/Database/Eloquent/Model::throwBadMethodCallException('createToken')
#1 D:/Alyasheiee/backend/vendor/laravel/framework/src/Illuminate/Database/Eloquent/Model.php(2372): Illuminate/Database/Eloquent/Model->forwardCallTo(Object(Illuminate/Database/Eloquent/Builder), 'createToken', Array)
#2 D:/Alyasheiee/backend/app/Modules/Auth/Controllers/AuthController.php(30): Illuminate/Database/Eloquent/Model->__call('createToken', Array)
#3 D:/Alyasheiee/backend/vendor/laravel/framework/src/Illuminate/Routing/Controller.php(54): App/Modules/Auth/Controllers/AuthController->login(Object(Illuminate/Http/Request))
#4 D:/Alyasheiee/backend/vendor/laravel/framework/src/Illuminate/Routing/ControllerDispatcher.php(44): Illuminate/Routing/Controller->callAction('login', Array)
#5 D:/Alyasheiee/backend/vendor/laravel/framework/src/Illuminate/Routing/Route.php(266): Illuminate/Routing/ControllerDispatcher->dispatch(Object(Illuminate/Routing/Route), Object(App/Modules/Auth/Controllers/AuthController), 'login')
#6 D:/Alyasheiee/backend/vendor/laravel/framework/src/Illuminate/Routing/Route.php(212): Illuminate/Routing/Route->runController()
#7 D:/Alyasheiee/backend/vendor/laravel/framework/src/Illuminate/Routing/Router.php(808): Illuminate/Routing/Route->run()
#8 D:/Alyasheiee/backend/vendor/laravel/framework/src/Illuminate/Pipeline/Pipeline.php(170): Illuminate/Routing/Router->Illuminate/Routing/{closure}(Object(Illuminate/Http/Request))
#9 D:/Alyasheiee/backend/vendor/laravel/framework/src/Illuminate/Routing/Middleware/SubstituteBindings.php(51): Illuminate/Pipeline/Pipeline->Illuminate/Pipeline/{closure}(Object(Illuminate/Http/Request))
#10 D:/Alyasheiee/backend/vendor/laravel/framework/src/Illuminate/Pipeline/Pipeline.php(209): Illuminate/Routing/Middleware/SubstituteBindings->handle(Object(Illuminate/Http/Request), Object(Closure))
#11 D:/Alyasheiee/backend/vendor/laravel/framework/src/Illuminate/Pipeline/Pipeline.php(127): Illuminate/Pipeline/Pipeline->Illuminate/Pipeline/{closure}(Object(Illuminate/Http/Request))
#12 D:/Alyasheiee/backend/vendor/laravel/framework/src/Illuminate/Routing/Router.php(807): Illuminate/Pipeline/Pipeline->then(Object(Closure))
#13 D:/Alyasheiee/backend/vendor/laravel/framework/src/Illuminate/Routing/Router.php(786): Illuminate/Routing/Router->runRouteWithinStack(Object(Illuminate/Routing/Route), Object(Illuminate/Http/Request))
#14 D:/Alyasheiee/backend/vendor/laravel/framework/src/Illuminate/Routing/Router.php(750): Illuminate/Routing/Router->runRoute(Object(Illuminate/Http/Request), Object(Illuminate/Routing/Route))
#15 D:/Alyasheiee/backend/vendor/laravel/framework/src/Illuminate/Routing/Router.php(739): Illuminate/Routing/Router->dispatchToRoute(Object(Illuminate/Http/Request))
#16 D:/Alyasheiee/backend/vendor/laravel/framework/src/Illuminate/Foundation/Http/Kernel.php(201): Illuminate/Routing/Router->dispatch(Object(Illuminate/Http/Request))
#17 D:/Alyasheiee/backend/vendor/laravel/framework/src/Illuminate/Pipeline/Pipeline.php(170): Illuminate/Foundation/Http/Kernel->Illuminate/Foundation/Http/{closure}(Object(Illuminate/Http/Request))
#18 D:/Alyasheiee/backend/vendor/laravel/framework/src/Illuminate/Foundation/Http/Middleware/TransformsRequest.php(21): Illuminate/Pipeline/Pipeline->Illuminate/Pipeline/{closure}(Object(Illuminate/Http/Request))
#19 D:/Alyasheiee/backend/vendor/laravel/framework/src/Illuminate/Foundation/Http/Middleware/ConvertEmptyStringsToNull.php(31): Illuminate/Foundation/Http/Middleware/TransformsRequest->handle(Object(Illuminate/Http/Request), Object(Closure))
#20 D:/Alyasheiee/backend/vendor/laravel/framework/src/Illuminate/Pipeline/Pipeline.php(209): Illuminate/Foundation/Http/Middleware/ConvertEmptyStringsToNull->handle(Object(Illuminate/Http/Request), Object(Closure))
#21 D:/Alyasheiee/backend/vendor/laravel/framework/src/Illuminate/Foundation/Http/Middleware/TransformsRequest.php(21): Illuminate/Pipeline/Pipeline->Illuminate/Pipeline/{closure}(Object(Illuminate/Http/Request))
#22 D:/Alyasheiee/backend/vendor/laravel/framework/src/Illuminate/Foundation/Http/Middleware/TrimStrings.php(51): Illuminate/Foundation/Http/Middleware/TransformsRequest->handle(Object(Illuminate/Http/Request), Object(Closure))
#23 D:/Alyasheiee/backend/vendor/laravel/framework/src/Illuminate/Pipeline/Pipeline.php(209): Illuminate/Foundation/Http/Middleware/TrimStrings->handle(Object(Illuminate/Http/Request), Object(Closure))
#24 D:/Alyasheiee/backend/vendor/laravel/framework/src/Illuminate/Http/Middleware/ValidatePostSize.php(27): Illuminate/Pipeline/Pipeline->Illuminate/Pipeline/{closure}(Object(Illuminate/Http/Request))
#25 D:/Alyasheiee/backend/vendor/laravel/framework/src/Illuminate/Pipeline/Pipeline.php(209): Illuminate/Http/Middleware/ValidatePostSize->handle(Object(Illuminate/Http/Request), Object(Closure))
#26 D:/Alyasheiee/backend/vendor/laravel/framework/src/Illuminate/Foundation/Http/Middleware/PreventRequestsDuringMaintenance.php(110): Illuminate/Pipeline/Pipeline->Illuminate/Pipeline/{closure}(Object(Illuminate/Http/Request))
#27 D:/Alyasheiee/backend/vendor/laravel/framework/src/Illuminate/Pipeline/Pipeline.php(209): Illuminate/Foundation/Http/Middleware/PreventRequestsDuringMaintenance->handle(Object(Illuminate/Http/Request), Object(Closure))
#28 D:/Alyasheiee/backend/vendor/laravel/framework/src/Illuminate/Http/Middleware/HandleCors.php(62): Illuminate/Pipeline/Pipeline->Illuminate/Pipeline/{closure}(Object(Illuminate/Http/Request))
#29 D:/Alyasheiee/backend/vendor/laravel/framework/src/Illuminate/Pipeline/Pipeline.php(209): Illuminate/Http/Middleware/HandleCors->handle(Object(Illuminate/Http/Request), Object(Closure))
#30 D:/Alyasheiee/backend/vendor/laravel/framework/src/Illuminate/Http/Middleware/TrustProxies.php(58): Illuminate/Pipeline/Pipeline->Illuminate/Pipeline/{closure}(Object(Illuminate/Http/Request))
#31 D:/Alyasheiee/backend/vendor/laravel/framework/src/Illuminate/Pipeline/Pipeline.php(209): Illuminate/Http/Middleware/TrustProxies->handle(Object(Illuminate/Http/Request), Object(Closure))
#32 D:/Alyasheiee/backend/vendor/laravel/framework/src/Illuminate/Foundation/Http/Middleware/InvokeDeferredCallbacks.php(22): Illuminate/Pipeline/Pipeline->Illuminate/Pipeline/{closure}(Object(Illuminate/Http/Request))
#33 D:/Alyasheiee/backend/vendor/laravel/framework/src/Illuminate/Pipeline/Pipeline.php(209): Illuminate/Foundation/Http/Middleware/InvokeDeferredCallbacks->handle(Object(Illuminate/Http/Request), Object(Closure))
#34 D:/Alyasheiee/backend/vendor/laravel/framework/src/Illuminate/Pipeline/Pipeline.php(127): Illuminate/Pipeline/Pipeline->Illuminate/Pipeline/{closure}(Object(Illuminate/Http/Request))
#35 D:/Alyasheiee/backend/vendor/laravel/framework/src/Illuminate/Foundation/Http/Kernel.php(176): Illuminate/Pipeline/Pipeline->then(Object(Closure))
#36 D:/Alyasheiee/backend/vendor/laravel/framework/src/Illuminate/Foundation/Http/Kernel.php(145): Illuminate/Foundation/Http/Kernel->sendRequestThroughRouter(Object(Illuminate/Http/Request))
#37 D:/Alyasheiee/backend/vendor/laravel/framework/src/Illuminate/Foundation/Application.php(1220): Illuminate/Foundation/Http/Kernel->handle(Object(Illuminate/Http/Request))
#38 D:/Alyasheiee/backend/public/index.php(17): Illuminate/Foundation/Application->handleRequest(Object(Illuminate/Http/Request))
#39 D:/Alyasheiee/backend/vendor/laravel/framework/src/Illuminate/Foundation/resources/server.php(23): require_once('D://Alyasheiee//b...')
#40 {main}
"} 
[2026-06-30 03:11:51] local.ERROR: Call to undefined method App\Models\User::createToken() {"exception":"[object] (BadMethodCallException(code: 0): Call to undefined method App\\Models\\User::createToken() at D:/Alyasheiee/backend/vendor/laravel/framework/src/Illuminate/Support/Traits/ForwardsCalls.php:67)
[stacktrace]
#0 D:/Alyasheiee/backend/vendor/laravel/framework/src/Illuminate/Support/Traits/ForwardsCalls.php(36): Illuminate/Database/Eloquent/Model::throwBadMethodCallException('createToken')
#1 D:/Alyasheiee/backend/vendor/laravel/framework/src/Illuminate/Database/Eloquent/Model.php(2372): Illuminate/Database/Eloquent/Model->forwardCallTo(Object(Illuminate/Database/Eloquent/Builder), 'createToken', Array)
#2 D:/Alyasheiee/backend/app/Modules/Auth/Controllers/AuthController.php(30): Illuminate/Database/Eloquent/Model->__call('createToken', Array)
#3 D:/Alyasheiee/backend/vendor/laravel/framework/src/Illuminate/Routing/Controller.php(54): App/Modules/Auth/Controllers/AuthController->login(Object(Illuminate/Http/Request))
#4 D:/Alyasheiee/backend/vendor/laravel/framework/src/Illuminate/Routing/ControllerDispatcher.php(44): Illuminate/Routing/Controller->callAction('login', Array)
#5 D:/Alyasheiee/backend/vendor/laravel/framework/src/Illuminate/Routing/Route.php(266): Illuminate/Routing/ControllerDispatcher->dispatch(Object(Illuminate/Routing/Route), Object(App/Modules/Auth/Controllers/AuthController), 'login')
#6 D:/Alyasheiee/backend/vendor/laravel/framework/src/Illuminate/Routing/Route.php(212): Illuminate/Routing/Route->runController()
#7 D:/Alyasheiee/backend/vendor/laravel/framework/src/Illuminate/Routing/Router.php(808): Illuminate/Routing/Route->run()
#8 D:/Alyasheiee/backend/vendor/laravel/framework/src/Illuminate/Pipeline/Pipeline.php(170): Illuminate/Routing/Router->Illuminate/Routing/{closure}(Object(Illuminate/Http/Request))
#9 D:/Alyasheiee/backend/vendor/laravel/framework/src/Illuminate/Routing/Middleware/SubstituteBindings.php(51): Illuminate/Pipeline/Pipeline->Illuminate/Pipeline/{closure}(Object(Illuminate/Http/Request))
#10 D:/Alyasheiee/backend/vendor/laravel/framework/src/Illuminate/Pipeline/Pipeline.php(209): Illuminate/Routing/Middleware/SubstituteBindings->handle(Object(Illuminate/Http/Request), Object(Closure))
#11 D:/Alyasheiee/backend/vendor/laravel/framework/src/Illuminate/Pipeline/Pipeline.php(127): Illuminate/Pipeline/Pipeline->Illuminate/Pipeline/{closure}(Object(Illuminate/Http/Request))
#12 D:/Alyasheiee/backend/vendor/laravel/framework/src/Illuminate/Routing/Router.php(807): Illuminate/Pipeline/Pipeline->then(Object(Closure))
#13 D:/Alyasheiee/backend/vendor/laravel/framework/src/Illuminate/Routing/Router.php(786): Illuminate/Routing/Router->runRouteWithinStack(Object(Illuminate/Routing/Route), Object(Illuminate/Http/Request))
#14 D:/Alyasheiee/backend/vendor/laravel/framework/src/Illuminate/Routing/Router.php(750): Illuminate/Routing/Router->runRoute(Object(Illuminate/Http/Request), Object(Illuminate/Routing/Route))
#15 D:/Alyasheiee/backend/vendor/laravel/framework/src/Illuminate/Routing/Router.php(739): Illuminate/Routing/Router->dispatchToRoute(Object(Illuminate/Http/Request))
#16 D:/Alyasheiee/backend/vendor/laravel/framework/src/Illuminate/Foundation/Http/Kernel.php(201): Illuminate/Routing/Router->dispatch(Object(Illuminate/Http/Request))
#17 D:/Alyasheiee/backend/vendor/laravel/framework/src/Illuminate/Pipeline/Pipeline.php(170): Illuminate/Foundation/Http/Kernel->Illuminate/Foundation/Http/{closure}(Object(Illuminate/Http/Request))
#18 D:/Alyasheiee/backend/vendor/laravel/framework/src/Illuminate/Foundation/Http/Middleware/TransformsRequest.php(21): Illuminate/Pipeline/Pipeline->Illuminate/Pipeline/{closure}(Object(Illuminate/Http/Request))
#19 D:/Alyasheiee/backend/vendor/laravel/framework/src/Illuminate/Foundation/Http/Middleware/ConvertEmptyStringsToNull.php(31): Illuminate/Foundation/Http/Middleware/TransformsRequest->handle(Object(Illuminate/Http/Request), Object(Closure))
#20 D:/Alyasheiee/backend/vendor/laravel/framework/src/Illuminate/Pipeline/Pipeline.php(209): Illuminate/Foundation/Http/Middleware/ConvertEmptyStringsToNull->handle(Object(Illuminate/Http/Request), Object(Closure))
#21 D:/Alyasheiee/backend/vendor/laravel/framework/src/Illuminate/Foundation/Http/Middleware/TransformsRequest.php(21): Illuminate/Pipeline/Pipeline->Illuminate/Pipeline/{closure}(Object(Illuminate/Http/Request))
#22 D:/Alyasheiee/backend/vendor/laravel/framework/src/Illuminate/Foundation/Http/Middleware/TrimStrings.php(51): Illuminate/Foundation/Http/Middleware/TransformsRequest->handle(Object(Illuminate/Http/Request), Object(Closure))
#23 D:/Alyasheiee/backend/vendor/laravel/framework/src/Illuminate/Pipeline/Pipeline.php(209): Illuminate/Foundation/Http/Middleware/TrimStrings->handle(Object(Illuminate/Http/Request), Object(Closure))
#24 D:/Alyasheiee/backend/vendor/laravel/framework/src/Illuminate/Http/Middleware/ValidatePostSize.php(27): Illuminate/Pipeline/Pipeline->Illuminate/Pipeline/{closure}(Object(Illuminate/Http/Request))
#25 D:/Alyasheiee/backend/vendor/laravel/framework/src/Illuminate/Pipeline/Pipeline.php(209): Illuminate/Http/Middleware/ValidatePostSize->handle(Object(Illuminate/Http/Request), Object(Closure))
#26 D:/Alyasheiee/backend/vendor/laravel/framework/src/Illuminate/Foundation/Http/Middleware/PreventRequestsDuringMaintenance.php(110): Illuminate/Pipeline/Pipeline->Illuminate/Pipeline/{closure}(Object(Illuminate/Http/Request))
#27 D:/Alyasheiee/backend/vendor/laravel/framework/src/Illuminate/Pipeline/Pipeline.php(209): Illuminate/Foundation/Http/Middleware/PreventRequestsDuringMaintenance->handle(Object(Illuminate/Http/Request), Object(Closure))
#28 D:/Alyasheiee/backend/vendor/laravel/framework/src/Illuminate/Http/Middleware/HandleCors.php(62): Illuminate/Pipeline/Pipeline->Illuminate/Pipeline/{closure}(Object(Illuminate/Http/Request))
#29 D:/Alyasheiee/backend/vendor/laravel/framework/src/Illuminate/Pipeline/Pipeline.php(209): Illuminate/Http/Middleware/HandleCors->handle(Object(Illuminate/Http/Request), Object(Closure))
#30 D:/Alyasheiee/backend/vendor/laravel/framework/src/Illuminate/Http/Middleware/TrustProxies.php(58): Illuminate/Pipeline/Pipeline->Illuminate/Pipeline/{closure}(Object(Illuminate/Http/Request))
#31 D:/Alyasheiee/backend/vendor/laravel/framework/src/Illuminate/Pipeline/Pipeline.php(209): Illuminate/Http/Middleware/TrustProxies->handle(Object(Illuminate/Http/Request), Object(Closure))
#32 D:/Alyasheiee/backend/vendor/laravel/framework/src/Illuminate/Foundation/Http/Middleware/InvokeDeferredCallbacks.php(22): Illuminate/Pipeline/Pipeline->Illuminate/Pipeline/{closure}(Object(Illuminate/Http/Request))
#33 D:/Alyasheiee/backend/vendor/laravel/framework/src/Illuminate/Pipeline/Pipeline.php(209): Illuminate/Foundation/Http/Middleware/InvokeDeferredCallbacks->handle(Object(Illuminate/Http/Request), Object(Closure))
#34 D:/Alyasheiee/backend/vendor/laravel/framework/src/Illuminate/Pipeline/Pipeline.php(127): Illuminate/Pipeline/Pipeline->Illuminate/Pipeline/{closure}(Object(Illuminate/Http/Request))
#35 D:/Alyasheiee/backend/vendor/laravel/framework/src/Illuminate/Foundation/Http/Kernel.php(176): Illuminate/Pipeline/Pipeline->then(Object(Closure))
#36 D:/Alyasheiee/backend/vendor/laravel/framework/src/Illuminate/Foundation/Http/Kernel.php(145): Illuminate/Foundation/Http/Kernel->sendRequestThroughRouter(Object(Illuminate/Http/Request))
#37 D:/Alyasheiee/backend/vendor/laravel/framework/src/Illuminate/Foundation/Application.php(1220): Illuminate/Foundation/Http/Kernel->handle(Object(Illuminate/Http/Request))
#38 D:/Alyasheiee/backend/public/index.php(17): Illuminate/Foundation/Application->handleRequest(Object(Illuminate/Http/Request))
#39 D:/Alyasheiee/backend/vendor/laravel/framework/src/Illuminate/Foundation/resources/server.php(23): require_once('D://Alyasheiee//b...')
#40 {main}
"} 
[2026-06-30 03:12:40] local.ERROR: Call to undefined method App\Models\User::createToken() {"exception":"[object] (BadMethodCallException(code: 0): Call to undefined method App\\Models\\User::createToken() at D:/Alyasheiee/backend/vendor/laravel/framework/src/Illuminate/Support/Traits/ForwardsCalls.php:67)
[stacktrace]
#0 D:/Alyasheiee/backend/vendor/laravel/framework/src/Illuminate/Support/Traits/ForwardsCalls.php(36): Illuminate/Database/Eloquent/Model::throwBadMethodCallException('createToken')
#1 D:/Alyasheiee/backend/vendor/laravel/framework/src/Illuminate/Database/Eloquent/Model.php(2372): Illuminate/Database/Eloquent/Model->forwardCallTo(Object(Illuminate/Database/Eloquent/Builder), 'createToken', Array)
#2 D:/Alyasheiee/backend/app/Modules/Auth/Controllers/AuthController.php(30): Illuminate/Database/Eloquent/Model->__call('createToken', Array)
#3 D:/Alyasheiee/backend/vendor/laravel/framework/src/Illuminate/Routing/Controller.php(54): App/Modules/Auth/Controllers/AuthController->login(Object(Illuminate/Http/Request))
#4 D:/Alyasheiee/backend/vendor/laravel/framework/src/Illuminate/Routing/ControllerDispatcher.php(44): Illuminate/Routing/Controller->callAction('login', Array)
#5 D:/Alyasheiee/backend/vendor/laravel/framework/src/Illuminate/Routing/Route.php(266): Illuminate/Routing/ControllerDispatcher->dispatch(Object(Illuminate/Routing/Route), Object(App/Modules/Auth/Controllers/AuthController), 'login')
#6 D:/Alyasheiee/backend/vendor/laravel/framework/src/Illuminate/Routing/Route.php(212): Illuminate/Routing/Route->runController()
#7 D:/Alyasheiee/backend/vendor/laravel/framework/src/Illuminate/Routing/Router.php(808): Illuminate/Routing/Route->run()
#8 D:/Alyasheiee/backend/vendor/laravel/framework/src/Illuminate/Pipeline/Pipeline.php(170): Illuminate/Routing/Router->Illuminate/Routing/{closure}(Object(Illuminate/Http/Request))
#9 D:/Alyasheiee/backend/vendor/laravel/framework/src/Illuminate/Routing/Middleware/SubstituteBindings.php(51): Illuminate/Pipeline/Pipeline->Illuminate/Pipeline/{closure}(Object(Illuminate/Http/Request))
#10 D:/Alyasheiee/backend/vendor/laravel/framework/src/Illuminate/Pipeline/Pipeline.php(209): Illuminate/Routing/Middleware/SubstituteBindings->handle(Object(Illuminate/Http/Request), Object(Closure))
#11 D:/Alyasheiee/backend/vendor/laravel/framework/src/Illuminate/Pipeline/Pipeline.php(127): Illuminate/Pipeline/Pipeline->Illuminate/Pipeline/{closure}(Object(Illuminate/Http/Request))
#12 D:/Alyasheiee/backend/vendor/laravel/framework/src/Illuminate/Routing/Router.php(807): Illuminate/Pipeline/Pipeline->then(Object(Closure))
#13 D:/Alyasheiee/backend/vendor/laravel/framework/src/Illuminate/Routing/Router.php(786): Illuminate/Routing/Router->runRouteWithinStack(Object(Illuminate/Routing/Route), Object(Illuminate/Http/Request))
#14 D:/Alyasheiee/backend/vendor/laravel/framework/src/Illuminate/Routing/Router.php(750): Illuminate/Routing/Router->runRoute(Object(Illuminate/Http/Request), Object(Illuminate/Routing/Route))
#15 D:/Alyasheiee/backend/vendor/laravel/framework/src/Illuminate/Routing/Router.php(739): Illuminate/Routing/Router->dispatchToRoute(Object(Illuminate/Http/Request))
#16 D:/Alyasheiee/backend/vendor/laravel/framework/src/Illuminate/Foundation/Http/Kernel.php(201): Illuminate/Routing/Router->dispatch(Object(Illuminate/Http/Request))
#17 D:/Alyasheiee/backend/vendor/laravel/framework/src/Illuminate/Pipeline/Pipeline.php(170): Illuminate/Foundation/Http/Kernel->Illuminate/Foundation/Http/{closure}(Object(Illuminate/Http/Request))
#18 D:/Alyasheiee/backend/vendor/laravel/framework/src/Illuminate/Foundation/Http/Middleware/TransformsRequest.php(21): Illuminate/Pipeline/Pipeline->Illuminate/Pipeline/{closure}(Object(Illuminate/Http/Request))
#19 D:/Alyasheiee/backend/vendor/laravel/framework/src/Illuminate/Foundation/Http/Middleware/ConvertEmptyStringsToNull.php(31): Illuminate/Foundation/Http/Middleware/TransformsRequest->handle(Object(Illuminate/Http/Request), Object(Closure))
#20 D:/Alyasheiee/backend/vendor/laravel/framework/src/Illuminate/Pipeline/Pipeline.php(209): Illuminate/Foundation/Http/Middleware/ConvertEmptyStringsToNull->handle(Object(Illuminate/Http/Request), Object(Closure))
#21 D:/Alyasheiee/backend/vendor/laravel/framework/src/Illuminate/Foundation/Http/Middleware/TransformsRequest.php(21): Illuminate/Pipeline/Pipeline->Illuminate/Pipeline/{closure}(Object(Illuminate/Http/Request))
#22 D:/Alyasheiee/backend/vendor/laravel/framework/src/Illuminate/Foundation/Http/Middleware/TrimStrings.php(51): Illuminate/Foundation/Http/Middleware/TransformsRequest->handle(Object(Illuminate/Http/Request), Object(Closure))
#23 D:/Alyasheiee/backend/vendor/laravel/framework/src/Illuminate/Pipeline/Pipeline.php(209): Illuminate/Foundation/Http/Middleware/TrimStrings->handle(Object(Illuminate/Http/Request), Object(Closure))
#24 D:/Alyasheiee/backend/vendor/laravel/framework/src/Illuminate/Http/Middleware/ValidatePostSize.php(27): Illuminate/Pipeline/Pipeline->Illuminate/Pipeline/{closure}(Object(Illuminate/Http/Request))
#25 D:/Alyasheiee/backend/vendor/laravel/framework/src/Illuminate/Pipeline/Pipeline.php(209): Illuminate/Http/Middleware/ValidatePostSize->handle(Object(Illuminate/Http/Request), Object(Closure))
#26 D:/Alyasheiee/backend/vendor/laravel/framework/src/Illuminate/Foundation/Http/Middleware/PreventRequestsDuringMaintenance.php(110): Illuminate/Pipeline/Pipeline->Illuminate/Pipeline/{closure}(Object(Illuminate/Http/Request))
#27 D:/Alyasheiee/backend/vendor/laravel/framework/src/Illuminate/Pipeline/Pipeline.php(209): Illuminate/Foundation/Http/Middleware/PreventRequestsDuringMaintenance->handle(Object(Illuminate/Http/Request), Object(Closure))
#28 D:/Alyasheiee/backend/vendor/laravel/framework/src/Illuminate/Http/Middleware/HandleCors.php(62): Illuminate/Pipeline/Pipeline->Illuminate/Pipeline/{closure}(Object(Illuminate/Http/Request))
#29 D:/Alyasheiee/backend/vendor/laravel/framework/src/Illuminate/Pipeline/Pipeline.php(209): Illuminate/Http/Middleware/HandleCors->handle(Object(Illuminate/Http/Request), Object(Closure))
#30 D:/Alyasheiee/backend/vendor/laravel/framework/src/Illuminate/Http/Middleware/TrustProxies.php(58): Illuminate/Pipeline/Pipeline->Illuminate/Pipeline/{closure}(Object(Illuminate/Http/Request))
#31 D:/Alyasheiee/backend/vendor/laravel/framework/src/Illuminate/Pipeline/Pipeline.php(209): Illuminate/Http/Middleware/TrustProxies->handle(Object(Illuminate/Http/Request), Object(Closure))
#32 D:/Alyasheiee/backend/vendor/laravel/framework/src/Illuminate/Foundation/Http/Middleware/InvokeDeferredCallbacks.php(22): Illuminate/Pipeline/Pipeline->Illuminate/Pipeline/{closure}(Object(Illuminate/Http/Request))
#33 D:/Alyasheiee/backend/vendor/laravel/framework/src/Illuminate/Pipeline/Pipeline.php(209): Illuminate/Foundation/Http/Middleware/InvokeDeferredCallbacks->handle(Object(Illuminate/Http/Request), Object(Closure))
#34 D:/Alyasheiee/backend/vendor/laravel/framework/src/Illuminate/Pipeline/Pipeline.php(127): Illuminate/Pipeline/Pipeline->Illuminate/Pipeline/{closure}(Object(Illuminate/Http/Request))
#35 D:/Alyasheiee/backend/vendor/laravel/framework/src/Illuminate/Foundation/Http/Kernel.php(176): Illuminate/Pipeline/Pipeline->then(Object(Closure))
#36 D:/Alyasheiee/backend/vendor/laravel/framework/src/Illuminate/Foundation/Http/Kernel.php(145): Illuminate/Foundation/Http/Kernel->sendRequestThroughRouter(Object(Illuminate/Http/Request))
#37 D:/Alyasheiee/backend/vendor/laravel/framework/src/Illuminate/Foundation/Application.php(1220): Illuminate/Foundation/Http/Kernel->handle(Object(Illuminate/Http/Request))
#38 D:/Alyasheiee/backend/public/index.php(17): Illuminate/Foundation/Application->handleRequest(Object(Illuminate/Http/Request))
#39 D:/Alyasheiee/backend/vendor/laravel/framework/src/Illuminate/Foundation/resources/server.php(23): require_once('D://Alyasheiee//b...')
#40 {main}
"} 
[2026-06-30 03:13:14] local.ERROR: Trait "Laravel\Sanctum\HasApiTokens" not found {"exception":"[object] (Symfony\\Component\\ErrorHandler\\Error\\FatalError(code: 0): Trait \"Laravel\\Sanctum\\HasApiTokens\" not found at D:/Alyasheiee/backend/app/Models/User.php:11)
[stacktrace]
#0 {main}
"} 
[2026-06-30 03:13:16] local.ERROR: Trait "Laravel\Sanctum\HasApiTokens" not found {"exception":"[object] (Symfony\\Component\\ErrorHandler\\Error\\FatalError(code: 0): Trait \"Laravel\\Sanctum\\HasApiTokens\" not found at D:/Alyasheiee/backend/app/Models/User.php:11)
[stacktrace]
#0 {main}
"} 
[2026-06-30 03:13:18] local.ERROR: Trait "Laravel\Sanctum\HasApiTokens" not found {"exception":"[object] (Symfony\\Component\\ErrorHandler\\Error\\FatalError(code: 0): Trait \"Laravel\\Sanctum\\HasApiTokens\" not found at D:/Alyasheiee/backend/app/Models/User.php:11)
[stacktrace]
#0 {main}
"} 
[2026-06-30 03:13:20] local.ERROR: Trait "Laravel\Sanctum\HasApiTokens" not found {"exception":"[object] (Symfony\\Component\\ErrorHandler\\Error\\FatalError(code: 0): Trait \"Laravel\\Sanctum\\HasApiTokens\" not found at D:/Alyasheiee/backend/app/Models/User.php:11)
[stacktrace]
#0 {main}
"} 
[2026-06-30 15:58:34] local.ERROR: Class "App\Modules\ProjectManagement\Requests\StoreProjectRequest" does not exist {"userId":1,"exception":"[object] (ReflectionException(code: -1): Class \"App\\Modules\\ProjectManagement\\Requests\\StoreProjectRequest\" does not exist at D:/Alyasheiee/backend/vendor/laravel/framework/src/Illuminate/Routing/ResolvesRouteDependencies.php:88)
[stacktrace]
#0 D:/Alyasheiee/backend/vendor/laravel/framework/src/Illuminate/Routing/ResolvesRouteDependencies.php(88): ReflectionClass->__construct('App//Modules//Pro...')
#1 D:/Alyasheiee/backend/vendor/laravel/framework/src/Illuminate/Routing/ResolvesRouteDependencies.php(51): Illuminate/Routing/ControllerDispatcher->transformDependency(Object(ReflectionParameter), Array, Object(stdClass))
#2 D:/Alyasheiee/backend/vendor/laravel/framework/src/Illuminate/Routing/ResolvesRouteDependencies.php(30): Illuminate/Routing/ControllerDispatcher->resolveMethodDependencies(Array, Object(ReflectionMethod))
#3 D:/Alyasheiee/backend/vendor/laravel/framework/src/Illuminate/Routing/ControllerDispatcher.php(60): Illuminate/Routing/ControllerDispatcher->resolveClassMethodDependencies(Array, Object(App/Modules/ProjectManagement/Controllers/ProjectController), 'store')
#4 D:/Alyasheiee/backend/vendor/laravel/framework/src/Illuminate/Routing/ControllerDispatcher.php(41): Illuminate/Routing/ControllerDispatcher->resolveParameters(Object(Illuminate/Routing/Route), Object(App/Modules/ProjectManagement/Controllers/ProjectController), 'store')
#5 D:/Alyasheiee/backend/vendor/laravel/framework/src/Illuminate/Routing/Route.php(266): Illuminate/Routing/ControllerDispatcher->dispatch(Object(Illuminate/Routing/Route), Object(App/Modules/ProjectManagement/Controllers/ProjectController), 'store')
#6 D:/Alyasheiee/backend/vendor/laravel/framework/src/Illuminate/Routing/Route.php(212): Illuminate/Routing/Route->runController()
#7 D:/Alyasheiee/backend/vendor/laravel/framework/src/Illuminate/Routing/Router.php(808): Illuminate/Routing/Route->run()
#8 D:/Alyasheiee/backend/vendor/laravel/framework/src/Illuminate/Pipeline/Pipeline.php(170): Illuminate/Routing/Router->Illuminate/Routing/{closure}(Object(Illuminate/Http/Request))
#9 D:/Alyasheiee/backend/vendor/laravel/framework/src/Illuminate/Routing/Middleware/SubstituteBindings.php(51): Illuminate/Pipeline/Pipeline->Illuminate/Pipeline/{closure}(Object(Illuminate/Http/Request))
#10 D:/Alyasheiee/backend/vendor/laravel/framework/src/Illuminate/Pipeline/Pipeline.php(209): Illuminate/Routing/Middleware/SubstituteBindings->handle(Object(Illuminate/Http/Request), Object(Closure))
#11 D:/Alyasheiee/backend/vendor/laravel/framework/src/Illuminate/Auth/Middleware/Authenticate.php(64): Illuminate/Pipeline/Pipeline->Illuminate/Pipeline/{closure}(Object(Illuminate/Http/Request))
#12 D:/Alyasheiee/backend/vendor/laravel/framework/src/Illuminate/Pipeline/Pipeline.php(209): Illuminate/Auth/Middleware/Authenticate->handle(Object(Illuminate/Http/Request), Object(Closure), 'sanctum')
#13 D:/Alyasheiee/backend/vendor/laravel/framework/src/Illuminate/Pipeline/Pipeline.php(127): Illuminate/Pipeline/Pipeline->Illuminate/Pipeline/{closure}(Object(Illuminate/Http/Request))
#14 D:/Alyasheiee/backend/vendor/laravel/framework/src/Illuminate/Routing/Router.php(807): Illuminate/Pipeline/Pipeline->then(Object(Closure))
#15 D:/Alyasheiee/backend/vendor/laravel/framework/src/Illuminate/Routing/Router.php(786): Illuminate/Routing/Router->runRouteWithinStack(Object(Illuminate/Routing/Route), Object(Illuminate/Http/Request))
#16 D:/Alyasheiee/backend/vendor/laravel/framework/src/Illuminate/Routing/Router.php(750): Illuminate/Routing/Router->runRoute(Object(Illuminate/Http/Request), Object(Illuminate/Routing/Route))
#17 D:/Alyasheiee/backend/vendor/laravel/framework/src/Illuminate/Routing/Router.php(739): Illuminate/Routing/Router->dispatchToRoute(Object(Illuminate/Http/Request))
#18 D:/Alyasheiee/backend/vendor/laravel/framework/src/Illuminate/Foundation/Http/Kernel.php(201): Illuminate/Routing/Router->dispatch(Object(Illuminate/Http/Request))
#19 D:/Alyasheiee/backend/vendor/laravel/framework/src/Illuminate/Pipeline/Pipeline.php(170): Illuminate/Foundation/Http/Kernel->Illuminate/Foundation/Http/{closure}(Object(Illuminate/Http/Request))
#20 D:/Alyasheiee/backend/vendor/laravel/framework/src/Illuminate/Foundation/Http/Middleware/TransformsRequest.php(21): Illuminate/Pipeline/Pipeline->Illuminate/Pipeline/{closure}(Object(Illuminate/Http/Request))
#21 D:/Alyasheiee/backend/vendor/laravel/framework/src/Illuminate/Foundation/Http/Middleware/ConvertEmptyStringsToNull.php(31): Illuminate/Foundation/Http/Middleware/TransformsRequest->handle(Object(Illuminate/Http/Request), Object(Closure))
#22 D:/Alyasheiee/backend/vendor/laravel/framework/src/Illuminate/Pipeline/Pipeline.php(209): Illuminate/Foundation/Http/Middleware/ConvertEmptyStringsToNull->handle(Object(Illuminate/Http/Request), Object(Closure))
#23 D:/Alyasheiee/backend/vendor/laravel/framework/src/Illuminate/Foundation/Http/Middleware/TransformsRequest.php(21): Illuminate/Pipeline/Pipeline->Illuminate/Pipeline/{closure}(Object(Illuminate/Http/Request))
#24 D:/Alyasheiee/backend/vendor/laravel/framework/src/Illuminate/Foundation/Http/Middleware/TrimStrings.php(51): Illuminate/Foundation/Http/Middleware/TransformsRequest->handle(Object(Illuminate/Http/Request), Object(Closure))
#25 D:/Alyasheiee/backend/vendor/laravel/framework/src/Illuminate/Pipeline/Pipeline.php(209): Illuminate/Foundation/Http/Middleware/TrimStrings->handle(Object(Illuminate/Http/Request), Object(Closure))
#26 D:/Alyasheiee/backend/vendor/laravel/framework/src/Illuminate/Http/Middleware/ValidatePostSize.php(27): Illuminate/Pipeline/Pipeline->Illuminate/Pipeline/{closure}(Object(Illuminate/Http/Request))
#27 D:/Alyasheiee/backend/vendor/laravel/framework/src/Illuminate/Pipeline/Pipeline.php(209): Illuminate/Http/Middleware/ValidatePostSize->handle(Object(Illuminate/Http/Request), Object(Closure))
#28 D:/Alyasheiee/backend/vendor/laravel/framework/src/Illuminate/Foundation/Http/Middleware/PreventRequestsDuringMaintenance.php(110): Illuminate/Pipeline/Pipeline->Illuminate/Pipeline/{closure}(Object(Illuminate/Http/Request))
#29 D:/Alyasheiee/backend/vendor/laravel/framework/src/Illuminate/Pipeline/Pipeline.php(209): Illuminate/Foundation/Http/Middleware/PreventRequestsDuringMaintenance->handle(Object(Illuminate/Http/Request), Object(Closure))
#30 D:/Alyasheiee/backend/vendor/laravel/framework/src/Illuminate/Http/Middleware/HandleCors.php(62): Illuminate/Pipeline/Pipeline->Illuminate/Pipeline/{closure}(Object(Illuminate/Http/Request))
#31 D:/Alyasheiee/backend/vendor/laravel/framework/src/Illuminate/Pipeline/Pipeline.php(209): Illuminate/Http/Middleware/HandleCors->handle(Object(Illuminate/Http/Request), Object(Closure))
#32 D:/Alyasheiee/backend/vendor/laravel/framework/src/Illuminate/Http/Middleware/TrustProxies.php(58): Illuminate/Pipeline/Pipeline->Illuminate/Pipeline/{closure}(Object(Illuminate/Http/Request))
#33 D:/Alyasheiee/backend/vendor/laravel/framework/src/Illuminate/Pipeline/Pipeline.php(209): Illuminate/Http/Middleware/TrustProxies->handle(Object(Illuminate/Http/Request), Object(Closure))
#34 D:/Alyasheiee/backend/vendor/laravel/framework/src/Illuminate/Foundation/Http/Middleware/InvokeDeferredCallbacks.php(22): Illuminate/Pipeline/Pipeline->Illuminate/Pipeline/{closure}(Object(Illuminate/Http/Request))
#35 D:/Alyasheiee/backend/vendor/laravel/framework/src/Illuminate/Pipeline/Pipeline.php(209): Illuminate/Foundation/Http/Middleware/InvokeDeferredCallbacks->handle(Object(Illuminate/Http/Request), Object(Closure))
#36 D:/Alyasheiee/backend/vendor/laravel/framework/src/Illuminate/Pipeline/Pipeline.php(127): Illuminate/Pipeline/Pipeline->Illuminate/Pipeline/{closure}(Object(Illuminate/Http/Request))
#37 D:/Alyasheiee/backend/vendor/laravel/framework/src/Illuminate/Foundation/Http/Kernel.php(176): Illuminate/Pipeline/Pipeline->then(Object(Closure))
#38 D:/Alyasheiee/backend/vendor/laravel/framework/src/Illuminate/Foundation/Http/Kernel.php(145): Illuminate/Foundation/Http/Kernel->sendRequestThroughRouter(Object(Illuminate/Http/Request))
#39 D:/Alyasheiee/backend/vendor/laravel/framework/src/Illuminate/Foundation/Application.php(1220): Illuminate/Foundation/Http/Kernel->handle(Object(Illuminate/Http/Request))
#40 D:/Alyasheiee/backend/public/index.php(17): Illuminate/Foundation/Application->handleRequest(Object(Illuminate/Http/Request))
#41 D:/Alyasheiee/backend/vendor/laravel/framework/src/Illuminate/Foundation/resources/server.php(23): require_once('D://Alyasheiee//b...')
#42 {main}
"} 
[2026-06-30 16:00:43] local.ERROR: Class "App\Modules\ProjectManagement\Requests\StoreProjectRequest" does not exist {"userId":1,"exception":"[object] (ReflectionException(code: -1): Class \"App\\Modules\\ProjectManagement\\Requests\\StoreProjectRequest\" does not exist at D:/Alyasheiee/backend/vendor/laravel/framework/src/Illuminate/Routing/ResolvesRouteDependencies.php:88)
[stacktrace]
#0 D:/Alyasheiee/backend/vendor/laravel/framework/src/Illuminate/Routing/ResolvesRouteDependencies.php(88): ReflectionClass->__construct('App//Modules//Pro...')
#1 D:/Alyasheiee/backend/vendor/laravel/framework/src/Illuminate/Routing/ResolvesRouteDependencies.php(51): Illuminate/Routing/ControllerDispatcher->transformDependency(Object(ReflectionParameter), Array, Object(stdClass))
#2 D:/Alyasheiee/backend/vendor/laravel/framework/src/Illuminate/Routing/ResolvesRouteDependencies.php(30): Illuminate/Routing/ControllerDispatcher->resolveMethodDependencies(Array, Object(ReflectionMethod))
#3 D:/Alyasheiee/backend/vendor/laravel/framework/src/Illuminate/Routing/ControllerDispatcher.php(60): Illuminate/Routing/ControllerDispatcher->resolveClassMethodDependencies(Array, Object(App/Modules/ProjectManagement/Controllers/ProjectController), 'store')
#4 D:/Alyasheiee/backend/vendor/laravel/framework/src/Illuminate/Routing/ControllerDispatcher.php(41): Illuminate/Routing/ControllerDispatcher->resolveParameters(Object(Illuminate/Routing/Route), Object(App/Modules/ProjectManagement/Controllers/ProjectController), 'store')
#5 D:/Alyasheiee/backend/vendor/laravel/framework/src/Illuminate/Routing/Route.php(266): Illuminate/Routing/ControllerDispatcher->dispatch(Object(Illuminate/Routing/Route), Object(App/Modules/ProjectManagement/Controllers/ProjectController), 'store')
#6 D:/Alyasheiee/backend/vendor/laravel/framework/src/Illuminate/Routing/Route.php(212): Illuminate/Routing/Route->runController()
#7 D:/Alyasheiee/backend/vendor/laravel/framework/src/Illuminate/Routing/Router.php(808): Illuminate/Routing/Route->run()
#8 D:/Alyasheiee/backend/vendor/laravel/framework/src/Illuminate/Pipeline/Pipeline.php(170): Illuminate/Routing/Router->Illuminate/Routing/{closure}(Object(Illuminate/Http/Request))
#9 D:/Alyasheiee/backend/vendor/laravel/framework/src/Illuminate/Routing/Middleware/SubstituteBindings.php(51): Illuminate/Pipeline/Pipeline->Illuminate/Pipeline/{closure}(Object(Illuminate/Http/Request))
#10 D:/Alyasheiee/backend/vendor/laravel/framework/src/Illuminate/Pipeline/Pipeline.php(209): Illuminate/Routing/Middleware/SubstituteBindings->handle(Object(Illuminate/Http/Request), Object(Closure))
#11 D:/Alyasheiee/backend/vendor/laravel/framework/src/Illuminate/Auth/Middleware/Authenticate.php(64): Illuminate/Pipeline/Pipeline->Illuminate/Pipeline/{closure}(Object(Illuminate/Http/Request))
#12 D:/Alyasheiee/backend/vendor/laravel/framework/src/Illuminate/Pipeline/Pipeline.php(209): Illuminate/Auth/Middleware/Authenticate->handle(Object(Illuminate/Http/Request), Object(Closure), 'sanctum')
#13 D:/Alyasheiee/backend/vendor/laravel/framework/src/Illuminate/Pipeline/Pipeline.php(127): Illuminate/Pipeline/Pipeline->Illuminate/Pipeline/{closure}(Object(Illuminate/Http/Request))
#14 D:/Alyasheiee/backend/vendor/laravel/framework/src/Illuminate/Routing/Router.php(807): Illuminate/Pipeline/Pipeline->then(Object(Closure))
#15 D:/Alyasheiee/backend/vendor/laravel/framework/src/Illuminate/Routing/Router.php(786): Illuminate/Routing/Router->runRouteWithinStack(Object(Illuminate/Routing/Route), Object(Illuminate/Http/Request))
#16 D:/Alyasheiee/backend/vendor/laravel/framework/src/Illuminate/Routing/Router.php(750): Illuminate/Routing/Router->runRoute(Object(Illuminate/Http/Request), Object(Illuminate/Routing/Route))
#17 D:/Alyasheiee/backend/vendor/laravel/framework/src/Illuminate/Routing/Router.php(739): Illuminate/Routing/Router->dispatchToRoute(Object(Illuminate/Http/Request))
#18 D:/Alyasheiee/backend/vendor/laravel/framework/src/Illuminate/Foundation/Http/Kernel.php(201): Illuminate/Routing/Router->dispatch(Object(Illuminate/Http/Request))
#19 D:/Alyasheiee/backend/vendor/laravel/framework/src/Illuminate/Pipeline/Pipeline.php(170): Illuminate/Foundation/Http/Kernel->Illuminate/Foundation/Http/{closure}(Object(Illuminate/Http/Request))
#20 D:/Alyasheiee/backend/vendor/laravel/framework/src/Illuminate/Foundation/Http/Middleware/TransformsRequest.php(21): Illuminate/Pipeline/Pipeline->Illuminate/Pipeline/{closure}(Object(Illuminate/Http/Request))
#21 D:/Alyasheiee/backend/vendor/laravel/framework/src/Illuminate/Foundation/Http/Middleware/ConvertEmptyStringsToNull.php(31): Illuminate/Foundation/Http/Middleware/TransformsRequest->handle(Object(Illuminate/Http/Request), Object(Closure))
#22 D:/Alyasheiee/backend/vendor/laravel/framework/src/Illuminate/Pipeline/Pipeline.php(209): Illuminate/Foundation/Http/Middleware/ConvertEmptyStringsToNull->handle(Object(Illuminate/Http/Request), Object(Closure))
#23 D:/Alyasheiee/backend/vendor/laravel/framework/src/Illuminate/Foundation/Http/Middleware/TransformsRequest.php(21): Illuminate/Pipeline/Pipeline->Illuminate/Pipeline/{closure}(Object(Illuminate/Http/Request))
#24 D:/Alyasheiee/backend/vendor/laravel/framework/src/Illuminate/Foundation/Http/Middleware/TrimStrings.php(51): Illuminate/Foundation/Http/Middleware/TransformsRequest->handle(Object(Illuminate/Http/Request), Object(Closure))
#25 D:/Alyasheiee/backend/vendor/laravel/framework/src/Illuminate/Pipeline/Pipeline.php(209): Illuminate/Foundation/Http/Middleware/TrimStrings->handle(Object(Illuminate/Http/Request), Object(Closure))
#26 D:/Alyasheiee/backend/vendor/laravel/framework/src/Illuminate/Http/Middleware/ValidatePostSize.php(27): Illuminate/Pipeline/Pipeline->Illuminate/Pipeline/{closure}(Object(Illuminate/Http/Request))
#27 D:/Alyasheiee/backend/vendor/laravel/framework/src/Illuminate/Pipeline/Pipeline.php(209): Illuminate/Http/Middleware/ValidatePostSize->handle(Object(Illuminate/Http/Request), Object(Closure))
#28 D:/Alyasheiee/backend/vendor/laravel/framework/src/Illuminate/Foundation/Http/Middleware/PreventRequestsDuringMaintenance.php(110): Illuminate/Pipeline/Pipeline->Illuminate/Pipeline/{closure}(Object(Illuminate/Http/Request))
#29 D:/Alyasheiee/backend/vendor/laravel/framework/src/Illuminate/Pipeline/Pipeline.php(209): Illuminate/Foundation/Http/Middleware/PreventRequestsDuringMaintenance->handle(Object(Illuminate/Http/Request), Object(Closure))
#30 D:/Alyasheiee/backend/vendor/laravel/framework/src/Illuminate/Http/Middleware/HandleCors.php(62): Illuminate/Pipeline/Pipeline->Illuminate/Pipeline/{closure}(Object(Illuminate/Http/Request))
#31 D:/Alyasheiee/backend/vendor/laravel/framework/src/Illuminate/Pipeline/Pipeline.php(209): Illuminate/Http/Middleware/HandleCors->handle(Object(Illuminate/Http/Request), Object(Closure))
#32 D:/Alyasheiee/backend/vendor/laravel/framework/src/Illuminate/Http/Middleware/TrustProxies.php(58): Illuminate/Pipeline/Pipeline->Illuminate/Pipeline/{closure}(Object(Illuminate/Http/Request))
#33 D:/Alyasheiee/backend/vendor/laravel/framework/src/Illuminate/Pipeline/Pipeline.php(209): Illuminate/Http/Middleware/TrustProxies->handle(Object(Illuminate/Http/Request), Object(Closure))
#34 D:/Alyasheiee/backend/vendor/laravel/framework/src/Illuminate/Foundation/Http/Middleware/InvokeDeferredCallbacks.php(22): Illuminate/Pipeline/Pipeline->Illuminate/Pipeline/{closure}(Object(Illuminate/Http/Request))
#35 D:/Alyasheiee/backend/vendor/laravel/framework/src/Illuminate/Pipeline/Pipeline.php(209): Illuminate/Foundation/Http/Middleware/InvokeDeferredCallbacks->handle(Object(Illuminate/Http/Request), Object(Closure))
#36 D:/Alyasheiee/backend/vendor/laravel/framework/src/Illuminate/Pipeline/Pipeline.php(127): Illuminate/Pipeline/Pipeline->Illuminate/Pipeline/{closure}(Object(Illuminate/Http/Request))
#37 D:/Alyasheiee/backend/vendor/laravel/framework/src/Illuminate/Foundation/Http/Kernel.php(176): Illuminate/Pipeline/Pipeline->then(Object(Closure))
#38 D:/Alyasheiee/backend/vendor/laravel/framework/src/Illuminate/Foundation/Http/Kernel.php(145): Illuminate/Foundation/Http/Kernel->sendRequestThroughRouter(Object(Illuminate/Http/Request))
#39 D:/Alyasheiee/backend/vendor/laravel/framework/src/Illuminate/Foundation/Application.php(1220): Illuminate/Foundation/Http/Kernel->handle(Object(Illuminate/Http/Request))
#40 D:/Alyasheiee/backend/public/index.php(17): Illuminate/Foundation/Application->handleRequest(Object(Illuminate/Http/Request))
#41 D:/Alyasheiee/backend/vendor/laravel/framework/src/Illuminate/Foundation/resources/server.php(23): require_once('D://Alyasheiee//b...')
#42 {main}
"} 
[2026-06-30 16:00:51] local.ERROR: Class "App\Modules\ProjectManagement\Requests\StoreProjectRequest" does not exist {"userId":1,"exception":"[object] (ReflectionException(code: -1): Class \"App\\Modules\\ProjectManagement\\Requests\\StoreProjectRequest\" does not exist at D:/Alyasheiee/backend/vendor/laravel/framework/src/Illuminate/Routing/ResolvesRouteDependencies.php:88)
[stacktrace]
#0 D:/Alyasheiee/backend/vendor/laravel/framework/src/Illuminate/Routing/ResolvesRouteDependencies.php(88): ReflectionClass->__construct('App//Modules//Pro...')
#1 D:/Alyasheiee/backend/vendor/laravel/framework/src/Illuminate/Routing/ResolvesRouteDependencies.php(51): Illuminate/Routing/ControllerDispatcher->transformDependency(Object(ReflectionParameter), Array, Object(stdClass))
#2 D:/Alyasheiee/backend/vendor/laravel/framework/src/Illuminate/Routing/ResolvesRouteDependencies.php(30): Illuminate/Routing/ControllerDispatcher->resolveMethodDependencies(Array, Object(ReflectionMethod))
#3 D:/Alyasheiee/backend/vendor/laravel/framework/src/Illuminate/Routing/ControllerDispatcher.php(60): Illuminate/Routing/ControllerDispatcher->resolveClassMethodDependencies(Array, Object(App/Modules/ProjectManagement/Controllers/ProjectController), 'store')
#4 D:/Alyasheiee/backend/vendor/laravel/framework/src/Illuminate/Routing/ControllerDispatcher.php(41): Illuminate/Routing/ControllerDispatcher->resolveParameters(Object(Illuminate/Routing/Route), Object(App/Modules/ProjectManagement/Controllers/ProjectController), 'store')
#5 D:/Alyasheiee/backend/vendor/laravel/framework/src/Illuminate/Routing/Route.php(266): Illuminate/Routing/ControllerDispatcher->dispatch(Object(Illuminate/Routing/Route), Object(App/Modules/ProjectManagement/Controllers/ProjectController), 'store')
#6 D:/Alyasheiee/backend/vendor/laravel/framework/src/Illuminate/Routing/Route.php(212): Illuminate/Routing/Route->runController()
#7 D:/Alyasheiee/backend/vendor/laravel/framework/src/Illuminate/Routing/Router.php(808): Illuminate/Routing/Route->run()
#8 D:/Alyasheiee/backend/vendor/laravel/framework/src/Illuminate/Pipeline/Pipeline.php(170): Illuminate/Routing/Router->Illuminate/Routing/{closure}(Object(Illuminate/Http/Request))
#9 D:/Alyasheiee/backend/vendor/laravel/framework/src/Illuminate/Routing/Middleware/SubstituteBindings.php(51): Illuminate/Pipeline/Pipeline->Illuminate/Pipeline/{closure}(Object(Illuminate/Http/Request))
#10 D:/Alyasheiee/backend/vendor/laravel/framework/src/Illuminate/Pipeline/Pipeline.php(209): Illuminate/Routing/Middleware/SubstituteBindings->handle(Object(Illuminate/Http/Request), Object(Closure))
#11 D:/Alyasheiee/backend/vendor/laravel/framework/src/Illuminate/Auth/Middleware/Authenticate.php(64): Illuminate/Pipeline/Pipeline->Illuminate/Pipeline/{closure}(Object(Illuminate/Http/Request))
#12 D:/Alyasheiee/backend/vendor/laravel/framework/src/Illuminate/Pipeline/Pipeline.php(209): Illuminate/Auth/Middleware/Authenticate->handle(Object(Illuminate/Http/Request), Object(Closure), 'sanctum')
#13 D:/Alyasheiee/backend/vendor/laravel/framework/src/Illuminate/Pipeline/Pipeline.php(127): Illuminate/Pipeline/Pipeline->Illuminate/Pipeline/{closure}(Object(Illuminate/Http/Request))
#14 D:/Alyasheiee/backend/vendor/laravel/framework/src/Illuminate/Routing/Router.php(807): Illuminate/Pipeline/Pipeline->then(Object(Closure))
#15 D:/Alyasheiee/backend/vendor/laravel/framework/src/Illuminate/Routing/Router.php(786): Illuminate/Routing/Router->runRouteWithinStack(Object(Illuminate/Routing/Route), Object(Illuminate/Http/Request))
#16 D:/Alyasheiee/backend/vendor/laravel/framework/src/Illuminate/Routing/Router.php(750): Illuminate/Routing/Router->runRoute(Object(Illuminate/Http/Request), Object(Illuminate/Routing/Route))
#17 D:/Alyasheiee/backend/vendor/laravel/framework/src/Illuminate/Routing/Router.php(739): Illuminate/Routing/Router->dispatchToRoute(Object(Illuminate/Http/Request))
#18 D:/Alyasheiee/backend/vendor/laravel/framework/src/Illuminate/Foundation/Http/Kernel.php(201): Illuminate/Routing/Router->dispatch(Object(Illuminate/Http/Request))
#19 D:/Alyasheiee/backend/vendor/laravel/framework/src/Illuminate/Pipeline/Pipeline.php(170): Illuminate/Foundation/Http/Kernel->Illuminate/Foundation/Http/{closure}(Object(Illuminate/Http/Request))
#20 D:/Alyasheiee/backend/vendor/laravel/framework/src/Illuminate/Foundation/Http/Middleware/TransformsRequest.php(21): Illuminate/Pipeline/Pipeline->Illuminate/Pipeline/{closure}(Object(Illuminate/Http/Request))
#21 D:/Alyasheiee/backend/vendor/laravel/framework/src/Illuminate/Foundation/Http/Middleware/ConvertEmptyStringsToNull.php(31): Illuminate/Foundation/Http/Middleware/TransformsRequest->handle(Object(Illuminate/Http/Request), Object(Closure))
#22 D:/Alyasheiee/backend/vendor/laravel/framework/src/Illuminate/Pipeline/Pipeline.php(209): Illuminate/Foundation/Http/Middleware/ConvertEmptyStringsToNull->handle(Object(Illuminate/Http/Request), Object(Closure))
#23 D:/Alyasheiee/backend/vendor/laravel/framework/src/Illuminate/Foundation/Http/Middleware/TransformsRequest.php(21): Illuminate/Pipeline/Pipeline->Illuminate/Pipeline/{closure}(Object(Illuminate/Http/Request))
#24 D:/Alyasheiee/backend/vendor/laravel/framework/src/Illuminate/Foundation/Http/Middleware/TrimStrings.php(51): Illuminate/Foundation/Http/Middleware/TransformsRequest->handle(Object(Illuminate/Http/Request), Object(Closure))
#25 D:/Alyasheiee/backend/vendor/laravel/framework/src/Illuminate/Pipeline/Pipeline.php(209): Illuminate/Foundation/Http/Middleware/TrimStrings->handle(Object(Illuminate/Http/Request), Object(Closure))
#26 D:/Alyasheiee/backend/vendor/laravel/framework/src/Illuminate/Http/Middleware/ValidatePostSize.php(27): Illuminate/Pipeline/Pipeline->Illuminate/Pipeline/{closure}(Object(Illuminate/Http/Request))
#27 D:/Alyasheiee/backend/vendor/laravel/framework/src/Illuminate/Pipeline/Pipeline.php(209): Illuminate/Http/Middleware/ValidatePostSize->handle(Object(Illuminate/Http/Request), Object(Closure))
#28 D:/Alyasheiee/backend/vendor/laravel/framework/src/Illuminate/Foundation/Http/Middleware/PreventRequestsDuringMaintenance.php(110): Illuminate/Pipeline/Pipeline->Illuminate/Pipeline/{closure}(Object(Illuminate/Http/Request))
#29 D:/Alyasheiee/backend/vendor/laravel/framework/src/Illuminate/Pipeline/Pipeline.php(209): Illuminate/Foundation/Http/Middleware/PreventRequestsDuringMaintenance->handle(Object(Illuminate/Http/Request), Object(Closure))
#30 D:/Alyasheiee/backend/vendor/laravel/framework/src/Illuminate/Http/Middleware/HandleCors.php(62): Illuminate/Pipeline/Pipeline->Illuminate/Pipeline/{closure}(Object(Illuminate/Http/Request))
#31 D:/Alyasheiee/backend/vendor/laravel/framework/src/Illuminate/Pipeline/Pipeline.php(209): Illuminate/Http/Middleware/HandleCors->handle(Object(Illuminate/Http/Request), Object(Closure))
#32 D:/Alyasheiee/backend/vendor/laravel/framework/src/Illuminate/Http/Middleware/TrustProxies.php(58): Illuminate/Pipeline/Pipeline->Illuminate/Pipeline/{closure}(Object(Illuminate/Http/Request))
#33 D:/Alyasheiee/backend/vendor/laravel/framework/src/Illuminate/Pipeline/Pipeline.php(209): Illuminate/Http/Middleware/TrustProxies->handle(Object(Illuminate/Http/Request), Object(Closure))
#34 D:/Alyasheiee/backend/vendor/laravel/framework/src/Illuminate/Foundation/Http/Middleware/InvokeDeferredCallbacks.php(22): Illuminate/Pipeline/Pipeline->Illuminate/Pipeline/{closure}(Object(Illuminate/Http/Request))
#35 D:/Alyasheiee/backend/vendor/laravel/framework/src/Illuminate/Pipeline/Pipeline.php(209): Illuminate/Foundation/Http/Middleware/InvokeDeferredCallbacks->handle(Object(Illuminate/Http/Request), Object(Closure))
#36 D:/Alyasheiee/backend/vendor/laravel/framework/src/Illuminate/Pipeline/Pipeline.php(127): Illuminate/Pipeline/Pipeline->Illuminate/Pipeline/{closure}(Object(Illuminate/Http/Request))
#37 D:/Alyasheiee/backend/vendor/laravel/framework/src/Illuminate/Foundation/Http/Kernel.php(176): Illuminate/Pipeline/Pipeline->then(Object(Closure))
#38 D:/Alyasheiee/backend/vendor/laravel/framework/src/Illuminate/Foundation/Http/Kernel.php(145): Illuminate/Foundation/Http/Kernel->sendRequestThroughRouter(Object(Illuminate/Http/Request))
#39 D:/Alyasheiee/backend/vendor/laravel/framework/src/Illuminate/Foundation/Application.php(1220): Illuminate/Foundation/Http/Kernel->handle(Object(Illuminate/Http/Request))
#40 D:/Alyasheiee/backend/public/index.php(17): Illuminate/Foundation/Application->handleRequest(Object(Illuminate/Http/Request))
#41 D:/Alyasheiee/backend/vendor/laravel/framework/src/Illuminate/Foundation/resources/server.php(23): require_once('D://Alyasheiee//b...')
#42 {main}
"} 
[2026-06-30 16:08:04] local.ERROR: SQLSTATE[22P02]: Invalid text representation: 7 ERROR:  invalid input syntax for type uuid: "1"
CONTEXT:  unnamed portal parameter $3 = '...' (Connection: pgsql, SQL: insert into "activity_log" ("log_name", "properties", "causer_id", "causer_type", "batch_uuid", "event", "subject_id", "subject_type", "description", "updated_at", "created_at") values (default, {"attributes":{"code":"dd-55","name":"\u0645\u0634\u0631\u0648\u0639 \u0631\u0627\u0633 \u0639\u064a\u0633\u0649","status":"planning","progress_percentage":0}}, 1, App\Models\User, ?, created, a225e0c3-acfa-4643-a1e4-2db04ea3af9a, App\Modules\ProjectManagement\Models\Project, created, 2026-06-30 16:08:04, 2026-06-30 16:08:04) returning "id") {"userId":1,"exception":"[object] (Illuminate\\Database\\QueryException(code: 22P02): SQLSTATE[22P02]: Invalid text representation: 7 ERROR:  invalid input syntax for type uuid: \"1\"
CONTEXT:  unnamed portal parameter $3 = '...' (Connection: pgsql, SQL: insert into \"activity_log\" (\"log_name\", \"properties\", \"causer_id\", \"causer_type\", \"batch_uuid\", \"event\", \"subject_id\", \"subject_type\", \"description\", \"updated_at\", \"created_at\") values (default, {\"attributes\":{\"code\":\"dd-55\",\"name\":\"\\u0645\\u0634\\u0631\\u0648\\u0639 \\u0631\\u0627\\u0633 \\u0639\\u064a\\u0633\\u0649\",\"status\":\"planning\",\"progress_percentage\":0}}, 1, App\\Models\\User, ?, created, a225e0c3-acfa-4643-a1e4-2db04ea3af9a, App\\Modules\\ProjectManagement\\Models\\Project, created, 2026-06-30 16:08:04, 2026-06-30 16:08:04) returning \"id\") at D:/Alyasheiee/backend/vendor/laravel/framework/src/Illuminate/Database/Connection.php:825)
[stacktrace]
#0 D:/Alyasheiee/backend/vendor/laravel/framework/src/Illuminate/Database/Connection.php(779): Illuminate/Database/Connection->runQueryCallback('insert into \"ac...', Array, Object(Closure))
#1 D:/Alyasheiee/backend/vendor/laravel/framework/src/Illuminate/Database/Connection.php(398): Illuminate/Database/Connection->run('insert into \"ac...', Array, Object(Closure))
#2 D:/Alyasheiee/backend/vendor/laravel/framework/src/Illuminate/Database/Connection.php(385): Illuminate/Database/Connection->select('insert into \"ac...', Array, false)
#3 D:/Alyasheiee/backend/vendor/laravel/framework/src/Illuminate/Database/Query/Processors/PostgresProcessor.php(24): Illuminate/Database/Connection->selectFromWriteConnection('insert into \"ac...', Array)
#4 D:/Alyasheiee/backend/vendor/laravel/framework/src/Illuminate/Database/Query/Builder.php(3766): Illuminate/Database/Query/Processors/PostgresProcessor->processInsertGetId(Object(Illuminate/Database/Query/Builder), 'insert into \"ac...', Array, 'id')
#5 D:/Alyasheiee/backend/vendor/laravel/framework/src/Illuminate/Database/Eloquent/Builder.php(2120): Illuminate/Database/Query/Builder->insertGetId(Array, 'id')
#6 D:/Alyasheiee/backend/vendor/laravel/framework/src/Illuminate/Database/Eloquent/Model.php(1359): Illuminate/Database/Eloquent/Builder->__call('insertGetId', Array)
#7 D:/Alyasheiee/backend/vendor/laravel/framework/src/Illuminate/Database/Eloquent/Model.php(1324): Illuminate/Database/Eloquent/Model->insertAndSetId(Object(Illuminate/Database/Eloquent/Builder), Array)
#8 D:/Alyasheiee/backend/vendor/laravel/framework/src/Illuminate/Database/Eloquent/Model.php(1163): Illuminate/Database/Eloquent/Model->performInsert(Object(Illuminate/Database/Eloquent/Builder))
#9 D:/Alyasheiee/backend/vendor/spatie/laravel-activitylog/src/ActivityLogger.php(176): Illuminate/Database/Eloquent/Model->save()
#10 D:/Alyasheiee/backend/vendor/spatie/laravel-activitylog/src/Traits/LogsActivity.php(84): Spatie/Activitylog/ActivityLogger->log('created')
#11 D:/Alyasheiee/backend/vendor/laravel/framework/src/Illuminate/Events/Dispatcher.php(459): App/Modules/ProjectManagement/Models/Project::Spatie/Activitylog/Traits/{closure}(Object(App/Modules/ProjectManagement/Models/Project))
#12 D:/Alyasheiee/backend/vendor/laravel/framework/src/Illuminate/Events/Dispatcher.php(287): Illuminate/Events/Dispatcher->Illuminate/Events/{closure}('eloquent.create...', Array)
#13 D:/Alyasheiee/backend/vendor/laravel/framework/src/Illuminate/Events/Dispatcher.php(267): Illuminate/Events/Dispatcher->invokeListeners('eloquent.create...', Array, false)
#14 D:/Alyasheiee/backend/vendor/laravel/framework/src/Illuminate/Database/Eloquent/Concerns/HasEvents.php(224): Illuminate/Events/Dispatcher->dispatch('eloquent.create...', Array)
#15 D:/Alyasheiee/backend/vendor/laravel/framework/src/Illuminate/Database/Eloquent/Model.php(1345): Illuminate/Database/Eloquent/Model->fireModelEvent('created', false)
#16 D:/Alyasheiee/backend/vendor/laravel/framework/src/Illuminate/Database/Eloquent/Model.php(1163): Illuminate/Database/Eloquent/Model->performInsert(Object(Illuminate/Database/Eloquent/Builder))
#17 D:/Alyasheiee/backend/vendor/laravel/framework/src/Illuminate/Database/Eloquent/Builder.php(1128): Illuminate/Database/Eloquent/Model->save()
#18 D:/Alyasheiee/backend/vendor/laravel/framework/src/Illuminate/Support/helpers.php(399): Illuminate/Database/Eloquent/Builder->Illuminate/Database/Eloquent/{closure}(Object(App/Modules/ProjectManagement/Models/Project))
#19 D:/Alyasheiee/backend/vendor/laravel/framework/src/Illuminate/Database/Eloquent/Builder.php(1127): tap(Object(App/Modules/ProjectManagement/Models/Project), Object(Closure))
#20 D:/Alyasheiee/backend/vendor/laravel/framework/src/Illuminate/Support/Traits/ForwardsCalls.php(23): Illuminate/Database/Eloquent/Builder->create(Array)
#21 D:/Alyasheiee/backend/vendor/laravel/framework/src/Illuminate/Database/Eloquent/Model.php(2372): Illuminate/Database/Eloquent/Model->forwardCallTo(Object(Illuminate/Database/Eloquent/Builder), 'create', Array)
#22 D:/Alyasheiee/backend/vendor/laravel/framework/src/Illuminate/Database/Eloquent/Model.php(2384): Illuminate/Database/Eloquent/Model->__call('create', Array)
#23 D:/Alyasheiee/backend/app/Modules/ProjectManagement/Repositories/ProjectRepository.php(23): Illuminate/Database/Eloquent/Model::__callStatic('create', Array)
#24 D:/Alyasheiee/backend/app/Modules/ProjectManagement/Services/ProjectService.php(20): App/Modules/ProjectManagement/Repositories/ProjectRepository->create(Array)
#25 D:/Alyasheiee/backend/vendor/laravel/framework/src/Illuminate/Database/Concerns/ManagesTransactions.php(32): App/Modules/ProjectManagement/Services/ProjectService->App/Modules/ProjectManagement/Services/{closure}(Object(Illuminate/Database/PostgresConnection))
#26 D:/Alyasheiee/backend/vendor/laravel/framework/src/Illuminate/Database/DatabaseManager.php(495): Illuminate/Database/Connection->transaction(Object(Closure))
#27 D:/Alyasheiee/backend/vendor/laravel/framework/src/Illuminate/Support/Facades/Facade.php(361): Illuminate/Database/DatabaseManager->__call('transaction', Array)
#28 D:/Alyasheiee/backend/app/Modules/ProjectManagement/Services/ProjectService.php(18): Illuminate/Support/Facades/Facade::__callStatic('transaction', Array)
#29 D:/Alyasheiee/backend/app/Modules/ProjectManagement/Controllers/ProjectController.php(34): App/Modules/ProjectManagement/Services/ProjectService->createProject(Object(App/Modules/ProjectManagement/DTOs/ProjectDTO))
#30 D:/Alyasheiee/backend/vendor/laravel/framework/src/Illuminate/Routing/Controller.php(54): App/Modules/ProjectManagement/Controllers/ProjectController->store(Object(App/Modules/ProjectManagement/Requests/StoreProjectRequest))
#31 D:/Alyasheiee/backend/vendor/laravel/framework/src/Illuminate/Routing/ControllerDispatcher.php(44): Illuminate/Routing/Controller->callAction('store', Array)
#32 D:/Alyasheiee/backend/vendor/laravel/framework/src/Illuminate/Routing/Route.php(266): Illuminate/Routing/ControllerDispatcher->dispatch(Object(Illuminate/Routing/Route), Object(App/Modules/ProjectManagement/Controllers/ProjectController), 'store')
#33 D:/Alyasheiee/backend/vendor/laravel/framework/src/Illuminate/Routing/Route.php(212): Illuminate/Routing/Route->runController()
#34 D:/Alyasheiee/backend/vendor/laravel/framework/src/Illuminate/Routing/Router.php(808): Illuminate/Routing/Route->run()
#35 D:/Alyasheiee/backend/vendor/laravel/framework/src/Illuminate/Pipeline/Pipeline.php(170): Illuminate/Routing/Router->Illuminate/Routing/{closure}(Object(Illuminate/Http/Request))
#36 D:/Alyasheiee/backend/vendor/laravel/framework/src/Illuminate/Routing/Middleware/SubstituteBindings.php(51): Illuminate/Pipeline/Pipeline->Illuminate/Pipeline/{closure}(Object(Illuminate/Http/Request))
#37 D:/Alyasheiee/backend/vendor/laravel/framework/src/Illuminate/Pipeline/Pipeline.php(209): Illuminate/Routing/Middleware/SubstituteBindings->handle(Object(Illuminate/Http/Request), Object(Closure))
#38 D:/Alyasheiee/backend/vendor/laravel/framework/src/Illuminate/Auth/Middleware/Authenticate.php(64): Illuminate/Pipeline/Pipeline->Illuminate/Pipeline/{closure}(Object(Illuminate/Http/Request))
#39 D:/Alyasheiee/backend/vendor/laravel/framework/src/Illuminate/Pipeline/Pipeline.php(209): Illuminate/Auth/Middleware/Authenticate->handle(Object(Illuminate/Http/Request), Object(Closure), 'sanctum')
#40 D:/Alyasheiee/backend/vendor/laravel/framework/src/Illuminate/Pipeline/Pipeline.php(127): Illuminate/Pipeline/Pipeline->Illuminate/Pipeline/{closure}(Object(Illuminate/Http/Request))
#41 D:/Alyasheiee/backend/vendor/laravel/framework/src/Illuminate/Routing/Router.php(807): Illuminate/Pipeline/Pipeline->then(Object(Closure))
#42 D:/Alyasheiee/backend/vendor/laravel/framework/src/Illuminate/Routing/Router.php(786): Illuminate/Routing/Router->runRouteWithinStack(Object(Illuminate/Routing/Route), Object(Illuminate/Http/Request))
#43 D:/Alyasheiee/backend/vendor/laravel/framework/src/Illuminate/Routing/Router.php(750): Illuminate/Routing/Router->runRoute(Object(Illuminate/Http/Request), Object(Illuminate/Routing/Route))
#44 D:/Alyasheiee/backend/vendor/laravel/framework/src/Illuminate/Routing/Router.php(739): Illuminate/Routing/Router->dispatchToRoute(Object(Illuminate/Http/Request))
#45 D:/Alyasheiee/backend/vendor/laravel/framework/src/Illuminate/Foundation/Http/Kernel.php(201): Illuminate/Routing/Router->dispatch(Object(Illuminate/Http/Request))
#46 D:/Alyasheiee/backend/vendor/laravel/framework/src/Illuminate/Pipeline/Pipeline.php(170): Illuminate/Foundation/Http/Kernel->Illuminate/Foundation/Http/{closure}(Object(Illuminate/Http/Request))
#47 D:/Alyasheiee/backend/vendor/laravel/framework/src/Illuminate/Foundation/Http/Middleware/TransformsRequest.php(21): Illuminate/Pipeline/Pipeline->Illuminate/Pipeline/{closure}(Object(Illuminate/Http/Request))
#48 D:/Alyasheiee/backend/vendor/laravel/framework/src/Illuminate/Foundation/Http/Middleware/ConvertEmptyStringsToNull.php(31): Illuminate/Foundation/Http/Middleware/TransformsRequest->handle(Object(Illuminate/Http/Request), Object(Closure))
#49 D:/Alyasheiee/backend/vendor/laravel/framework/src/Illuminate/Pipeline/Pipeline.php(209): Illuminate/Foundation/Http/Middleware/ConvertEmptyStringsToNull->handle(Object(Illuminate/Http/Request), Object(Closure))
#50 D:/Alyasheiee/backend/vendor/laravel/framework/src/Illuminate/Foundation/Http/Middleware/TransformsRequest.php(21): Illuminate/Pipeline/Pipeline->Illuminate/Pipeline/{closure}(Object(Illuminate/Http/Request))
#51 D:/Alyasheiee/backend/vendor/laravel/framework/src/Illuminate/Foundation/Http/Middleware/TrimStrings.php(51): Illuminate/Foundation/Http/Middleware/TransformsRequest->handle(Object(Illuminate/Http/Request), Object(Closure))
#52 D:/Alyasheiee/backend/vendor/laravel/framework/src/Illuminate/Pipeline/Pipeline.php(209): Illuminate/Foundation/Http/Middleware/TrimStrings->handle(Object(Illuminate/Http/Request), Object(Closure))
#53 D:/Alyasheiee/backend/vendor/laravel/framework/src/Illuminate/Http/Middleware/ValidatePostSize.php(27): Illuminate/Pipeline/Pipeline->Illuminate/Pipeline/{closure}(Object(Illuminate/Http/Request))
#54 D:/Alyasheiee/backend/vendor/laravel/framework/src/Illuminate/Pipeline/Pipeline.php(209): Illuminate/Http/Middleware/ValidatePostSize->handle(Object(Illuminate/Http/Request), Object(Closure))
#55 D:/Alyasheiee/backend/vendor/laravel/framework/src/Illuminate/Foundation/Http/Middleware/PreventRequestsDuringMaintenance.php(110): Illuminate/Pipeline/Pipeline->Illuminate/Pipeline/{closure}(Object(Illuminate/Http/Request))
#56 D:/Alyasheiee/backend/vendor/laravel/framework/src/Illuminate/Pipeline/Pipeline.php(209): Illuminate/Foundation/Http/Middleware/PreventRequestsDuringMaintenance->handle(Object(Illuminate/Http/Request), Object(Closure))
#57 D:/Alyasheiee/backend/vendor/laravel/framework/src/Illuminate/Http/Middleware/HandleCors.php(62): Illuminate/Pipeline/Pipeline->Illuminate/Pipeline/{closure}(Object(Illuminate/Http/Request))
#58 D:/Alyasheiee/backend/vendor/laravel/framework/src/Illuminate/Pipeline/Pipeline.php(209): Illuminate/Http/Middleware/HandleCors->handle(Object(Illuminate/Http/Request), Object(Closure))
#59 D:/Alyasheiee/backend/vendor/laravel/framework/src/Illuminate/Http/Middleware/TrustProxies.php(58): Illuminate/Pipeline/Pipeline->Illuminate/Pipeline/{closure}(Object(Illuminate/Http/Request))
#60 D:/Alyasheiee/backend/vendor/laravel/framework/src/Illuminate/Pipeline/Pipeline.php(209): Illuminate/Http/Middleware/TrustProxies->handle(Object(Illuminate/Http/Request), Object(Closure))
#61 D:/Alyasheiee/backend/vendor/laravel/framework/src/Illuminate/Foundation/Http/Middleware/InvokeDeferredCallbacks.php(22): Illuminate/Pipeline/Pipeline->Illuminate/Pipeline/{closure}(Object(Illuminate/Http/Request))
#62 D:/Alyasheiee/backend/vendor/laravel/framework/src/Illuminate/Pipeline/Pipeline.php(209): Illuminate/Foundation/Http/Middleware/InvokeDeferredCallbacks->handle(Object(Illuminate/Http/Request), Object(Closure))
#63 D:/Alyasheiee/backend/vendor/laravel/framework/src/Illuminate/Pipeline/Pipeline.php(127): Illuminate/Pipeline/Pipeline->Illuminate/Pipeline/{closure}(Object(Illuminate/Http/Request))
#64 D:/Alyasheiee/backend/vendor/laravel/framework/src/Illuminate/Foundation/Http/Kernel.php(176): Illuminate/Pipeline/Pipeline->then(Object(Closure))
#65 D:/Alyasheiee/backend/vendor/laravel/framework/src/Illuminate/Foundation/Http/Kernel.php(145): Illuminate/Foundation/Http/Kernel->sendRequestThroughRouter(Object(Illuminate/Http/Request))
#66 D:/Alyasheiee/backend/vendor/laravel/framework/src/Illuminate/Foundation/Application.php(1220): Illuminate/Foundation/Http/Kernel->handle(Object(Illuminate/Http/Request))
#67 D:/Alyasheiee/backend/public/index.php(17): Illuminate/Foundation/Application->handleRequest(Object(Illuminate/Http/Request))
#68 D:/Alyasheiee/backend/vendor/laravel/framework/src/Illuminate/Foundation/resources/server.php(23): require_once('D://Alyasheiee//b...')
#69 {main}

[previous exception] [object] (PDOException(code: 22P02): SQLSTATE[22P02]: Invalid text representation: 7 ERROR:  invalid input syntax for type uuid: \"1\"
CONTEXT:  unnamed portal parameter $3 = '...' at D:/Alyasheiee/backend/vendor/laravel/framework/src/Illuminate/Database/Connection.php:412)
[stacktrace]
#0 D:/Alyasheiee/backend/vendor/laravel/framework/src/Illuminate/Database/Connection.php(412): PDOStatement->execute()
#1 D:/Alyasheiee/backend/vendor/laravel/framework/src/Illuminate/Database/Connection.php(812): Illuminate/Database/Connection->Illuminate/Database/{closure}('insert into \"ac...', Array)
#2 D:/Alyasheiee/backend/vendor/laravel/framework/src/Illuminate/Database/Connection.php(779): Illuminate/Database/Connection->runQueryCallback('insert into \"ac...', Array, Object(Closure))
#3 D:/Alyasheiee/backend/vendor/laravel/framework/src/Illuminate/Database/Connection.php(398): Illuminate/Database/Connection->run('insert into \"ac...', Array, Object(Closure))
#4 D:/Alyasheiee/backend/vendor/laravel/framework/src/Illuminate/Database/Connection.php(385): Illuminate/Database/Connection->select('insert into \"ac...', Array, false)
#5 D:/Alyasheiee/backend/vendor/laravel/framework/src/Illuminate/Database/Query/Processors/PostgresProcessor.php(24): Illuminate/Database/Connection->selectFromWriteConnection('insert into \"ac...', Array)
#6 D:/Alyasheiee/backend/vendor/laravel/framework/src/Illuminate/Database/Query/Builder.php(3766): Illuminate/Database/Query/Processors/PostgresProcessor->processInsertGetId(Object(Illuminate/Database/Query/Builder), 'insert into \"ac...', Array, 'id')
#7 D:/Alyasheiee/backend/vendor/laravel/framework/src/Illuminate/Database/Eloquent/Builder.php(2120): Illuminate/Database/Query/Builder->insertGetId(Array, 'id')
#8 D:/Alyasheiee/backend/vendor/laravel/framework/src/Illuminate/Database/Eloquent/Model.php(1359): Illuminate/Database/Eloquent/Builder->__call('insertGetId', Array)
#9 D:/Alyasheiee/backend/vendor/laravel/framework/src/Illuminate/Database/Eloquent/Model.php(1324): Illuminate/Database/Eloquent/Model->insertAndSetId(Object(Illuminate/Database/Eloquent/Builder), Array)
#10 D:/Alyasheiee/backend/vendor/laravel/framework/src/Illuminate/Database/Eloquent/Model.php(1163): Illuminate/Database/Eloquent/Model->performInsert(Object(Illuminate/Database/Eloquent/Builder))
#11 D:/Alyasheiee/backend/vendor/spatie/laravel-activitylog/src/ActivityLogger.php(176): Illuminate/Database/Eloquent/Model->save()
#12 D:/Alyasheiee/backend/vendor/spatie/laravel-activitylog/src/Traits/LogsActivity.php(84): Spatie/Activitylog/ActivityLogger->log('created')
#13 D:/Alyasheiee/backend/vendor/laravel/framework/src/Illuminate/Events/Dispatcher.php(459): App/Modules/ProjectManagement/Models/Project::Spatie/Activitylog/Traits/{closure}(Object(App/Modules/ProjectManagement/Models/Project))
#14 D:/Alyasheiee/backend/vendor/laravel/framework/src/Illuminate/Events/Dispatcher.php(287): Illuminate/Events/Dispatcher->Illuminate/Events/{closure}('eloquent.create...', Array)
#15 D:/Alyasheiee/backend/vendor/laravel/framework/src/Illuminate/Events/Dispatcher.php(267): Illuminate/Events/Dispatcher->invokeListeners('eloquent.create...', Array, false)
#16 D:/Alyasheiee/backend/vendor/laravel/framework/src/Illuminate/Database/Eloquent/Concerns/HasEvents.php(224): Illuminate/Events/Dispatcher->dispatch('eloquent.create...', Array)
#17 D:/Alyasheiee/backend/vendor/laravel/framework/src/Illuminate/Database/Eloquent/Model.php(1345): Illuminate/Database/Eloquent/Model->fireModelEvent('created', false)
#18 D:/Alyasheiee/backend/vendor/laravel/framework/src/Illuminate/Database/Eloquent/Model.php(1163): Illuminate/Database/Eloquent/Model->performInsert(Object(Illuminate/Database/Eloquent/Builder))
#19 D:/Alyasheiee/backend/vendor/laravel/framework/src/Illuminate/Database/Eloquent/Builder.php(1128): Illuminate/Database/Eloquent/Model->save()
#20 D:/Alyasheiee/backend/vendor/laravel/framework/src/Illuminate/Support/helpers.php(399): Illuminate/Database/Eloquent/Builder->Illuminate/Database/Eloquent/{closure}(Object(App/Modules/ProjectManagement/Models/Project))
#21 D:/Alyasheiee/backend/vendor/laravel/framework/src/Illuminate/Database/Eloquent/Builder.php(1127): tap(Object(App/Modules/ProjectManagement/Models/Project), Object(Closure))
#22 D:/Alyasheiee/backend/vendor/laravel/framework/src/Illuminate/Support/Traits/ForwardsCalls.php(23): Illuminate/Database/Eloquent/Builder->create(Array)
#23 D:/Alyasheiee/backend/vendor/laravel/framework/src/Illuminate/Database/Eloquent/Model.php(2372): Illuminate/Database/Eloquent/Model->forwardCallTo(Object(Illuminate/Database/Eloquent/Builder), 'create', Array)
#24 D:/Alyasheiee/backend/vendor/laravel/framework/src/Illuminate/Database/Eloquent/Model.php(2384): Illuminate/Database/Eloquent/Model->__call('create', Array)
#25 D:/Alyasheiee/backend/app/Modules/ProjectManagement/Repositories/ProjectRepository.php(23): Illuminate/Database/Eloquent/Model::__callStatic('create', Array)
#26 D:/Alyasheiee/backend/app/Modules/ProjectManagement/Services/ProjectService.php(20): App/Modules/ProjectManagement/Repositories/ProjectRepository->create(Array)
#27 D:/Alyasheiee/backend/vendor/laravel/framework/src/Illuminate/Database/Concerns/ManagesTransactions.php(32): App/Modules/ProjectManagement/Services/ProjectService->App/Modules/ProjectManagement/Services/{closure}(Object(Illuminate/Database/PostgresConnection))
#28 D:/Alyasheiee/backend/vendor/laravel/framework/src/Illuminate/Database/DatabaseManager.php(495): Illuminate/Database/Connection->transaction(Object(Closure))
#29 D:/Alyasheiee/backend/vendor/laravel/framework/src/Illuminate/Support/Facades/Facade.php(361): Illuminate/Database/DatabaseManager->__call('transaction', Array)
#30 D:/Alyasheiee/backend/app/Modules/ProjectManagement/Services/ProjectService.php(18): Illuminate/Support/Facades/Facade::__callStatic('transaction', Array)
#31 D:/Alyasheiee/backend/app/Modules/ProjectManagement/Controllers/ProjectController.php(34): App/Modules/ProjectManagement/Services/ProjectService->createProject(Object(App/Modules/ProjectManagement/DTOs/ProjectDTO))
#32 D:/Alyasheiee/backend/vendor/laravel/framework/src/Illuminate/Routing/Controller.php(54): App/Modules/ProjectManagement/Controllers/ProjectController->store(Object(App/Modules/ProjectManagement/Requests/StoreProjectRequest))
#33 D:/Alyasheiee/backend/vendor/laravel/framework/src/Illuminate/Routing/ControllerDispatcher.php(44): Illuminate/Routing/Controller->callAction('store', Array)
#34 D:/Alyasheiee/backend/vendor/laravel/framework/src/Illuminate/Routing/Route.php(266): Illuminate/Routing/ControllerDispatcher->dispatch(Object(Illuminate/Routing/Route), Object(App/Modules/ProjectManagement/Controllers/ProjectController), 'store')
#35 D:/Alyasheiee/backend/vendor/laravel/framework/src/Illuminate/Routing/Route.php(212): Illuminate/Routing/Route->runController()
#36 D:/Alyasheiee/backend/vendor/laravel/framework/src/Illuminate/Routing/Router.php(808): Illuminate/Routing/Route->run()
#37 D:/Alyasheiee/backend/vendor/laravel/framework/src/Illuminate/Pipeline/Pipeline.php(170): Illuminate/Routing/Router->Illuminate/Routing/{closure}(Object(Illuminate/Http/Request))
#38 D:/Alyasheiee/backend/vendor/laravel/framework/src/Illuminate/Routing/Middleware/SubstituteBindings.php(51): Illuminate/Pipeline/Pipeline->Illuminate/Pipeline/{closure}(Object(Illuminate/Http/Request))
#39 D:/Alyasheiee/backend/vendor/laravel/framework/src/Illuminate/Pipeline/Pipeline.php(209): Illuminate/Routing/Middleware/SubstituteBindings->handle(Object(Illuminate/Http/Request), Object(Closure))
#40 D:/Alyasheiee/backend/vendor/laravel/framework/src/Illuminate/Auth/Middleware/Authenticate.php(64): Illuminate/Pipeline/Pipeline->Illuminate/Pipeline/{closure}(Object(Illuminate/Http/Request))
#41 D:/Alyasheiee/backend/vendor/laravel/framework/src/Illuminate/Pipeline/Pipeline.php(209): Illuminate/Auth/Middleware/Authenticate->handle(Object(Illuminate/Http/Request), Object(Closure), 'sanctum')
#42 D:/Alyasheiee/backend/vendor/laravel/framework/src/Illuminate/Pipeline/Pipeline.php(127): Illuminate/Pipeline/Pipeline->Illuminate/Pipeline/{closure}(Object(Illuminate/Http/Request))
#43 D:/Alyasheiee/backend/vendor/laravel/framework/src/Illuminate/Routing/Router.php(807): Illuminate/Pipeline/Pipeline->then(Object(Closure))
#44 D:/Alyasheiee/backend/vendor/laravel/framework/src/Illuminate/Routing/Router.php(786): Illuminate/Routing/Router->runRouteWithinStack(Object(Illuminate/Routing/Route), Object(Illuminate/Http/Request))
#45 D:/Alyasheiee/backend/vendor/laravel/framework/src/Illuminate/Routing/Router.php(750): Illuminate/Routing/Router->runRoute(Object(Illuminate/Http/Request), Object(Illuminate/Routing/Route))
#46 D:/Alyasheiee/backend/vendor/laravel/framework/src/Illuminate/Routing/Router.php(739): Illuminate/Routing/Router->dispatchToRoute(Object(Illuminate/Http/Request))
#47 D:/Alyasheiee/backend/vendor/laravel/framework/src/Illuminate/Foundation/Http/Kernel.php(201): Illuminate/Routing/Router->dispatch(Object(Illuminate/Http/Request))
#48 D:/Alyasheiee/backend/vendor/laravel/framework/src/Illuminate/Pipeline/Pipeline.php(170): Illuminate/Foundation/Http/Kernel->Illuminate/Foundation/Http/{closure}(Object(Illuminate/Http/Request))
#49 D:/Alyasheiee/backend/vendor/laravel/framework/src/Illuminate/Foundation/Http/Middleware/TransformsRequest.php(21): Illuminate/Pipeline/Pipeline->Illuminate/Pipeline/{closure}(Object(Illuminate/Http/Request))
#50 D:/Alyasheiee/backend/vendor/laravel/framework/src/Illuminate/Foundation/Http/Middleware/ConvertEmptyStringsToNull.php(31): Illuminate/Foundation/Http/Middleware/TransformsRequest->handle(Object(Illuminate/Http/Request), Object(Closure))
#51 D:/Alyasheiee/backend/vendor/laravel/framework/src/Illuminate/Pipeline/Pipeline.php(209): Illuminate/Foundation/Http/Middleware/ConvertEmptyStringsToNull->handle(Object(Illuminate/Http/Request), Object(Closure))
#52 D:/Alyasheiee/backend/vendor/laravel/framework/src/Illuminate/Foundation/Http/Middleware/TransformsRequest.php(21): Illuminate/Pipeline/Pipeline->Illuminate/Pipeline/{closure}(Object(Illuminate/Http/Request))
#53 D:/Alyasheiee/backend/vendor/laravel/framework/src/Illuminate/Foundation/Http/Middleware/TrimStrings.php(51): Illuminate/Foundation/Http/Middleware/TransformsRequest->handle(Object(Illuminate/Http/Request), Object(Closure))
#54 D:/Alyasheiee/backend/vendor/laravel/framework/src/Illuminate/Pipeline/Pipeline.php(209): Illuminate/Foundation/Http/Middleware/TrimStrings->handle(Object(Illuminate/Http/Request), Object(Closure))
#55 D:/Alyasheiee/backend/vendor/laravel/framework/src/Illuminate/Http/Middleware/ValidatePostSize.php(27): Illuminate/Pipeline/Pipeline->Illuminate/Pipeline/{closure}(Object(Illuminate/Http/Request))
#56 D:/Alyasheiee/backend/vendor/laravel/framework/src/Illuminate/Pipeline/Pipeline.php(209): Illuminate/Http/Middleware/ValidatePostSize->handle(Object(Illuminate/Http/Request), Object(Closure))
#57 D:/Alyasheiee/backend/vendor/laravel/framework/src/Illuminate/Foundation/Http/Middleware/PreventRequestsDuringMaintenance.php(110): Illuminate/Pipeline/Pipeline->Illuminate/Pipeline/{closure}(Object(Illuminate/Http/Request))
#58 D:/Alyasheiee/backend/vendor/laravel/framework/src/Illuminate/Pipeline/Pipeline.php(209): Illuminate/Foundation/Http/Middleware/PreventRequestsDuringMaintenance->handle(Object(Illuminate/Http/Request), Object(Closure))
#59 D:/Alyasheiee/backend/vendor/laravel/framework/src/Illuminate/Http/Middleware/HandleCors.php(62): Illuminate/Pipeline/Pipeline->Illuminate/Pipeline/{closure}(Object(Illuminate/Http/Request))
#60 D:/Alyasheiee/backend/vendor/laravel/framework/src/Illuminate/Pipeline/Pipeline.php(209): Illuminate/Http/Middleware/HandleCors->handle(Object(Illuminate/Http/Request), Object(Closure))
#61 D:/Alyasheiee/backend/vendor/laravel/framework/src/Illuminate/Http/Middleware/TrustProxies.php(58): Illuminate/Pipeline/Pipeline->Illuminate/Pipeline/{closure}(Object(Illuminate/Http/Request))
#62 D:/Alyasheiee/backend/vendor/laravel/framework/src/Illuminate/Pipeline/Pipeline.php(209): Illuminate/Http/Middleware/TrustProxies->handle(Object(Illuminate/Http/Request), Object(Closure))
#63 D:/Alyasheiee/backend/vendor/laravel/framework/src/Illuminate/Foundation/Http/Middleware/InvokeDeferredCallbacks.php(22): Illuminate/Pipeline/Pipeline->Illuminate/Pipeline/{closure}(Object(Illuminate/Http/Request))
#64 D:/Alyasheiee/backend/vendor/laravel/framework/src/Illuminate/Pipeline/Pipeline.php(209): Illuminate/Foundation/Http/Middleware/InvokeDeferredCallbacks->handle(Object(Illuminate/Http/Request), Object(Closure))
#65 D:/Alyasheiee/backend/vendor/laravel/framework/src/Illuminate/Pipeline/Pipeline.php(127): Illuminate/Pipeline/Pipeline->Illuminate/Pipeline/{closure}(Object(Illuminate/Http/Request))
#66 D:/Alyasheiee/backend/vendor/laravel/framework/src/Illuminate/Foundation/Http/Kernel.php(176): Illuminate/Pipeline/Pipeline->then(Object(Closure))
#67 D:/Alyasheiee/backend/vendor/laravel/framework/src/Illuminate/Foundation/Http/Kernel.php(145): Illuminate/Foundation/Http/Kernel->sendRequestThroughRouter(Object(Illuminate/Http/Request))
#68 D:/Alyasheiee/backend/vendor/laravel/framework/src/Illuminate/Foundation/Application.php(1220): Illuminate/Foundation/Http/Kernel->handle(Object(Illuminate/Http/Request))
#69 D:/Alyasheiee/backend/public/index.php(17): Illuminate/Foundation/Application->handleRequest(Object(Illuminate/Http/Request))
#70 D:/Alyasheiee/backend/vendor/laravel/framework/src/Illuminate/Foundation/resources/server.php(23): require_once('D://Alyasheiee//b...')
#71 {main}
"} 
[2026-06-30 16:08:11] local.ERROR: SQLSTATE[22P02]: Invalid text representation: 7 ERROR:  invalid input syntax for type uuid: "1"
CONTEXT:  unnamed portal parameter $3 = '...' (Connection: pgsql, SQL: insert into "activity_log" ("log_name", "properties", "causer_id", "causer_type", "batch_uuid", "event", "subject_id", "subject_type", "description", "updated_at", "created_at") values (default, {"attributes":{"code":"dd-55","name":"\u0645\u0634\u0631\u0648\u0639 \u0631\u0627\u0633 \u0639\u064a\u0633\u0649","status":"planning","progress_percentage":0}}, 1, App\Models\User, ?, created, a225e0ce-4d89-4b80-b2ee-fe85e2f76596, App\Modules\ProjectManagement\Models\Project, created, 2026-06-30 16:08:11, 2026-06-30 16:08:11) returning "id") {"userId":1,"exception":"[object] (Illuminate\\Database\\QueryException(code: 22P02): SQLSTATE[22P02]: Invalid text representation: 7 ERROR:  invalid input syntax for type uuid: \"1\"
CONTEXT:  unnamed portal parameter $3 = '...' (Connection: pgsql, SQL: insert into \"activity_log\" (\"log_name\", \"properties\", \"causer_id\", \"causer_type\", \"batch_uuid\", \"event\", \"subject_id\", \"subject_type\", \"description\", \"updated_at\", \"created_at\") values (default, {\"attributes\":{\"code\":\"dd-55\",\"name\":\"\\u0645\\u0634\\u0631\\u0648\\u0639 \\u0631\\u0627\\u0633 \\u0639\\u064a\\u0633\\u0649\",\"status\":\"planning\",\"progress_percentage\":0}}, 1, App\\Models\\User, ?, created, a225e0ce-4d89-4b80-b2ee-fe85e2f76596, App\\Modules\\ProjectManagement\\Models\\Project, created, 2026-06-30 16:08:11, 2026-06-30 16:08:11) returning \"id\") at D:/Alyasheiee/backend/vendor/laravel/framework/src/Illuminate/Database/Connection.php:825)
[stacktrace]
#0 D:/Alyasheiee/backend/vendor/laravel/framework/src/Illuminate/Database/Connection.php(779): Illuminate/Database/Connection->runQueryCallback('insert into \"ac...', Array, Object(Closure))
#1 D:/Alyasheiee/backend/vendor/laravel/framework/src/Illuminate/Database/Connection.php(398): Illuminate/Database/Connection->run('insert into \"ac...', Array, Object(Closure))
#2 D:/Alyasheiee/backend/vendor/laravel/framework/src/Illuminate/Database/Connection.php(385): Illuminate/Database/Connection->select('insert into \"ac...', Array, false)
#3 D:/Alyasheiee/backend/vendor/laravel/framework/src/Illuminate/Database/Query/Processors/PostgresProcessor.php(24): Illuminate/Database/Connection->selectFromWriteConnection('insert into \"ac...', Array)
#4 D:/Alyasheiee/backend/vendor/laravel/framework/src/Illuminate/Database/Query/Builder.php(3766): Illuminate/Database/Query/Processors/PostgresProcessor->processInsertGetId(Object(Illuminate/Database/Query/Builder), 'insert into \"ac...', Array, 'id')
#5 D:/Alyasheiee/backend/vendor/laravel/framework/src/Illuminate/Database/Eloquent/Builder.php(2120): Illuminate/Database/Query/Builder->insertGetId(Array, 'id')
#6 D:/Alyasheiee/backend/vendor/laravel/framework/src/Illuminate/Database/Eloquent/Model.php(1359): Illuminate/Database/Eloquent/Builder->__call('insertGetId', Array)
#7 D:/Alyasheiee/backend/vendor/laravel/framework/src/Illuminate/Database/Eloquent/Model.php(1324): Illuminate/Database/Eloquent/Model->insertAndSetId(Object(Illuminate/Database/Eloquent/Builder), Array)
#8 D:/Alyasheiee/backend/vendor/laravel/framework/src/Illuminate/Database/Eloquent/Model.php(1163): Illuminate/Database/Eloquent/Model->performInsert(Object(Illuminate/Database/Eloquent/Builder))
#9 D:/Alyasheiee/backend/vendor/spatie/laravel-activitylog/src/ActivityLogger.php(176): Illuminate/Database/Eloquent/Model->save()
#10 D:/Alyasheiee/backend/vendor/spatie/laravel-activitylog/src/Traits/LogsActivity.php(84): Spatie/Activitylog/ActivityLogger->log('created')
#11 D:/Alyasheiee/backend/vendor/laravel/framework/src/Illuminate/Events/Dispatcher.php(459): App/Modules/ProjectManagement/Models/Project::Spatie/Activitylog/Traits/{closure}(Object(App/Modules/ProjectManagement/Models/Project))
#12 D:/Alyasheiee/backend/vendor/laravel/framework/src/Illuminate/Events/Dispatcher.php(287): Illuminate/Events/Dispatcher->Illuminate/Events/{closure}('eloquent.create...', Array)
#13 D:/Alyasheiee/backend/vendor/laravel/framework/src/Illuminate/Events/Dispatcher.php(267): Illuminate/Events/Dispatcher->invokeListeners('eloquent.create...', Array, false)
#14 D:/Alyasheiee/backend/vendor/laravel/framework/src/Illuminate/Database/Eloquent/Concerns/HasEvents.php(224): Illuminate/Events/Dispatcher->dispatch('eloquent.create...', Array)
#15 D:/Alyasheiee/backend/vendor/laravel/framework/src/Illuminate/Database/Eloquent/Model.php(1345): Illuminate/Database/Eloquent/Model->fireModelEvent('created', false)
#16 D:/Alyasheiee/backend/vendor/laravel/framework/src/Illuminate/Database/Eloquent/Model.php(1163): Illuminate/Database/Eloquent/Model->performInsert(Object(Illuminate/Database/Eloquent/Builder))
#17 D:/Alyasheiee/backend/vendor/laravel/framework/src/Illuminate/Database/Eloquent/Builder.php(1128): Illuminate/Database/Eloquent/Model->save()
#18 D:/Alyasheiee/backend/vendor/laravel/framework/src/Illuminate/Support/helpers.php(399): Illuminate/Database/Eloquent/Builder->Illuminate/Database/Eloquent/{closure}(Object(App/Modules/ProjectManagement/Models/Project))
#19 D:/Alyasheiee/backend/vendor/laravel/framework/src/Illuminate/Database/Eloquent/Builder.php(1127): tap(Object(App/Modules/ProjectManagement/Models/Project), Object(Closure))
#20 D:/Alyasheiee/backend/vendor/laravel/framework/src/Illuminate/Support/Traits/ForwardsCalls.php(23): Illuminate/Database/Eloquent/Builder->create(Array)
#21 D:/Alyasheiee/backend/vendor/laravel/framework/src/Illuminate/Database/Eloquent/Model.php(2372): Illuminate/Database/Eloquent/Model->forwardCallTo(Object(Illuminate/Database/Eloquent/Builder), 'create', Array)
#22 D:/Alyasheiee/backend/vendor/laravel/framework/src/Illuminate/Database/Eloquent/Model.php(2384): Illuminate/Database/Eloquent/Model->__call('create', Array)
#23 D:/Alyasheiee/backend/app/Modules/ProjectManagement/Repositories/ProjectRepository.php(23): Illuminate/Database/Eloquent/Model::__callStatic('create', Array)
#24 D:/Alyasheiee/backend/app/Modules/ProjectManagement/Services/ProjectService.php(20): App/Modules/ProjectManagement/Repositories/ProjectRepository->create(Array)
#25 D:/Alyasheiee/backend/vendor/laravel/framework/src/Illuminate/Database/Concerns/ManagesTransactions.php(32): App/Modules/ProjectManagement/Services/ProjectService->App/Modules/ProjectManagement/Services/{closure}(Object(Illuminate/Database/PostgresConnection))
#26 D:/Alyasheiee/backend/vendor/laravel/framework/src/Illuminate/Database/DatabaseManager.php(495): Illuminate/Database/Connection->transaction(Object(Closure))
#27 D:/Alyasheiee/backend/vendor/laravel/framework/src/Illuminate/Support/Facades/Facade.php(361): Illuminate/Database/DatabaseManager->__call('transaction', Array)
#28 D:/Alyasheiee/backend/app/Modules/ProjectManagement/Services/ProjectService.php(18): Illuminate/Support/Facades/Facade::__callStatic('transaction', Array)
#29 D:/Alyasheiee/backend/app/Modules/ProjectManagement/Controllers/ProjectController.php(34): App/Modules/ProjectManagement/Services/ProjectService->createProject(Object(App/Modules/ProjectManagement/DTOs/ProjectDTO))
#30 D:/Alyasheiee/backend/vendor/laravel/framework/src/Illuminate/Routing/Controller.php(54): App/Modules/ProjectManagement/Controllers/ProjectController->store(Object(App/Modules/ProjectManagement/Requests/StoreProjectRequest))
#31 D:/Alyasheiee/backend/vendor/laravel/framework/src/Illuminate/Routing/ControllerDispatcher.php(44): Illuminate/Routing/Controller->callAction('store', Array)
#32 D:/Alyasheiee/backend/vendor/laravel/framework/src/Illuminate/Routing/Route.php(266): Illuminate/Routing/ControllerDispatcher->dispatch(Object(Illuminate/Routing/Route), Object(App/Modules/ProjectManagement/Controllers/ProjectController), 'store')
#33 D:/Alyasheiee/backend/vendor/laravel/framework/src/Illuminate/Routing/Route.php(212): Illuminate/Routing/Route->runController()
#34 D:/Alyasheiee/backend/vendor/laravel/framework/src/Illuminate/Routing/Router.php(808): Illuminate/Routing/Route->run()
#35 D:/Alyasheiee/backend/vendor/laravel/framework/src/Illuminate/Pipeline/Pipeline.php(170): Illuminate/Routing/Router->Illuminate/Routing/{closure}(Object(Illuminate/Http/Request))
#36 D:/Alyasheiee/backend/vendor/laravel/framework/src/Illuminate/Routing/Middleware/SubstituteBindings.php(51): Illuminate/Pipeline/Pipeline->Illuminate/Pipeline/{closure}(Object(Illuminate/Http/Request))
#37 D:/Alyasheiee/backend/vendor/laravel/framework/src/Illuminate/Pipeline/Pipeline.php(209): Illuminate/Routing/Middleware/SubstituteBindings->handle(Object(Illuminate/Http/Request), Object(Closure))
#38 D:/Alyasheiee/backend/vendor/laravel/framework/src/Illuminate/Auth/Middleware/Authenticate.php(64): Illuminate/Pipeline/Pipeline->Illuminate/Pipeline/{closure}(Object(Illuminate/Http/Request))
#39 D:/Alyasheiee/backend/vendor/laravel/framework/src/Illuminate/Pipeline/Pipeline.php(209): Illuminate/Auth/Middleware/Authenticate->handle(Object(Illuminate/Http/Request), Object(Closure), 'sanctum')
#40 D:/Alyasheiee/backend/vendor/laravel/framework/src/Illuminate/Pipeline/Pipeline.php(127): Illuminate/Pipeline/Pipeline->Illuminate/Pipeline/{closure}(Object(Illuminate/Http/Request))
#41 D:/Alyasheiee/backend/vendor/laravel/framework/src/Illuminate/Routing/Router.php(807): Illuminate/Pipeline/Pipeline->then(Object(Closure))
#42 D:/Alyasheiee/backend/vendor/laravel/framework/src/Illuminate/Routing/Router.php(786): Illuminate/Routing/Router->runRouteWithinStack(Object(Illuminate/Routing/Route), Object(Illuminate/Http/Request))
#43 D:/Alyasheiee/backend/vendor/laravel/framework/src/Illuminate/Routing/Router.php(750): Illuminate/Routing/Router->runRoute(Object(Illuminate/Http/Request), Object(Illuminate/Routing/Route))
#44 D:/Alyasheiee/backend/vendor/laravel/framework/src/Illuminate/Routing/Router.php(739): Illuminate/Routing/Router->dispatchToRoute(Object(Illuminate/Http/Request))
#45 D:/Alyasheiee/backend/vendor/laravel/framework/src/Illuminate/Foundation/Http/Kernel.php(201): Illuminate/Routing/Router->dispatch(Object(Illuminate/Http/Request))
#46 D:/Alyasheiee/backend/vendor/laravel/framework/src/Illuminate/Pipeline/Pipeline.php(170): Illuminate/Foundation/Http/Kernel->Illuminate/Foundation/Http/{closure}(Object(Illuminate/Http/Request))
#47 D:/Alyasheiee/backend/vendor/laravel/framework/src/Illuminate/Foundation/Http/Middleware/TransformsRequest.php(21): Illuminate/Pipeline/Pipeline->Illuminate/Pipeline/{closure}(Object(Illuminate/Http/Request))
#48 D:/Alyasheiee/backend/vendor/laravel/framework/src/Illuminate/Foundation/Http/Middleware/ConvertEmptyStringsToNull.php(31): Illuminate/Foundation/Http/Middleware/TransformsRequest->handle(Object(Illuminate/Http/Request), Object(Closure))
#49 D:/Alyasheiee/backend/vendor/laravel/framework/src/Illuminate/Pipeline/Pipeline.php(209): Illuminate/Foundation/Http/Middleware/ConvertEmptyStringsToNull->handle(Object(Illuminate/Http/Request), Object(Closure))
#50 D:/Alyasheiee/backend/vendor/laravel/framework/src/Illuminate/Foundation/Http/Middleware/TransformsRequest.php(21): Illuminate/Pipeline/Pipeline->Illuminate/Pipeline/{closure}(Object(Illuminate/Http/Request))
#51 D:/Alyasheiee/backend/vendor/laravel/framework/src/Illuminate/Foundation/Http/Middleware/TrimStrings.php(51): Illuminate/Foundation/Http/Middleware/TransformsRequest->handle(Object(Illuminate/Http/Request), Object(Closure))
#52 D:/Alyasheiee/backend/vendor/laravel/framework/src/Illuminate/Pipeline/Pipeline.php(209): Illuminate/Foundation/Http/Middleware/TrimStrings->handle(Object(Illuminate/Http/Request), Object(Closure))
#53 D:/Alyasheiee/backend/vendor/laravel/framework/src/Illuminate/Http/Middleware/ValidatePostSize.php(27): Illuminate/Pipeline/Pipeline->Illuminate/Pipeline/{closure}(Object(Illuminate/Http/Request))
#54 D:/Alyasheiee/backend/vendor/laravel/framework/src/Illuminate/Pipeline/Pipeline.php(209): Illuminate/Http/Middleware/ValidatePostSize->handle(Object(Illuminate/Http/Request), Object(Closure))
#55 D:/Alyasheiee/backend/vendor/laravel/framework/src/Illuminate/Foundation/Http/Middleware/PreventRequestsDuringMaintenance.php(110): Illuminate/Pipeline/Pipeline->Illuminate/Pipeline/{closure}(Object(Illuminate/Http/Request))
#56 D:/Alyasheiee/backend/vendor/laravel/framework/src/Illuminate/Pipeline/Pipeline.php(209): Illuminate/Foundation/Http/Middleware/PreventRequestsDuringMaintenance->handle(Object(Illuminate/Http/Request), Object(Closure))
#57 D:/Alyasheiee/backend/vendor/laravel/framework/src/Illuminate/Http/Middleware/HandleCors.php(62): Illuminate/Pipeline/Pipeline->Illuminate/Pipeline/{closure}(Object(Illuminate/Http/Request))
#58 D:/Alyasheiee/backend/vendor/laravel/framework/src/Illuminate/Pipeline/Pipeline.php(209): Illuminate/Http/Middleware/HandleCors->handle(Object(Illuminate/Http/Request), Object(Closure))
#59 D:/Alyasheiee/backend/vendor/laravel/framework/src/Illuminate/Http/Middleware/TrustProxies.php(58): Illuminate/Pipeline/Pipeline->Illuminate/Pipeline/{closure}(Object(Illuminate/Http/Request))
#60 D:/Alyasheiee/backend/vendor/laravel/framework/src/Illuminate/Pipeline/Pipeline.php(209): Illuminate/Http/Middleware/TrustProxies->handle(Object(Illuminate/Http/Request), Object(Closure))
#61 D:/Alyasheiee/backend/vendor/laravel/framework/src/Illuminate/Foundation/Http/Middleware/InvokeDeferredCallbacks.php(22): Illuminate/Pipeline/Pipeline->Illuminate/Pipeline/{closure}(Object(Illuminate/Http/Request))
#62 D:/Alyasheiee/backend/vendor/laravel/framework/src/Illuminate/Pipeline/Pipeline.php(209): Illuminate/Foundation/Http/Middleware/InvokeDeferredCallbacks->handle(Object(Illuminate/Http/Request), Object(Closure))
#63 D:/Alyasheiee/backend/vendor/laravel/framework/src/Illuminate/Pipeline/Pipeline.php(127): Illuminate/Pipeline/Pipeline->Illuminate/Pipeline/{closure}(Object(Illuminate/Http/Request))
#64 D:/Alyasheiee/backend/vendor/laravel/framework/src/Illuminate/Foundation/Http/Kernel.php(176): Illuminate/Pipeline/Pipeline->then(Object(Closure))
#65 D:/Alyasheiee/backend/vendor/laravel/framework/src/Illuminate/Foundation/Http/Kernel.php(145): Illuminate/Foundation/Http/Kernel->sendRequestThroughRouter(Object(Illuminate/Http/Request))
#66 D:/Alyasheiee/backend/vendor/laravel/framework/src/Illuminate/Foundation/Application.php(1220): Illuminate/Foundation/Http/Kernel->handle(Object(Illuminate/Http/Request))
#67 D:/Alyasheiee/backend/public/index.php(17): Illuminate/Foundation/Application->handleRequest(Object(Illuminate/Http/Request))
#68 D:/Alyasheiee/backend/vendor/laravel/framework/src/Illuminate/Foundation/resources/server.php(23): require_once('D://Alyasheiee//b...')
#69 {main}

[previous exception] [object] (PDOException(code: 22P02): SQLSTATE[22P02]: Invalid text representation: 7 ERROR:  invalid input syntax for type uuid: \"1\"
CONTEXT:  unnamed portal parameter $3 = '...' at D:/Alyasheiee/backend/vendor/laravel/framework/src/Illuminate/Database/Connection.php:412)
[stacktrace]
#0 D:/Alyasheiee/backend/vendor/laravel/framework/src/Illuminate/Database/Connection.php(412): PDOStatement->execute()
#1 D:/Alyasheiee/backend/vendor/laravel/framework/src/Illuminate/Database/Connection.php(812): Illuminate/Database/Connection->Illuminate/Database/{closure}('insert into \"ac...', Array)
#2 D:/Alyasheiee/backend/vendor/laravel/framework/src/Illuminate/Database/Connection.php(779): Illuminate/Database/Connection->runQueryCallback('insert into \"ac...', Array, Object(Closure))
#3 D:/Alyasheiee/backend/vendor/laravel/framework/src/Illuminate/Database/Connection.php(398): Illuminate/Database/Connection->run('insert into \"ac...', Array, Object(Closure))
#4 D:/Alyasheiee/backend/vendor/laravel/framework/src/Illuminate/Database/Connection.php(385): Illuminate/Database/Connection->select('insert into \"ac...', Array, false)
#5 D:/Alyasheiee/backend/vendor/laravel/framework/src/Illuminate/Database/Query/Processors/PostgresProcessor.php(24): Illuminate/Database/Connection->selectFromWriteConnection('insert into \"ac...', Array)
#6 D:/Alyasheiee/backend/vendor/laravel/framework/src/Illuminate/Database/Query/Builder.php(3766): Illuminate/Database/Query/Processors/PostgresProcessor->processInsertGetId(Object(Illuminate/Database/Query/Builder), 'insert into \"ac...', Array, 'id')
#7 D:/Alyasheiee/backend/vendor/laravel/framework/src/Illuminate/Database/Eloquent/Builder.php(2120): Illuminate/Database/Query/Builder->insertGetId(Array, 'id')
#8 D:/Alyasheiee/backend/vendor/laravel/framework/src/Illuminate/Database/Eloquent/Model.php(1359): Illuminate/Database/Eloquent/Builder->__call('insertGetId', Array)
#9 D:/Alyasheiee/backend/vendor/laravel/framework/src/Illuminate/Database/Eloquent/Model.php(1324): Illuminate/Database/Eloquent/Model->insertAndSetId(Object(Illuminate/Database/Eloquent/Builder), Array)
#10 D:/Alyasheiee/backend/vendor/laravel/framework/src/Illuminate/Database/Eloquent/Model.php(1163): Illuminate/Database/Eloquent/Model->performInsert(Object(Illuminate/Database/Eloquent/Builder))
#11 D:/Alyasheiee/backend/vendor/spatie/laravel-activitylog/src/ActivityLogger.php(176): Illuminate/Database/Eloquent/Model->save()
#12 D:/Alyasheiee/backend/vendor/spatie/laravel-activitylog/src/Traits/LogsActivity.php(84): Spatie/Activitylog/ActivityLogger->log('created')
#13 D:/Alyasheiee/backend/vendor/laravel/framework/src/Illuminate/Events/Dispatcher.php(459): App/Modules/ProjectManagement/Models/Project::Spatie/Activitylog/Traits/{closure}(Object(App/Modules/ProjectManagement/Models/Project))
#14 D:/Alyasheiee/backend/vendor/laravel/framework/src/Illuminate/Events/Dispatcher.php(287): Illuminate/Events/Dispatcher->Illuminate/Events/{closure}('eloquent.create...', Array)
#15 D:/Alyasheiee/backend/vendor/laravel/framework/src/Illuminate/Events/Dispatcher.php(267): Illuminate/Events/Dispatcher->invokeListeners('eloquent.create...', Array, false)
#16 D:/Alyasheiee/backend/vendor/laravel/framework/src/Illuminate/Database/Eloquent/Concerns/HasEvents.php(224): Illuminate/Events/Dispatcher->dispatch('eloquent.create...', Array)
#17 D:/Alyasheiee/backend/vendor/laravel/framework/src/Illuminate/Database/Eloquent/Model.php(1345): Illuminate/Database/Eloquent/Model->fireModelEvent('created', false)
#18 D:/Alyasheiee/backend/vendor/laravel/framework/src/Illuminate/Database/Eloquent/Model.php(1163): Illuminate/Database/Eloquent/Model->performInsert(Object(Illuminate/Database/Eloquent/Builder))
#19 D:/Alyasheiee/backend/vendor/laravel/framework/src/Illuminate/Database/Eloquent/Builder.php(1128): Illuminate/Database/Eloquent/Model->save()
#20 D:/Alyasheiee/backend/vendor/laravel/framework/src/Illuminate/Support/helpers.php(399): Illuminate/Database/Eloquent/Builder->Illuminate/Database/Eloquent/{closure}(Object(App/Modules/ProjectManagement/Models/Project))
#21 D:/Alyasheiee/backend/vendor/laravel/framework/src/Illuminate/Database/Eloquent/Builder.php(1127): tap(Object(App/Modules/ProjectManagement/Models/Project), Object(Closure))
#22 D:/Alyasheiee/backend/vendor/laravel/framework/src/Illuminate/Support/Traits/ForwardsCalls.php(23): Illuminate/Database/Eloquent/Builder->create(Array)
#23 D:/Alyasheiee/backend/vendor/laravel/framework/src/Illuminate/Database/Eloquent/Model.php(2372): Illuminate/Database/Eloquent/Model->forwardCallTo(Object(Illuminate/Database/Eloquent/Builder), 'create', Array)
#24 D:/Alyasheiee/backend/vendor/laravel/framework/src/Illuminate/Database/Eloquent/Model.php(2384): Illuminate/Database/Eloquent/Model->__call('create', Array)
#25 D:/Alyasheiee/backend/app/Modules/ProjectManagement/Repositories/ProjectRepository.php(23): Illuminate/Database/Eloquent/Model::__callStatic('create', Array)
#26 D:/Alyasheiee/backend/app/Modules/ProjectManagement/Services/ProjectService.php(20): App/Modules/ProjectManagement/Repositories/ProjectRepository->create(Array)
#27 D:/Alyasheiee/backend/vendor/laravel/framework/src/Illuminate/Database/Concerns/ManagesTransactions.php(32): App/Modules/ProjectManagement/Services/ProjectService->App/Modules/ProjectManagement/Services/{closure}(Object(Illuminate/Database/PostgresConnection))
#28 D:/Alyasheiee/backend/vendor/laravel/framework/src/Illuminate/Database/DatabaseManager.php(495): Illuminate/Database/Connection->transaction(Object(Closure))
#29 D:/Alyasheiee/backend/vendor/laravel/framework/src/Illuminate/Support/Facades/Facade.php(361): Illuminate/Database/DatabaseManager->__call('transaction', Array)
#30 D:/Alyasheiee/backend/app/Modules/ProjectManagement/Services/ProjectService.php(18): Illuminate/Support/Facades/Facade::__callStatic('transaction', Array)
#31 D:/Alyasheiee/backend/app/Modules/ProjectManagement/Controllers/ProjectController.php(34): App/Modules/ProjectManagement/Services/ProjectService->createProject(Object(App/Modules/ProjectManagement/DTOs/ProjectDTO))
#32 D:/Alyasheiee/backend/vendor/laravel/framework/src/Illuminate/Routing/Controller.php(54): App/Modules/ProjectManagement/Controllers/ProjectController->store(Object(App/Modules/ProjectManagement/Requests/StoreProjectRequest))
#33 D:/Alyasheiee/backend/vendor/laravel/framework/src/Illuminate/Routing/ControllerDispatcher.php(44): Illuminate/Routing/Controller->callAction('store', Array)
#34 D:/Alyasheiee/backend/vendor/laravel/framework/src/Illuminate/Routing/Route.php(266): Illuminate/Routing/ControllerDispatcher->dispatch(Object(Illuminate/Routing/Route), Object(App/Modules/ProjectManagement/Controllers/ProjectController), 'store')
#35 D:/Alyasheiee/backend/vendor/laravel/framework/src/Illuminate/Routing/Route.php(212): Illuminate/Routing/Route->runController()
#36 D:/Alyasheiee/backend/vendor/laravel/framework/src/Illuminate/Routing/Router.php(808): Illuminate/Routing/Route->run()
#37 D:/Alyasheiee/backend/vendor/laravel/framework/src/Illuminate/Pipeline/Pipeline.php(170): Illuminate/Routing/Router->Illuminate/Routing/{closure}(Object(Illuminate/Http/Request))
#38 D:/Alyasheiee/backend/vendor/laravel/framework/src/Illuminate/Routing/Middleware/SubstituteBindings.php(51): Illuminate/Pipeline/Pipeline->Illuminate/Pipeline/{closure}(Object(Illuminate/Http/Request))
#39 D:/Alyasheiee/backend/vendor/laravel/framework/src/Illuminate/Pipeline/Pipeline.php(209): Illuminate/Routing/Middleware/SubstituteBindings->handle(Object(Illuminate/Http/Request), Object(Closure))
#40 D:/Alyasheiee/backend/vendor/laravel/framework/src/Illuminate/Auth/Middleware/Authenticate.php(64): Illuminate/Pipeline/Pipeline->Illuminate/Pipeline/{closure}(Object(Illuminate/Http/Request))
#41 D:/Alyasheiee/backend/vendor/laravel/framework/src/Illuminate/Pipeline/Pipeline.php(209): Illuminate/Auth/Middleware/Authenticate->handle(Object(Illuminate/Http/Request), Object(Closure), 'sanctum')
#42 D:/Alyasheiee/backend/vendor/laravel/framework/src/Illuminate/Pipeline/Pipeline.php(127): Illuminate/Pipeline/Pipeline->Illuminate/Pipeline/{closure}(Object(Illuminate/Http/Request))
#43 D:/Alyasheiee/backend/vendor/laravel/framework/src/Illuminate/Routing/Router.php(807): Illuminate/Pipeline/Pipeline->then(Object(Closure))
#44 D:/Alyasheiee/backend/vendor/laravel/framework/src/Illuminate/Routing/Router.php(786): Illuminate/Routing/Router->runRouteWithinStack(Object(Illuminate/Routing/Route), Object(Illuminate/Http/Request))
#45 D:/Alyasheiee/backend/vendor/laravel/framework/src/Illuminate/Routing/Router.php(750): Illuminate/Routing/Router->runRoute(Object(Illuminate/Http/Request), Object(Illuminate/Routing/Route))
#46 D:/Alyasheiee/backend/vendor/laravel/framework/src/Illuminate/Routing/Router.php(739): Illuminate/Routing/Router->dispatchToRoute(Object(Illuminate/Http/Request))
#47 D:/Alyasheiee/backend/vendor/laravel/framework/src/Illuminate/Foundation/Http/Kernel.php(201): Illuminate/Routing/Router->dispatch(Object(Illuminate/Http/Request))
#48 D:/Alyasheiee/backend/vendor/laravel/framework/src/Illuminate/Pipeline/Pipeline.php(170): Illuminate/Foundation/Http/Kernel->Illuminate/Foundation/Http/{closure}(Object(Illuminate/Http/Request))
#49 D:/Alyasheiee/backend/vendor/laravel/framework/src/Illuminate/Foundation/Http/Middleware/TransformsRequest.php(21): Illuminate/Pipeline/Pipeline->Illuminate/Pipeline/{closure}(Object(Illuminate/Http/Request))
#50 D:/Alyasheiee/backend/vendor/laravel/framework/src/Illuminate/Foundation/Http/Middleware/ConvertEmptyStringsToNull.php(31): Illuminate/Foundation/Http/Middleware/TransformsRequest->handle(Object(Illuminate/Http/Request), Object(Closure))
#51 D:/Alyasheiee/backend/vendor/laravel/framework/src/Illuminate/Pipeline/Pipeline.php(209): Illuminate/Foundation/Http/Middleware/ConvertEmptyStringsToNull->handle(Object(Illuminate/Http/Request), Object(Closure))
#52 D:/Alyasheiee/backend/vendor/laravel/framework/src/Illuminate/Foundation/Http/Middleware/TransformsRequest.php(21): Illuminate/Pipeline/Pipeline->Illuminate/Pipeline/{closure}(Object(Illuminate/Http/Request))
#53 D:/Alyasheiee/backend/vendor/laravel/framework/src/Illuminate/Foundation/Http/Middleware/TrimStrings.php(51): Illuminate/Foundation/Http/Middleware/TransformsRequest->handle(Object(Illuminate/Http/Request), Object(Closure))
#54 D:/Alyasheiee/backend/vendor/laravel/framework/src/Illuminate/Pipeline/Pipeline.php(209): Illuminate/Foundation/Http/Middleware/TrimStrings->handle(Object(Illuminate/Http/Request), Object(Closure))
#55 D:/Alyasheiee/backend/vendor/laravel/framework/src/Illuminate/Http/Middleware/ValidatePostSize.php(27): Illuminate/Pipeline/Pipeline->Illuminate/Pipeline/{closure}(Object(Illuminate/Http/Request))
#56 D:/Alyasheiee/backend/vendor/laravel/framework/src/Illuminate/Pipeline/Pipeline.php(209): Illuminate/Http/Middleware/ValidatePostSize->handle(Object(Illuminate/Http/Request), Object(Closure))
#57 D:/Alyasheiee/backend/vendor/laravel/framework/src/Illuminate/Foundation/Http/Middleware/PreventRequestsDuringMaintenance.php(110): Illuminate/Pipeline/Pipeline->Illuminate/Pipeline/{closure}(Object(Illuminate/Http/Request))
#58 D:/Alyasheiee/backend/vendor/laravel/framework/src/Illuminate/Pipeline/Pipeline.php(209): Illuminate/Foundation/Http/Middleware/PreventRequestsDuringMaintenance->handle(Object(Illuminate/Http/Request), Object(Closure))
#59 D:/Alyasheiee/backend/vendor/laravel/framework/src/Illuminate/Http/Middleware/HandleCors.php(62): Illuminate/Pipeline/Pipeline->Illuminate/Pipeline/{closure}(Object(Illuminate/Http/Request))
#60 D:/Alyasheiee/backend/vendor/laravel/framework/src/Illuminate/Pipeline/Pipeline.php(209): Illuminate/Http/Middleware/HandleCors->handle(Object(Illuminate/Http/Request), Object(Closure))
#61 D:/Alyasheiee/backend/vendor/laravel/framework/src/Illuminate/Http/Middleware/TrustProxies.php(58): Illuminate/Pipeline/Pipeline->Illuminate/Pipeline/{closure}(Object(Illuminate/Http/Request))
#62 D:/Alyasheiee/backend/vendor/laravel/framework/src/Illuminate/Pipeline/Pipeline.php(209): Illuminate/Http/Middleware/TrustProxies->handle(Object(Illuminate/Http/Request), Object(Closure))
#63 D:/Alyasheiee/backend/vendor/laravel/framework/src/Illuminate/Foundation/Http/Middleware/InvokeDeferredCallbacks.php(22): Illuminate/Pipeline/Pipeline->Illuminate/Pipeline/{closure}(Object(Illuminate/Http/Request))
#64 D:/Alyasheiee/backend/vendor/laravel/framework/src/Illuminate/Pipeline/Pipeline.php(209): Illuminate/Foundation/Http/Middleware/InvokeDeferredCallbacks->handle(Object(Illuminate/Http/Request), Object(Closure))
#65 D:/Alyasheiee/backend/vendor/laravel/framework/src/Illuminate/Pipeline/Pipeline.php(127): Illuminate/Pipeline/Pipeline->Illuminate/Pipeline/{closure}(Object(Illuminate/Http/Request))
#66 D:/Alyasheiee/backend/vendor/laravel/framework/src/Illuminate/Foundation/Http/Kernel.php(176): Illuminate/Pipeline/Pipeline->then(Object(Closure))
#67 D:/Alyasheiee/backend/vendor/laravel/framework/src/Illuminate/Foundation/Http/Kernel.php(145): Illuminate/Foundation/Http/Kernel->sendRequestThroughRouter(Object(Illuminate/Http/Request))
#68 D:/Alyasheiee/backend/vendor/laravel/framework/src/Illuminate/Foundation/Application.php(1220): Illuminate/Foundation/Http/Kernel->handle(Object(Illuminate/Http/Request))
#69 D:/Alyasheiee/backend/public/index.php(17): Illuminate/Foundation/Application->handleRequest(Object(Illuminate/Http/Request))
#70 D:/Alyasheiee/backend/vendor/laravel/framework/src/Illuminate/Foundation/resources/server.php(23): require_once('D://Alyasheiee//b...')
#71 {main}
"} 
[2026-06-30 16:08:15] local.ERROR: SQLSTATE[22P02]: Invalid text representation: 7 ERROR:  invalid input syntax for type uuid: "1"
CONTEXT:  unnamed portal parameter $3 = '...' (Connection: pgsql, SQL: insert into "activity_log" ("log_name", "properties", "causer_id", "causer_type", "batch_uuid", "event", "subject_id", "subject_type", "description", "updated_at", "created_at") values (default, {"attributes":{"code":"dd-55","name":"\u0645\u0634\u0631\u0648\u0639 \u0631\u0627\u0633 \u0639\u064a\u0633\u0649","status":"planning","progress_percentage":0}}, 1, App\Models\User, ?, created, a225e0d4-ae0a-47cd-a947-c4c7c4fb82a2, App\Modules\ProjectManagement\Models\Project, created, 2026-06-30 16:08:15, 2026-06-30 16:08:15) returning "id") {"userId":1,"exception":"[object] (Illuminate\\Database\\QueryException(code: 22P02): SQLSTATE[22P02]: Invalid text representation: 7 ERROR:  invalid input syntax for type uuid: \"1\"
CONTEXT:  unnamed portal parameter $3 = '...' (Connection: pgsql, SQL: insert into \"activity_log\" (\"log_name\", \"properties\", \"causer_id\", \"causer_type\", \"batch_uuid\", \"event\", \"subject_id\", \"subject_type\", \"description\", \"updated_at\", \"created_at\") values (default, {\"attributes\":{\"code\":\"dd-55\",\"name\":\"\\u0645\\u0634\\u0631\\u0648\\u0639 \\u0631\\u0627\\u0633 \\u0639\\u064a\\u0633\\u0649\",\"status\":\"planning\",\"progress_percentage\":0}}, 1, App\\Models\\User, ?, created, a225e0d4-ae0a-47cd-a947-c4c7c4fb82a2, App\\Modules\\ProjectManagement\\Models\\Project, created, 2026-06-30 16:08:15, 2026-06-30 16:08:15) returning \"id\") at D:/Alyasheiee/backend/vendor/laravel/framework/src/Illuminate/Database/Connection.php:825)
[stacktrace]
#0 D:/Alyasheiee/backend/vendor/laravel/framework/src/Illuminate/Database/Connection.php(779): Illuminate/Database/Connection->runQueryCallback('insert into \"ac...', Array, Object(Closure))
#1 D:/Alyasheiee/backend/vendor/laravel/framework/src/Illuminate/Database/Connection.php(398): Illuminate/Database/Connection->run('insert into \"ac...', Array, Object(Closure))
#2 D:/Alyasheiee/backend/vendor/laravel/framework/src/Illuminate/Database/Connection.php(385): Illuminate/Database/Connection->select('insert into \"ac...', Array, false)
#3 D:/Alyasheiee/backend/vendor/laravel/framework/src/Illuminate/Database/Query/Processors/PostgresProcessor.php(24): Illuminate/Database/Connection->selectFromWriteConnection('insert into \"ac...', Array)
#4 D:/Alyasheiee/backend/vendor/laravel/framework/src/Illuminate/Database/Query/Builder.php(3766): Illuminate/Database/Query/Processors/PostgresProcessor->processInsertGetId(Object(Illuminate/Database/Query/Builder), 'insert into \"ac...', Array, 'id')
#5 D:/Alyasheiee/backend/vendor/laravel/framework/src/Illuminate/Database/Eloquent/Builder.php(2120): Illuminate/Database/Query/Builder->insertGetId(Array, 'id')
#6 D:/Alyasheiee/backend/vendor/laravel/framework/src/Illuminate/Database/Eloquent/Model.php(1359): Illuminate/Database/Eloquent/Builder->__call('insertGetId', Array)
#7 D:/Alyasheiee/backend/vendor/laravel/framework/src/Illuminate/Database/Eloquent/Model.php(1324): Illuminate/Database/Eloquent/Model->insertAndSetId(Object(Illuminate/Database/Eloquent/Builder), Array)
#8 D:/Alyasheiee/backend/vendor/laravel/framework/src/Illuminate/Database/Eloquent/Model.php(1163): Illuminate/Database/Eloquent/Model->performInsert(Object(Illuminate/Database/Eloquent/Builder))
#9 D:/Alyasheiee/backend/vendor/spatie/laravel-activitylog/src/ActivityLogger.php(176): Illuminate/Database/Eloquent/Model->save()
#10 D:/Alyasheiee/backend/vendor/spatie/laravel-activitylog/src/Traits/LogsActivity.php(84): Spatie/Activitylog/ActivityLogger->log('created')
#11 D:/Alyasheiee/backend/vendor/laravel/framework/src/Illuminate/Events/Dispatcher.php(459): App/Modules/ProjectManagement/Models/Project::Spatie/Activitylog/Traits/{closure}(Object(App/Modules/ProjectManagement/Models/Project))
#12 D:/Alyasheiee/backend/vendor/laravel/framework/src/Illuminate/Events/Dispatcher.php(287): Illuminate/Events/Dispatcher->Illuminate/Events/{closure}('eloquent.create...', Array)
#13 D:/Alyasheiee/backend/vendor/laravel/framework/src/Illuminate/Events/Dispatcher.php(267): Illuminate/Events/Dispatcher->invokeListeners('eloquent.create...', Array, false)
#14 D:/Alyasheiee/backend/vendor/laravel/framework/src/Illuminate/Database/Eloquent/Concerns/HasEvents.php(224): Illuminate/Events/Dispatcher->dispatch('eloquent.create...', Array)
#15 D:/Alyasheiee/backend/vendor/laravel/framework/src/Illuminate/Database/Eloquent/Model.php(1345): Illuminate/Database/Eloquent/Model->fireModelEvent('created', false)
#16 D:/Alyasheiee/backend/vendor/laravel/framework/src/Illuminate/Database/Eloquent/Model.php(1163): Illuminate/Database/Eloquent/Model->performInsert(Object(Illuminate/Database/Eloquent/Builder))
#17 D:/Alyasheiee/backend/vendor/laravel/framework/src/Illuminate/Database/Eloquent/Builder.php(1128): Illuminate/Database/Eloquent/Model->save()
#18 D:/Alyasheiee/backend/vendor/laravel/framework/src/Illuminate/Support/helpers.php(399): Illuminate/Database/Eloquent/Builder->Illuminate/Database/Eloquent/{closure}(Object(App/Modules/ProjectManagement/Models/Project))
#19 D:/Alyasheiee/backend/vendor/laravel/framework/src/Illuminate/Database/Eloquent/Builder.php(1127): tap(Object(App/Modules/ProjectManagement/Models/Project), Object(Closure))
#20 D:/Alyasheiee/backend/vendor/laravel/framework/src/Illuminate/Support/Traits/ForwardsCalls.php(23): Illuminate/Database/Eloquent/Builder->create(Array)
#21 D:/Alyasheiee/backend/vendor/laravel/framework/src/Illuminate/Database/Eloquent/Model.php(2372): Illuminate/Database/Eloquent/Model->forwardCallTo(Object(Illuminate/Database/Eloquent/Builder), 'create', Array)
#22 D:/Alyasheiee/backend/vendor/laravel/framework/src/Illuminate/Database/Eloquent/Model.php(2384): Illuminate/Database/Eloquent/Model->__call('create', Array)
#23 D:/Alyasheiee/backend/app/Modules/ProjectManagement/Repositories/ProjectRepository.php(23): Illuminate/Database/Eloquent/Model::__callStatic('create', Array)
#24 D:/Alyasheiee/backend/app/Modules/ProjectManagement/Services/ProjectService.php(20): App/Modules/ProjectManagement/Repositories/ProjectRepository->create(Array)
#25 D:/Alyasheiee/backend/vendor/laravel/framework/src/Illuminate/Database/Concerns/ManagesTransactions.php(32): App/Modules/ProjectManagement/Services/ProjectService->App/Modules/ProjectManagement/Services/{closure}(Object(Illuminate/Database/PostgresConnection))
#26 D:/Alyasheiee/backend/vendor/laravel/framework/src/Illuminate/Database/DatabaseManager.php(495): Illuminate/Database/Connection->transaction(Object(Closure))
#27 D:/Alyasheiee/backend/vendor/laravel/framework/src/Illuminate/Support/Facades/Facade.php(361): Illuminate/Database/DatabaseManager->__call('transaction', Array)
#28 D:/Alyasheiee/backend/app/Modules/ProjectManagement/Services/ProjectService.php(18): Illuminate/Support/Facades/Facade::__callStatic('transaction', Array)
#29 D:/Alyasheiee/backend/app/Modules/ProjectManagement/Controllers/ProjectController.php(34): App/Modules/ProjectManagement/Services/ProjectService->createProject(Object(App/Modules/ProjectManagement/DTOs/ProjectDTO))
#30 D:/Alyasheiee/backend/vendor/laravel/framework/src/Illuminate/Routing/Controller.php(54): App/Modules/ProjectManagement/Controllers/ProjectController->store(Object(App/Modules/ProjectManagement/Requests/StoreProjectRequest))
#31 D:/Alyasheiee/backend/vendor/laravel/framework/src/Illuminate/Routing/ControllerDispatcher.php(44): Illuminate/Routing/Controller->callAction('store', Array)
#32 D:/Alyasheiee/backend/vendor/laravel/framework/src/Illuminate/Routing/Route.php(266): Illuminate/Routing/ControllerDispatcher->dispatch(Object(Illuminate/Routing/Route), Object(App/Modules/ProjectManagement/Controllers/ProjectController), 'store')
#33 D:/Alyasheiee/backend/vendor/laravel/framework/src/Illuminate/Routing/Route.php(212): Illuminate/Routing/Route->runController()
#34 D:/Alyasheiee/backend/vendor/laravel/framework/src/Illuminate/Routing/Router.php(808): Illuminate/Routing/Route->run()
#35 D:/Alyasheiee/backend/vendor/laravel/framework/src/Illuminate/Pipeline/Pipeline.php(170): Illuminate/Routing/Router->Illuminate/Routing/{closure}(Object(Illuminate/Http/Request))
#36 D:/Alyasheiee/backend/vendor/laravel/framework/src/Illuminate/Routing/Middleware/SubstituteBindings.php(51): Illuminate/Pipeline/Pipeline->Illuminate/Pipeline/{closure}(Object(Illuminate/Http/Request))
#37 D:/Alyasheiee/backend/vendor/laravel/framework/src/Illuminate/Pipeline/Pipeline.php(209): Illuminate/Routing/Middleware/SubstituteBindings->handle(Object(Illuminate/Http/Request), Object(Closure))
#38 D:/Alyasheiee/backend/vendor/laravel/framework/src/Illuminate/Auth/Middleware/Authenticate.php(64): Illuminate/Pipeline/Pipeline->Illuminate/Pipeline/{closure}(Object(Illuminate/Http/Request))
#39 D:/Alyasheiee/backend/vendor/laravel/framework/src/Illuminate/Pipeline/Pipeline.php(209): Illuminate/Auth/Middleware/Authenticate->handle(Object(Illuminate/Http/Request), Object(Closure), 'sanctum')
#40 D:/Alyasheiee/backend/vendor/laravel/framework/src/Illuminate/Pipeline/Pipeline.php(127): Illuminate/Pipeline/Pipeline->Illuminate/Pipeline/{closure}(Object(Illuminate/Http/Request))
#41 D:/Alyasheiee/backend/vendor/laravel/framework/src/Illuminate/Routing/Router.php(807): Illuminate/Pipeline/Pipeline->then(Object(Closure))
#42 D:/Alyasheiee/backend/vendor/laravel/framework/src/Illuminate/Routing/Router.php(786): Illuminate/Routing/Router->runRouteWithinStack(Object(Illuminate/Routing/Route), Object(Illuminate/Http/Request))
#43 D:/Alyasheiee/backend/vendor/laravel/framework/src/Illuminate/Routing/Router.php(750): Illuminate/Routing/Router->runRoute(Object(Illuminate/Http/Request), Object(Illuminate/Routing/Route))
#44 D:/Alyasheiee/backend/vendor/laravel/framework/src/Illuminate/Routing/Router.php(739): Illuminate/Routing/Router->dispatchToRoute(Object(Illuminate/Http/Request))
#45 D:/Alyasheiee/backend/vendor/laravel/framework/src/Illuminate/Foundation/Http/Kernel.php(201): Illuminate/Routing/Router->dispatch(Object(Illuminate/Http/Request))
#46 D:/Alyasheiee/backend/vendor/laravel/framework/src/Illuminate/Pipeline/Pipeline.php(170): Illuminate/Foundation/Http/Kernel->Illuminate/Foundation/Http/{closure}(Object(Illuminate/Http/Request))
#47 D:/Alyasheiee/backend/vendor/laravel/framework/src/Illuminate/Foundation/Http/Middleware/TransformsRequest.php(21): Illuminate/Pipeline/Pipeline->Illuminate/Pipeline/{closure}(Object(Illuminate/Http/Request))
#48 D:/Alyasheiee/backend/vendor/laravel/framework/src/Illuminate/Foundation/Http/Middleware/ConvertEmptyStringsToNull.php(31): Illuminate/Foundation/Http/Middleware/TransformsRequest->handle(Object(Illuminate/Http/Request), Object(Closure))
#49 D:/Alyasheiee/backend/vendor/laravel/framework/src/Illuminate/Pipeline/Pipeline.php(209): Illuminate/Foundation/Http/Middleware/ConvertEmptyStringsToNull->handle(Object(Illuminate/Http/Request), Object(Closure))
#50 D:/Alyasheiee/backend/vendor/laravel/framework/src/Illuminate/Foundation/Http/Middleware/TransformsRequest.php(21): Illuminate/Pipeline/Pipeline->Illuminate/Pipeline/{closure}(Object(Illuminate/Http/Request))
#51 D:/Alyasheiee/backend/vendor/laravel/framework/src/Illuminate/Foundation/Http/Middleware/TrimStrings.php(51): Illuminate/Foundation/Http/Middleware/TransformsRequest->handle(Object(Illuminate/Http/Request), Object(Closure))
#52 D:/Alyasheiee/backend/vendor/laravel/framework/src/Illuminate/Pipeline/Pipeline.php(209): Illuminate/Foundation/Http/Middleware/TrimStrings->handle(Object(Illuminate/Http/Request), Object(Closure))
#53 D:/Alyasheiee/backend/vendor/laravel/framework/src/Illuminate/Http/Middleware/ValidatePostSize.php(27): Illuminate/Pipeline/Pipeline->Illuminate/Pipeline/{closure}(Object(Illuminate/Http/Request))
#54 D:/Alyasheiee/backend/vendor/laravel/framework/src/Illuminate/Pipeline/Pipeline.php(209): Illuminate/Http/Middleware/ValidatePostSize->handle(Object(Illuminate/Http/Request), Object(Closure))
#55 D:/Alyasheiee/backend/vendor/laravel/framework/src/Illuminate/Foundation/Http/Middleware/PreventRequestsDuringMaintenance.php(110): Illuminate/Pipeline/Pipeline->Illuminate/Pipeline/{closure}(Object(Illuminate/Http/Request))
#56 D:/Alyasheiee/backend/vendor/laravel/framework/src/Illuminate/Pipeline/Pipeline.php(209): Illuminate/Foundation/Http/Middleware/PreventRequestsDuringMaintenance->handle(Object(Illuminate/Http/Request), Object(Closure))
#57 D:/Alyasheiee/backend/vendor/laravel/framework/src/Illuminate/Http/Middleware/HandleCors.php(62): Illuminate/Pipeline/Pipeline->Illuminate/Pipeline/{closure}(Object(Illuminate/Http/Request))
#58 D:/Alyasheiee/backend/vendor/laravel/framework/src/Illuminate/Pipeline/Pipeline.php(209): Illuminate/Http/Middleware/HandleCors->handle(Object(Illuminate/Http/Request), Object(Closure))
#59 D:/Alyasheiee/backend/vendor/laravel/framework/src/Illuminate/Http/Middleware/TrustProxies.php(58): Illuminate/Pipeline/Pipeline->Illuminate/Pipeline/{closure}(Object(Illuminate/Http/Request))
#60 D:/Alyasheiee/backend/vendor/laravel/framework/src/Illuminate/Pipeline/Pipeline.php(209): Illuminate/Http/Middleware/TrustProxies->handle(Object(Illuminate/Http/Request), Object(Closure))
#61 D:/Alyasheiee/backend/vendor/laravel/framework/src/Illuminate/Foundation/Http/Middleware/InvokeDeferredCallbacks.php(22): Illuminate/Pipeline/Pipeline->Illuminate/Pipeline/{closure}(Object(Illuminate/Http/Request))
#62 D:/Alyasheiee/backend/vendor/laravel/framework/src/Illuminate/Pipeline/Pipeline.php(209): Illuminate/Foundation/Http/Middleware/InvokeDeferredCallbacks->handle(Object(Illuminate/Http/Request), Object(Closure))
#63 D:/Alyasheiee/backend/vendor/laravel/framework/src/Illuminate/Pipeline/Pipeline.php(127): Illuminate/Pipeline/Pipeline->Illuminate/Pipeline/{closure}(Object(Illuminate/Http/Request))
#64 D:/Alyasheiee/backend/vendor/laravel/framework/src/Illuminate/Foundation/Http/Kernel.php(176): Illuminate/Pipeline/Pipeline->then(Object(Closure))
#65 D:/Alyasheiee/backend/vendor/laravel/framework/src/Illuminate/Foundation/Http/Kernel.php(145): Illuminate/Foundation/Http/Kernel->sendRequestThroughRouter(Object(Illuminate/Http/Request))
#66 D:/Alyasheiee/backend/vendor/laravel/framework/src/Illuminate/Foundation/Application.php(1220): Illuminate/Foundation/Http/Kernel->handle(Object(Illuminate/Http/Request))
#67 D:/Alyasheiee/backend/public/index.php(17): Illuminate/Foundation/Application->handleRequest(Object(Illuminate/Http/Request))
#68 D:/Alyasheiee/backend/vendor/laravel/framework/src/Illuminate/Foundation/resources/server.php(23): require_once('D://Alyasheiee//b...')
#69 {main}

[previous exception] [object] (PDOException(code: 22P02): SQLSTATE[22P02]: Invalid text representation: 7 ERROR:  invalid input syntax for type uuid: \"1\"
CONTEXT:  unnamed portal parameter $3 = '...' at D:/Alyasheiee/backend/vendor/laravel/framework/src/Illuminate/Database/Connection.php:412)
[stacktrace]
#0 D:/Alyasheiee/backend/vendor/laravel/framework/src/Illuminate/Database/Connection.php(412): PDOStatement->execute()
#1 D:/Alyasheiee/backend/vendor/laravel/framework/src/Illuminate/Database/Connection.php(812): Illuminate/Database/Connection->Illuminate/Database/{closure}('insert into \"ac...', Array)
#2 D:/Alyasheiee/backend/vendor/laravel/framework/src/Illuminate/Database/Connection.php(779): Illuminate/Database/Connection->runQueryCallback('insert into \"ac...', Array, Object(Closure))
#3 D:/Alyasheiee/backend/vendor/laravel/framework/src/Illuminate/Database/Connection.php(398): Illuminate/Database/Connection->run('insert into \"ac...', Array, Object(Closure))
#4 D:/Alyasheiee/backend/vendor/laravel/framework/src/Illuminate/Database/Connection.php(385): Illuminate/Database/Connection->select('insert into \"ac...', Array, false)
#5 D:/Alyasheiee/backend/vendor/laravel/framework/src/Illuminate/Database/Query/Processors/PostgresProcessor.php(24): Illuminate/Database/Connection->selectFromWriteConnection('insert into \"ac...', Array)
#6 D:/Alyasheiee/backend/vendor/laravel/framework/src/Illuminate/Database/Query/Builder.php(3766): Illuminate/Database/Query/Processors/PostgresProcessor->processInsertGetId(Object(Illuminate/Database/Query/Builder), 'insert into \"ac...', Array, 'id')
#7 D:/Alyasheiee/backend/vendor/laravel/framework/src/Illuminate/Database/Eloquent/Builder.php(2120): Illuminate/Database/Query/Builder->insertGetId(Array, 'id')
#8 D:/Alyasheiee/backend/vendor/laravel/framework/src/Illuminate/Database/Eloquent/Model.php(1359): Illuminate/Database/Eloquent/Builder->__call('insertGetId', Array)
#9 D:/Alyasheiee/backend/vendor/laravel/framework/src/Illuminate/Database/Eloquent/Model.php(1324): Illuminate/Database/Eloquent/Model->insertAndSetId(Object(Illuminate/Database/Eloquent/Builder), Array)
#10 D:/Alyasheiee/backend/vendor/laravel/framework/src/Illuminate/Database/Eloquent/Model.php(1163): Illuminate/Database/Eloquent/Model->performInsert(Object(Illuminate/Database/Eloquent/Builder))
#11 D:/Alyasheiee/backend/vendor/spatie/laravel-activitylog/src/ActivityLogger.php(176): Illuminate/Database/Eloquent/Model->save()
#12 D:/Alyasheiee/backend/vendor/spatie/laravel-activitylog/src/Traits/LogsActivity.php(84): Spatie/Activitylog/ActivityLogger->log('created')
#13 D:/Alyasheiee/backend/vendor/laravel/framework/src/Illuminate/Events/Dispatcher.php(459): App/Modules/ProjectManagement/Models/Project::Spatie/Activitylog/Traits/{closure}(Object(App/Modules/ProjectManagement/Models/Project))
#14 D:/Alyasheiee/backend/vendor/laravel/framework/src/Illuminate/Events/Dispatcher.php(287): Illuminate/Events/Dispatcher->Illuminate/Events/{closure}('eloquent.create...', Array)
#15 D:/Alyasheiee/backend/vendor/laravel/framework/src/Illuminate/Events/Dispatcher.php(267): Illuminate/Events/Dispatcher->invokeListeners('eloquent.create...', Array, false)
#16 D:/Alyasheiee/backend/vendor/laravel/framework/src/Illuminate/Database/Eloquent/Concerns/HasEvents.php(224): Illuminate/Events/Dispatcher->dispatch('eloquent.create...', Array)
#17 D:/Alyasheiee/backend/vendor/laravel/framework/src/Illuminate/Database/Eloquent/Model.php(1345): Illuminate/Database/Eloquent/Model->fireModelEvent('created', false)
#18 D:/Alyasheiee/backend/vendor/laravel/framework/src/Illuminate/Database/Eloquent/Model.php(1163): Illuminate/Database/Eloquent/Model->performInsert(Object(Illuminate/Database/Eloquent/Builder))
#19 D:/Alyasheiee/backend/vendor/laravel/framework/src/Illuminate/Database/Eloquent/Builder.php(1128): Illuminate/Database/Eloquent/Model->save()
#20 D:/Alyasheiee/backend/vendor/laravel/framework/src/Illuminate/Support/helpers.php(399): Illuminate/Database/Eloquent/Builder->Illuminate/Database/Eloquent/{closure}(Object(App/Modules/ProjectManagement/Models/Project))
#21 D:/Alyasheiee/backend/vendor/laravel/framework/src/Illuminate/Database/Eloquent/Builder.php(1127): tap(Object(App/Modules/ProjectManagement/Models/Project), Object(Closure))
#22 D:/Alyasheiee/backend/vendor/laravel/framework/src/Illuminate/Support/Traits/ForwardsCalls.php(23): Illuminate/Database/Eloquent/Builder->create(Array)
#23 D:/Alyasheiee/backend/vendor/laravel/framework/src/Illuminate/Database/Eloquent/Model.php(2372): Illuminate/Database/Eloquent/Model->forwardCallTo(Object(Illuminate/Database/Eloquent/Builder), 'create', Array)
#24 D:/Alyasheiee/backend/vendor/laravel/framework/src/Illuminate/Database/Eloquent/Model.php(2384): Illuminate/Database/Eloquent/Model->__call('create', Array)
#25 D:/Alyasheiee/backend/app/Modules/ProjectManagement/Repositories/ProjectRepository.php(23): Illuminate/Database/Eloquent/Model::__callStatic('create', Array)
#26 D:/Alyasheiee/backend/app/Modules/ProjectManagement/Services/ProjectService.php(20): App/Modules/ProjectManagement/Repositories/ProjectRepository->create(Array)
#27 D:/Alyasheiee/backend/vendor/laravel/framework/src/Illuminate/Database/Concerns/ManagesTransactions.php(32): App/Modules/ProjectManagement/Services/ProjectService->App/Modules/ProjectManagement/Services/{closure}(Object(Illuminate/Database/PostgresConnection))
#28 D:/Alyasheiee/backend/vendor/laravel/framework/src/Illuminate/Database/DatabaseManager.php(495): Illuminate/Database/Connection->transaction(Object(Closure))
#29 D:/Alyasheiee/backend/vendor/laravel/framework/src/Illuminate/Support/Facades/Facade.php(361): Illuminate/Database/DatabaseManager->__call('transaction', Array)
#30 D:/Alyasheiee/backend/app/Modules/ProjectManagement/Services/ProjectService.php(18): Illuminate/Support/Facades/Facade::__callStatic('transaction', Array)
#31 D:/Alyasheiee/backend/app/Modules/ProjectManagement/Controllers/ProjectController.php(34): App/Modules/ProjectManagement/Services/ProjectService->createProject(Object(App/Modules/ProjectManagement/DTOs/ProjectDTO))
#32 D:/Alyasheiee/backend/vendor/laravel/framework/src/Illuminate/Routing/Controller.php(54): App/Modules/ProjectManagement/Controllers/ProjectController->store(Object(App/Modules/ProjectManagement/Requests/StoreProjectRequest))
#33 D:/Alyasheiee/backend/vendor/laravel/framework/src/Illuminate/Routing/ControllerDispatcher.php(44): Illuminate/Routing/Controller->callAction('store', Array)
#34 D:/Alyasheiee/backend/vendor/laravel/framework/src/Illuminate/Routing/Route.php(266): Illuminate/Routing/ControllerDispatcher->dispatch(Object(Illuminate/Routing/Route), Object(App/Modules/ProjectManagement/Controllers/ProjectController), 'store')
#35 D:/Alyasheiee/backend/vendor/laravel/framework/src/Illuminate/Routing/Route.php(212): Illuminate/Routing/Route->runController()
#36 D:/Alyasheiee/backend/vendor/laravel/framework/src/Illuminate/Routing/Router.php(808): Illuminate/Routing/Route->run()
#37 D:/Alyasheiee/backend/vendor/laravel/framework/src/Illuminate/Pipeline/Pipeline.php(170): Illuminate/Routing/Router->Illuminate/Routing/{closure}(Object(Illuminate/Http/Request))
#38 D:/Alyasheiee/backend/vendor/laravel/framework/src/Illuminate/Routing/Middleware/SubstituteBindings.php(51): Illuminate/Pipeline/Pipeline->Illuminate/Pipeline/{closure}(Object(Illuminate/Http/Request))
#39 D:/Alyasheiee/backend/vendor/laravel/framework/src/Illuminate/Pipeline/Pipeline.php(209): Illuminate/Routing/Middleware/SubstituteBindings->handle(Object(Illuminate/Http/Request), Object(Closure))
#40 D:/Alyasheiee/backend/vendor/laravel/framework/src/Illuminate/Auth/Middleware/Authenticate.php(64): Illuminate/Pipeline/Pipeline->Illuminate/Pipeline/{closure}(Object(Illuminate/Http/Request))
#41 D:/Alyasheiee/backend/vendor/laravel/framework/src/Illuminate/Pipeline/Pipeline.php(209): Illuminate/Auth/Middleware/Authenticate->handle(Object(Illuminate/Http/Request), Object(Closure), 'sanctum')
#42 D:/Alyasheiee/backend/vendor/laravel/framework/src/Illuminate/Pipeline/Pipeline.php(127): Illuminate/Pipeline/Pipeline->Illuminate/Pipeline/{closure}(Object(Illuminate/Http/Request))
#43 D:/Alyasheiee/backend/vendor/laravel/framework/src/Illuminate/Routing/Router.php(807): Illuminate/Pipeline/Pipeline->then(Object(Closure))
#44 D:/Alyasheiee/backend/vendor/laravel/framework/src/Illuminate/Routing/Router.php(786): Illuminate/Routing/Router->runRouteWithinStack(Object(Illuminate/Routing/Route), Object(Illuminate/Http/Request))
#45 D:/Alyasheiee/backend/vendor/laravel/framework/src/Illuminate/Routing/Router.php(750): Illuminate/Routing/Router->runRoute(Object(Illuminate/Http/Request), Object(Illuminate/Routing/Route))
#46 D:/Alyasheiee/backend/vendor/laravel/framework/src/Illuminate/Routing/Router.php(739): Illuminate/Routing/Router->dispatchToRoute(Object(Illuminate/Http/Request))
#47 D:/Alyasheiee/backend/vendor/laravel/framework/src/Illuminate/Foundation/Http/Kernel.php(201): Illuminate/Routing/Router->dispatch(Object(Illuminate/Http/Request))
#48 D:/Alyasheiee/backend/vendor/laravel/framework/src/Illuminate/Pipeline/Pipeline.php(170): Illuminate/Foundation/Http/Kernel->Illuminate/Foundation/Http/{closure}(Object(Illuminate/Http/Request))
#49 D:/Alyasheiee/backend/vendor/laravel/framework/src/Illuminate/Foundation/Http/Middleware/TransformsRequest.php(21): Illuminate/Pipeline/Pipeline->Illuminate/Pipeline/{closure}(Object(Illuminate/Http/Request))
#50 D:/Alyasheiee/backend/vendor/laravel/framework/src/Illuminate/Foundation/Http/Middleware/ConvertEmptyStringsToNull.php(31): Illuminate/Foundation/Http/Middleware/TransformsRequest->handle(Object(Illuminate/Http/Request), Object(Closure))
#51 D:/Alyasheiee/backend/vendor/laravel/framework/src/Illuminate/Pipeline/Pipeline.php(209): Illuminate/Foundation/Http/Middleware/ConvertEmptyStringsToNull->handle(Object(Illuminate/Http/Request), Object(Closure))
#52 D:/Alyasheiee/backend/vendor/laravel/framework/src/Illuminate/Foundation/Http/Middleware/TransformsRequest.php(21): Illuminate/Pipeline/Pipeline->Illuminate/Pipeline/{closure}(Object(Illuminate/Http/Request))
#53 D:/Alyasheiee/backend/vendor/laravel/framework/src/Illuminate/Foundation/Http/Middleware/TrimStrings.php(51): Illuminate/Foundation/Http/Middleware/TransformsRequest->handle(Object(Illuminate/Http/Request), Object(Closure))
#54 D:/Alyasheiee/backend/vendor/laravel/framework/src/Illuminate/Pipeline/Pipeline.php(209): Illuminate/Foundation/Http/Middleware/TrimStrings->handle(Object(Illuminate/Http/Request), Object(Closure))
#55 D:/Alyasheiee/backend/vendor/laravel/framework/src/Illuminate/Http/Middleware/ValidatePostSize.php(27): Illuminate/Pipeline/Pipeline->Illuminate/Pipeline/{closure}(Object(Illuminate/Http/Request))
#56 D:/Alyasheiee/backend/vendor/laravel/framework/src/Illuminate/Pipeline/Pipeline.php(209): Illuminate/Http/Middleware/ValidatePostSize->handle(Object(Illuminate/Http/Request), Object(Closure))
#57 D:/Alyasheiee/backend/vendor/laravel/framework/src/Illuminate/Foundation/Http/Middleware/PreventRequestsDuringMaintenance.php(110): Illuminate/Pipeline/Pipeline->Illuminate/Pipeline/{closure}(Object(Illuminate/Http/Request))
#58 D:/Alyasheiee/backend/vendor/laravel/framework/src/Illuminate/Pipeline/Pipeline.php(209): Illuminate/Foundation/Http/Middleware/PreventRequestsDuringMaintenance->handle(Object(Illuminate/Http/Request), Object(Closure))
#59 D:/Alyasheiee/backend/vendor/laravel/framework/src/Illuminate/Http/Middleware/HandleCors.php(62): Illuminate/Pipeline/Pipeline->Illuminate/Pipeline/{closure}(Object(Illuminate/Http/Request))
#60 D:/Alyasheiee/backend/vendor/laravel/framework/src/Illuminate/Pipeline/Pipeline.php(209): Illuminate/Http/Middleware/HandleCors->handle(Object(Illuminate/Http/Request), Object(Closure))
#61 D:/Alyasheiee/backend/vendor/laravel/framework/src/Illuminate/Http/Middleware/TrustProxies.php(58): Illuminate/Pipeline/Pipeline->Illuminate/Pipeline/{closure}(Object(Illuminate/Http/Request))
#62 D:/Alyasheiee/backend/vendor/laravel/framework/src/Illuminate/Pipeline/Pipeline.php(209): Illuminate/Http/Middleware/TrustProxies->handle(Object(Illuminate/Http/Request), Object(Closure))
#63 D:/Alyasheiee/backend/vendor/laravel/framework/src/Illuminate/Foundation/Http/Middleware/InvokeDeferredCallbacks.php(22): Illuminate/Pipeline/Pipeline->Illuminate/Pipeline/{closure}(Object(Illuminate/Http/Request))
#64 D:/Alyasheiee/backend/vendor/laravel/framework/src/Illuminate/Pipeline/Pipeline.php(209): Illuminate/Foundation/Http/Middleware/InvokeDeferredCallbacks->handle(Object(Illuminate/Http/Request), Object(Closure))
#65 D:/Alyasheiee/backend/vendor/laravel/framework/src/Illuminate/Pipeline/Pipeline.php(127): Illuminate/Pipeline/Pipeline->Illuminate/Pipeline/{closure}(Object(Illuminate/Http/Request))
#66 D:/Alyasheiee/backend/vendor/laravel/framework/src/Illuminate/Foundation/Http/Kernel.php(176): Illuminate/Pipeline/Pipeline->then(Object(Closure))
#67 D:/Alyasheiee/backend/vendor/laravel/framework/src/Illuminate/Foundation/Http/Kernel.php(145): Illuminate/Foundation/Http/Kernel->sendRequestThroughRouter(Object(Illuminate/Http/Request))
#68 D:/Alyasheiee/backend/vendor/laravel/framework/src/Illuminate/Foundation/Application.php(1220): Illuminate/Foundation/Http/Kernel->handle(Object(Illuminate/Http/Request))
#69 D:/Alyasheiee/backend/public/index.php(17): Illuminate/Foundation/Application->handleRequest(Object(Illuminate/Http/Request))
#70 D:/Alyasheiee/backend/vendor/laravel/framework/src/Illuminate/Foundation/resources/server.php(23): require_once('D://Alyasheiee//b...')
#71 {main}
"} 
[2026-06-30 16:08:29] local.ERROR: SQLSTATE[22P02]: Invalid text representation: 7 ERROR:  invalid input syntax for type uuid: "1"
CONTEXT:  unnamed portal parameter $3 = '...' (Connection: pgsql, SQL: insert into "activity_log" ("log_name", "properties", "causer_id", "causer_type", "batch_uuid", "event", "subject_id", "subject_type", "description", "updated_at", "created_at") values (default, {"attributes":{"code":"dd-55","name":"\u0645\u0634\u0631\u0648\u0639 \u0631\u0627\u0633 \u0639\u064a\u0633\u0649","status":"active","progress_percentage":0}}, 1, App\Models\User, ?, created, a225e0ea-5fa4-422e-9299-1ee0a9ec2d76, App\Modules\ProjectManagement\Models\Project, created, 2026-06-30 16:08:29, 2026-06-30 16:08:29) returning "id") {"userId":1,"exception":"[object] (Illuminate\\Database\\QueryException(code: 22P02): SQLSTATE[22P02]: Invalid text representation: 7 ERROR:  invalid input syntax for type uuid: \"1\"
CONTEXT:  unnamed portal parameter $3 = '...' (Connection: pgsql, SQL: insert into \"activity_log\" (\"log_name\", \"properties\", \"causer_id\", \"causer_type\", \"batch_uuid\", \"event\", \"subject_id\", \"subject_type\", \"description\", \"updated_at\", \"created_at\") values (default, {\"attributes\":{\"code\":\"dd-55\",\"name\":\"\\u0645\\u0634\\u0631\\u0648\\u0639 \\u0631\\u0627\\u0633 \\u0639\\u064a\\u0633\\u0649\",\"status\":\"active\",\"progress_percentage\":0}}, 1, App\\Models\\User, ?, created, a225e0ea-5fa4-422e-9299-1ee0a9ec2d76, App\\Modules\\ProjectManagement\\Models\\Project, created, 2026-06-30 16:08:29, 2026-06-30 16:08:29) returning \"id\") at D:/Alyasheiee/backend/vendor/laravel/framework/src/Illuminate/Database/Connection.php:825)
[stacktrace]
#0 D:/Alyasheiee/backend/vendor/laravel/framework/src/Illuminate/Database/Connection.php(779): Illuminate/Database/Connection->runQueryCallback('insert into \"ac...', Array, Object(Closure))
#1 D:/Alyasheiee/backend/vendor/laravel/framework/src/Illuminate/Database/Connection.php(398): Illuminate/Database/Connection->run('insert into \"ac...', Array, Object(Closure))
#2 D:/Alyasheiee/backend/vendor/laravel/framework/src/Illuminate/Database/Connection.php(385): Illuminate/Database/Connection->select('insert into \"ac...', Array, false)
#3 D:/Alyasheiee/backend/vendor/laravel/framework/src/Illuminate/Database/Query/Processors/PostgresProcessor.php(24): Illuminate/Database/Connection->selectFromWriteConnection('insert into \"ac...', Array)
#4 D:/Alyasheiee/backend/vendor/laravel/framework/src/Illuminate/Database/Query/Builder.php(3766): Illuminate/Database/Query/Processors/PostgresProcessor->processInsertGetId(Object(Illuminate/Database/Query/Builder), 'insert into \"ac...', Array, 'id')
#5 D:/Alyasheiee/backend/vendor/laravel/framework/src/Illuminate/Database/Eloquent/Builder.php(2120): Illuminate/Database/Query/Builder->insertGetId(Array, 'id')
#6 D:/Alyasheiee/backend/vendor/laravel/framework/src/Illuminate/Database/Eloquent/Model.php(1359): Illuminate/Database/Eloquent/Builder->__call('insertGetId', Array)
#7 D:/Alyasheiee/backend/vendor/laravel/framework/src/Illuminate/Database/Eloquent/Model.php(1324): Illuminate/Database/Eloquent/Model->insertAndSetId(Object(Illuminate/Database/Eloquent/Builder), Array)
#8 D:/Alyasheiee/backend/vendor/laravel/framework/src/Illuminate/Database/Eloquent/Model.php(1163): Illuminate/Database/Eloquent/Model->performInsert(Object(Illuminate/Database/Eloquent/Builder))
#9 D:/Alyasheiee/backend/vendor/spatie/laravel-activitylog/src/ActivityLogger.php(176): Illuminate/Database/Eloquent/Model->save()
#10 D:/Alyasheiee/backend/vendor/spatie/laravel-activitylog/src/Traits/LogsActivity.php(84): Spatie/Activitylog/ActivityLogger->log('created')
#11 D:/Alyasheiee/backend/vendor/laravel/framework/src/Illuminate/Events/Dispatcher.php(459): App/Modules/ProjectManagement/Models/Project::Spatie/Activitylog/Traits/{closure}(Object(App/Modules/ProjectManagement/Models/Project))
#12 D:/Alyasheiee/backend/vendor/laravel/framework/src/Illuminate/Events/Dispatcher.php(287): Illuminate/Events/Dispatcher->Illuminate/Events/{closure}('eloquent.create...', Array)
#13 D:/Alyasheiee/backend/vendor/laravel/framework/src/Illuminate/Events/Dispatcher.php(267): Illuminate/Events/Dispatcher->invokeListeners('eloquent.create...', Array, false)
#14 D:/Alyasheiee/backend/vendor/laravel/framework/src/Illuminate/Database/Eloquent/Concerns/HasEvents.php(224): Illuminate/Events/Dispatcher->dispatch('eloquent.create...', Array)
#15 D:/Alyasheiee/backend/vendor/laravel/framework/src/Illuminate/Database/Eloquent/Model.php(1345): Illuminate/Database/Eloquent/Model->fireModelEvent('created', false)
#16 D:/Alyasheiee/backend/vendor/laravel/framework/src/Illuminate/Database/Eloquent/Model.php(1163): Illuminate/Database/Eloquent/Model->performInsert(Object(Illuminate/Database/Eloquent/Builder))
#17 D:/Alyasheiee/backend/vendor/laravel/framework/src/Illuminate/Database/Eloquent/Builder.php(1128): Illuminate/Database/Eloquent/Model->save()
#18 D:/Alyasheiee/backend/vendor/laravel/framework/src/Illuminate/Support/helpers.php(399): Illuminate/Database/Eloquent/Builder->Illuminate/Database/Eloquent/{closure}(Object(App/Modules/ProjectManagement/Models/Project))
#19 D:/Alyasheiee/backend/vendor/laravel/framework/src/Illuminate/Database/Eloquent/Builder.php(1127): tap(Object(App/Modules/ProjectManagement/Models/Project), Object(Closure))
#20 D:/Alyasheiee/backend/vendor/laravel/framework/src/Illuminate/Support/Traits/ForwardsCalls.php(23): Illuminate/Database/Eloquent/Builder->create(Array)
#21 D:/Alyasheiee/backend/vendor/laravel/framework/src/Illuminate/Database/Eloquent/Model.php(2372): Illuminate/Database/Eloquent/Model->forwardCallTo(Object(Illuminate/Database/Eloquent/Builder), 'create', Array)
#22 D:/Alyasheiee/backend/vendor/laravel/framework/src/Illuminate/Database/Eloquent/Model.php(2384): Illuminate/Database/Eloquent/Model->__call('create', Array)
#23 D:/Alyasheiee/backend/app/Modules/ProjectManagement/Repositories/ProjectRepository.php(23): Illuminate/Database/Eloquent/Model::__callStatic('create', Array)
#24 D:/Alyasheiee/backend/app/Modules/ProjectManagement/Services/ProjectService.php(20): App/Modules/ProjectManagement/Repositories/ProjectRepository->create(Array)
#25 D:/Alyasheiee/backend/vendor/laravel/framework/src/Illuminate/Database/Concerns/ManagesTransactions.php(32): App/Modules/ProjectManagement/Services/ProjectService->App/Modules/ProjectManagement/Services/{closure}(Object(Illuminate/Database/PostgresConnection))
#26 D:/Alyasheiee/backend/vendor/laravel/framework/src/Illuminate/Database/DatabaseManager.php(495): Illuminate/Database/Connection->transaction(Object(Closure))
#27 D:/Alyasheiee/backend/vendor/laravel/framework/src/Illuminate/Support/Facades/Facade.php(361): Illuminate/Database/DatabaseManager->__call('transaction', Array)
#28 D:/Alyasheiee/backend/app/Modules/ProjectManagement/Services/ProjectService.php(18): Illuminate/Support/Facades/Facade::__callStatic('transaction', Array)
#29 D:/Alyasheiee/backend/app/Modules/ProjectManagement/Controllers/ProjectController.php(34): App/Modules/ProjectManagement/Services/ProjectService->createProject(Object(App/Modules/ProjectManagement/DTOs/ProjectDTO))
#30 D:/Alyasheiee/backend/vendor/laravel/framework/src/Illuminate/Routing/Controller.php(54): App/Modules/ProjectManagement/Controllers/ProjectController->store(Object(App/Modules/ProjectManagement/Requests/StoreProjectRequest))
#31 D:/Alyasheiee/backend/vendor/laravel/framework/src/Illuminate/Routing/ControllerDispatcher.php(44): Illuminate/Routing/Controller->callAction('store', Array)
#32 D:/Alyasheiee/backend/vendor/laravel/framework/src/Illuminate/Routing/Route.php(266): Illuminate/Routing/ControllerDispatcher->dispatch(Object(Illuminate/Routing/Route), Object(App/Modules/ProjectManagement/Controllers/ProjectController), 'store')
#33 D:/Alyasheiee/backend/vendor/laravel/framework/src/Illuminate/Routing/Route.php(212): Illuminate/Routing/Route->runController()
#34 D:/Alyasheiee/backend/vendor/laravel/framework/src/Illuminate/Routing/Router.php(808): Illuminate/Routing/Route->run()
#35 D:/Alyasheiee/backend/vendor/laravel/framework/src/Illuminate/Pipeline/Pipeline.php(170): Illuminate/Routing/Router->Illuminate/Routing/{closure}(Object(Illuminate/Http/Request))
#36 D:/Alyasheiee/backend/vendor/laravel/framework/src/Illuminate/Routing/Middleware/SubstituteBindings.php(51): Illuminate/Pipeline/Pipeline->Illuminate/Pipeline/{closure}(Object(Illuminate/Http/Request))
#37 D:/Alyasheiee/backend/vendor/laravel/framework/src/Illuminate/Pipeline/Pipeline.php(209): Illuminate/Routing/Middleware/SubstituteBindings->handle(Object(Illuminate/Http/Request), Object(Closure))
#38 D:/Alyasheiee/backend/vendor/laravel/framework/src/Illuminate/Auth/Middleware/Authenticate.php(64): Illuminate/Pipeline/Pipeline->Illuminate/Pipeline/{closure}(Object(Illuminate/Http/Request))
#39 D:/Alyasheiee/backend/vendor/laravel/framework/src/Illuminate/Pipeline/Pipeline.php(209): Illuminate/Auth/Middleware/Authenticate->handle(Object(Illuminate/Http/Request), Object(Closure), 'sanctum')
#40 D:/Alyasheiee/backend/vendor/laravel/framework/src/Illuminate/Pipeline/Pipeline.php(127): Illuminate/Pipeline/Pipeline->Illuminate/Pipeline/{closure}(Object(Illuminate/Http/Request))
#41 D:/Alyasheiee/backend/vendor/laravel/framework/src/Illuminate/Routing/Router.php(807): Illuminate/Pipeline/Pipeline->then(Object(Closure))
#42 D:/Alyasheiee/backend/vendor/laravel/framework/src/Illuminate/Routing/Router.php(786): Illuminate/Routing/Router->runRouteWithinStack(Object(Illuminate/Routing/Route), Object(Illuminate/Http/Request))
#43 D:/Alyasheiee/backend/vendor/laravel/framework/src/Illuminate/Routing/Router.php(750): Illuminate/Routing/Router->runRoute(Object(Illuminate/Http/Request), Object(Illuminate/Routing/Route))
#44 D:/Alyasheiee/backend/vendor/laravel/framework/src/Illuminate/Routing/Router.php(739): Illuminate/Routing/Router->dispatchToRoute(Object(Illuminate/Http/Request))
#45 D:/Alyasheiee/backend/vendor/laravel/framework/src/Illuminate/Foundation/Http/Kernel.php(201): Illuminate/Routing/Router->dispatch(Object(Illuminate/Http/Request))
#46 D:/Alyasheiee/backend/vendor/laravel/framework/src/Illuminate/Pipeline/Pipeline.php(170): Illuminate/Foundation/Http/Kernel->Illuminate/Foundation/Http/{closure}(Object(Illuminate/Http/Request))
#47 D:/Alyasheiee/backend/vendor/laravel/framework/src/Illuminate/Foundation/Http/Middleware/TransformsRequest.php(21): Illuminate/Pipeline/Pipeline->Illuminate/Pipeline/{closure}(Object(Illuminate/Http/Request))
#48 D:/Alyasheiee/backend/vendor/laravel/framework/src/Illuminate/Foundation/Http/Middleware/ConvertEmptyStringsToNull.php(31): Illuminate/Foundation/Http/Middleware/TransformsRequest->handle(Object(Illuminate/Http/Request), Object(Closure))
#49 D:/Alyasheiee/backend/vendor/laravel/framework/src/Illuminate/Pipeline/Pipeline.php(209): Illuminate/Foundation/Http/Middleware/ConvertEmptyStringsToNull->handle(Object(Illuminate/Http/Request), Object(Closure))
#50 D:/Alyasheiee/backend/vendor/laravel/framework/src/Illuminate/Foundation/Http/Middleware/TransformsRequest.php(21): Illuminate/Pipeline/Pipeline->Illuminate/Pipeline/{closure}(Object(Illuminate/Http/Request))
#51 D:/Alyasheiee/backend/vendor/laravel/framework/src/Illuminate/Foundation/Http/Middleware/TrimStrings.php(51): Illuminate/Foundation/Http/Middleware/TransformsRequest->handle(Object(Illuminate/Http/Request), Object(Closure))
#52 D:/Alyasheiee/backend/vendor/laravel/framework/src/Illuminate/Pipeline/Pipeline.php(209): Illuminate/Foundation/Http/Middleware/TrimStrings->handle(Object(Illuminate/Http/Request), Object(Closure))
#53 D:/Alyasheiee/backend/vendor/laravel/framework/src/Illuminate/Http/Middleware/ValidatePostSize.php(27): Illuminate/Pipeline/Pipeline->Illuminate/Pipeline/{closure}(Object(Illuminate/Http/Request))
#54 D:/Alyasheiee/backend/vendor/laravel/framework/src/Illuminate/Pipeline/Pipeline.php(209): Illuminate/Http/Middleware/ValidatePostSize->handle(Object(Illuminate/Http/Request), Object(Closure))
#55 D:/Alyasheiee/backend/vendor/laravel/framework/src/Illuminate/Foundation/Http/Middleware/PreventRequestsDuringMaintenance.php(110): Illuminate/Pipeline/Pipeline->Illuminate/Pipeline/{closure}(Object(Illuminate/Http/Request))
#56 D:/Alyasheiee/backend/vendor/laravel/framework/src/Illuminate/Pipeline/Pipeline.php(209): Illuminate/Foundation/Http/Middleware/PreventRequestsDuringMaintenance->handle(Object(Illuminate/Http/Request), Object(Closure))
#57 D:/Alyasheiee/backend/vendor/laravel/framework/src/Illuminate/Http/Middleware/HandleCors.php(62): Illuminate/Pipeline/Pipeline->Illuminate/Pipeline/{closure}(Object(Illuminate/Http/Request))
#58 D:/Alyasheiee/backend/vendor/laravel/framework/src/Illuminate/Pipeline/Pipeline.php(209): Illuminate/Http/Middleware/HandleCors->handle(Object(Illuminate/Http/Request), Object(Closure))
#59 D:/Alyasheiee/backend/vendor/laravel/framework/src/Illuminate/Http/Middleware/TrustProxies.php(58): Illuminate/Pipeline/Pipeline->Illuminate/Pipeline/{closure}(Object(Illuminate/Http/Request))
#60 D:/Alyasheiee/backend/vendor/laravel/framework/src/Illuminate/Pipeline/Pipeline.php(209): Illuminate/Http/Middleware/TrustProxies->handle(Object(Illuminate/Http/Request), Object(Closure))
#61 D:/Alyasheiee/backend/vendor/laravel/framework/src/Illuminate/Foundation/Http/Middleware/InvokeDeferredCallbacks.php(22): Illuminate/Pipeline/Pipeline->Illuminate/Pipeline/{closure}(Object(Illuminate/Http/Request))
#62 D:/Alyasheiee/backend/vendor/laravel/framework/src/Illuminate/Pipeline/Pipeline.php(209): Illuminate/Foundation/Http/Middleware/InvokeDeferredCallbacks->handle(Object(Illuminate/Http/Request), Object(Closure))
#63 D:/Alyasheiee/backend/vendor/laravel/framework/src/Illuminate/Pipeline/Pipeline.php(127): Illuminate/Pipeline/Pipeline->Illuminate/Pipeline/{closure}(Object(Illuminate/Http/Request))
#64 D:/Alyasheiee/backend/vendor/laravel/framework/src/Illuminate/Foundation/Http/Kernel.php(176): Illuminate/Pipeline/Pipeline->then(Object(Closure))
#65 D:/Alyasheiee/backend/vendor/laravel/framework/src/Illuminate/Foundation/Http/Kernel.php(145): Illuminate/Foundation/Http/Kernel->sendRequestThroughRouter(Object(Illuminate/Http/Request))
#66 D:/Alyasheiee/backend/vendor/laravel/framework/src/Illuminate/Foundation/Application.php(1220): Illuminate/Foundation/Http/Kernel->handle(Object(Illuminate/Http/Request))
#67 D:/Alyasheiee/backend/public/index.php(17): Illuminate/Foundation/Application->handleRequest(Object(Illuminate/Http/Request))
#68 D:/Alyasheiee/backend/vendor/laravel/framework/src/Illuminate/Foundation/resources/server.php(23): require_once('D://Alyasheiee//b...')
#69 {main}

[previous exception] [object] (PDOException(code: 22P02): SQLSTATE[22P02]: Invalid text representation: 7 ERROR:  invalid input syntax for type uuid: \"1\"
CONTEXT:  unnamed portal parameter $3 = '...' at D:/Alyasheiee/backend/vendor/laravel/framework/src/Illuminate/Database/Connection.php:412)
[stacktrace]
#0 D:/Alyasheiee/backend/vendor/laravel/framework/src/Illuminate/Database/Connection.php(412): PDOStatement->execute()
#1 D:/Alyasheiee/backend/vendor/laravel/framework/src/Illuminate/Database/Connection.php(812): Illuminate/Database/Connection->Illuminate/Database/{closure}('insert into \"ac...', Array)
#2 D:/Alyasheiee/backend/vendor/laravel/framework/src/Illuminate/Database/Connection.php(779): Illuminate/Database/Connection->runQueryCallback('insert into \"ac...', Array, Object(Closure))
#3 D:/Alyasheiee/backend/vendor/laravel/framework/src/Illuminate/Database/Connection.php(398): Illuminate/Database/Connection->run('insert into \"ac...', Array, Object(Closure))
#4 D:/Alyasheiee/backend/vendor/laravel/framework/src/Illuminate/Database/Connection.php(385): Illuminate/Database/Connection->select('insert into \"ac...', Array, false)
#5 D:/Alyasheiee/backend/vendor/laravel/framework/src/Illuminate/Database/Query/Processors/PostgresProcessor.php(24): Illuminate/Database/Connection->selectFromWriteConnection('insert into \"ac...', Array)
#6 D:/Alyasheiee/backend/vendor/laravel/framework/src/Illuminate/Database/Query/Builder.php(3766): Illuminate/Database/Query/Processors/PostgresProcessor->processInsertGetId(Object(Illuminate/Database/Query/Builder), 'insert into \"ac...', Array, 'id')
#7 D:/Alyasheiee/backend/vendor/laravel/framework/src/Illuminate/Database/Eloquent/Builder.php(2120): Illuminate/Database/Query/Builder->insertGetId(Array, 'id')
#8 D:/Alyasheiee/backend/vendor/laravel/framework/src/Illuminate/Database/Eloquent/Model.php(1359): Illuminate/Database/Eloquent/Builder->__call('insertGetId', Array)
#9 D:/Alyasheiee/backend/vendor/laravel/framework/src/Illuminate/Database/Eloquent/Model.php(1324): Illuminate/Database/Eloquent/Model->insertAndSetId(Object(Illuminate/Database/Eloquent/Builder), Array)
#10 D:/Alyasheiee/backend/vendor/laravel/framework/src/Illuminate/Database/Eloquent/Model.php(1163): Illuminate/Database/Eloquent/Model->performInsert(Object(Illuminate/Database/Eloquent/Builder))
#11 D:/Alyasheiee/backend/vendor/spatie/laravel-activitylog/src/ActivityLogger.php(176): Illuminate/Database/Eloquent/Model->save()
#12 D:/Alyasheiee/backend/vendor/spatie/laravel-activitylog/src/Traits/LogsActivity.php(84): Spatie/Activitylog/ActivityLogger->log('created')
#13 D:/Alyasheiee/backend/vendor/laravel/framework/src/Illuminate/Events/Dispatcher.php(459): App/Modules/ProjectManagement/Models/Project::Spatie/Activitylog/Traits/{closure}(Object(App/Modules/ProjectManagement/Models/Project))
#14 D:/Alyasheiee/backend/vendor/laravel/framework/src/Illuminate/Events/Dispatcher.php(287): Illuminate/Events/Dispatcher->Illuminate/Events/{closure}('eloquent.create...', Array)
#15 D:/Alyasheiee/backend/vendor/laravel/framework/src/Illuminate/Events/Dispatcher.php(267): Illuminate/Events/Dispatcher->invokeListeners('eloquent.create...', Array, false)
#16 D:/Alyasheiee/backend/vendor/laravel/framework/src/Illuminate/Database/Eloquent/Concerns/HasEvents.php(224): Illuminate/Events/Dispatcher->dispatch('eloquent.create...', Array)
#17 D:/Alyasheiee/backend/vendor/laravel/framework/src/Illuminate/Database/Eloquent/Model.php(1345): Illuminate/Database/Eloquent/Model->fireModelEvent('created', false)
#18 D:/Alyasheiee/backend/vendor/laravel/framework/src/Illuminate/Database/Eloquent/Model.php(1163): Illuminate/Database/Eloquent/Model->performInsert(Object(Illuminate/Database/Eloquent/Builder))
#19 D:/Alyasheiee/backend/vendor/laravel/framework/src/Illuminate/Database/Eloquent/Builder.php(1128): Illuminate/Database/Eloquent/Model->save()
#20 D:/Alyasheiee/backend/vendor/laravel/framework/src/Illuminate/Support/helpers.php(399): Illuminate/Database/Eloquent/Builder->Illuminate/Database/Eloquent/{closure}(Object(App/Modules/ProjectManagement/Models/Project))
#21 D:/Alyasheiee/backend/vendor/laravel/framework/src/Illuminate/Database/Eloquent/Builder.php(1127): tap(Object(App/Modules/ProjectManagement/Models/Project), Object(Closure))
#22 D:/Alyasheiee/backend/vendor/laravel/framework/src/Illuminate/Support/Traits/ForwardsCalls.php(23): Illuminate/Database/Eloquent/Builder->create(Array)
#23 D:/Alyasheiee/backend/vendor/laravel/framework/src/Illuminate/Database/Eloquent/Model.php(2372): Illuminate/Database/Eloquent/Model->forwardCallTo(Object(Illuminate/Database/Eloquent/Builder), 'create', Array)
#24 D:/Alyasheiee/backend/vendor/laravel/framework/src/Illuminate/Database/Eloquent/Model.php(2384): Illuminate/Database/Eloquent/Model->__call('create', Array)
#25 D:/Alyasheiee/backend/app/Modules/ProjectManagement/Repositories/ProjectRepository.php(23): Illuminate/Database/Eloquent/Model::__callStatic('create', Array)
#26 D:/Alyasheiee/backend/app/Modules/ProjectManagement/Services/ProjectService.php(20): App/Modules/ProjectManagement/Repositories/ProjectRepository->create(Array)
#27 D:/Alyasheiee/backend/vendor/laravel/framework/src/Illuminate/Database/Concerns/ManagesTransactions.php(32): App/Modules/ProjectManagement/Services/ProjectService->App/Modules/ProjectManagement/Services/{closure}(Object(Illuminate/Database/PostgresConnection))
#28 D:/Alyasheiee/backend/vendor/laravel/framework/src/Illuminate/Database/DatabaseManager.php(495): Illuminate/Database/Connection->transaction(Object(Closure))
#29 D:/Alyasheiee/backend/vendor/laravel/framework/src/Illuminate/Support/Facades/Facade.php(361): Illuminate/Database/DatabaseManager->__call('transaction', Array)
#30 D:/Alyasheiee/backend/app/Modules/ProjectManagement/Services/ProjectService.php(18): Illuminate/Support/Facades/Facade::__callStatic('transaction', Array)
#31 D:/Alyasheiee/backend/app/Modules/ProjectManagement/Controllers/ProjectController.php(34): App/Modules/ProjectManagement/Services/ProjectService->createProject(Object(App/Modules/ProjectManagement/DTOs/ProjectDTO))
#32 D:/Alyasheiee/backend/vendor/laravel/framework/src/Illuminate/Routing/Controller.php(54): App/Modules/ProjectManagement/Controllers/ProjectController->store(Object(App/Modules/ProjectManagement/Requests/StoreProjectRequest))
#33 D:/Alyasheiee/backend/vendor/laravel/framework/src/Illuminate/Routing/ControllerDispatcher.php(44): Illuminate/Routing/Controller->callAction('store', Array)
#34 D:/Alyasheiee/backend/vendor/laravel/framework/src/Illuminate/Routing/Route.php(266): Illuminate/Routing/ControllerDispatcher->dispatch(Object(Illuminate/Routing/Route), Object(App/Modules/ProjectManagement/Controllers/ProjectController), 'store')
#35 D:/Alyasheiee/backend/vendor/laravel/framework/src/Illuminate/Routing/Route.php(212): Illuminate/Routing/Route->runController()
#36 D:/Alyasheiee/backend/vendor/laravel/framework/src/Illuminate/Routing/Router.php(808): Illuminate/Routing/Route->run()
#37 D:/Alyasheiee/backend/vendor/laravel/framework/src/Illuminate/Pipeline/Pipeline.php(170): Illuminate/Routing/Router->Illuminate/Routing/{closure}(Object(Illuminate/Http/Request))
#38 D:/Alyasheiee/backend/vendor/laravel/framework/src/Illuminate/Routing/Middleware/SubstituteBindings.php(51): Illuminate/Pipeline/Pipeline->Illuminate/Pipeline/{closure}(Object(Illuminate/Http/Request))
#39 D:/Alyasheiee/backend/vendor/laravel/framework/src/Illuminate/Pipeline/Pipeline.php(209): Illuminate/Routing/Middleware/SubstituteBindings->handle(Object(Illuminate/Http/Request), Object(Closure))
#40 D:/Alyasheiee/backend/vendor/laravel/framework/src/Illuminate/Auth/Middleware/Authenticate.php(64): Illuminate/Pipeline/Pipeline->Illuminate/Pipeline/{closure}(Object(Illuminate/Http/Request))
#41 D:/Alyasheiee/backend/vendor/laravel/framework/src/Illuminate/Pipeline/Pipeline.php(209): Illuminate/Auth/Middleware/Authenticate->handle(Object(Illuminate/Http/Request), Object(Closure), 'sanctum')
#42 D:/Alyasheiee/backend/vendor/laravel/framework/src/Illuminate/Pipeline/Pipeline.php(127): Illuminate/Pipeline/Pipeline->Illuminate/Pipeline/{closure}(Object(Illuminate/Http/Request))
#43 D:/Alyasheiee/backend/vendor/laravel/framework/src/Illuminate/Routing/Router.php(807): Illuminate/Pipeline/Pipeline->then(Object(Closure))
#44 D:/Alyasheiee/backend/vendor/laravel/framework/src/Illuminate/Routing/Router.php(786): Illuminate/Routing/Router->runRouteWithinStack(Object(Illuminate/Routing/Route), Object(Illuminate/Http/Request))
#45 D:/Alyasheiee/backend/vendor/laravel/framework/src/Illuminate/Routing/Router.php(750): Illuminate/Routing/Router->runRoute(Object(Illuminate/Http/Request), Object(Illuminate/Routing/Route))
#46 D:/Alyasheiee/backend/vendor/laravel/framework/src/Illuminate/Routing/Router.php(739): Illuminate/Routing/Router->dispatchToRoute(Object(Illuminate/Http/Request))
#47 D:/Alyasheiee/backend/vendor/laravel/framework/src/Illuminate/Foundation/Http/Kernel.php(201): Illuminate/Routing/Router->dispatch(Object(Illuminate/Http/Request))
#48 D:/Alyasheiee/backend/vendor/laravel/framework/src/Illuminate/Pipeline/Pipeline.php(170): Illuminate/Foundation/Http/Kernel->Illuminate/Foundation/Http/{closure}(Object(Illuminate/Http/Request))
#49 D:/Alyasheiee/backend/vendor/laravel/framework/src/Illuminate/Foundation/Http/Middleware/TransformsRequest.php(21): Illuminate/Pipeline/Pipeline->Illuminate/Pipeline/{closure}(Object(Illuminate/Http/Request))
#50 D:/Alyasheiee/backend/vendor/laravel/framework/src/Illuminate/Foundation/Http/Middleware/ConvertEmptyStringsToNull.php(31): Illuminate/Foundation/Http/Middleware/TransformsRequest->handle(Object(Illuminate/Http/Request), Object(Closure))
#51 D:/Alyasheiee/backend/vendor/laravel/framework/src/Illuminate/Pipeline/Pipeline.php(209): Illuminate/Foundation/Http/Middleware/ConvertEmptyStringsToNull->handle(Object(Illuminate/Http/Request), Object(Closure))
#52 D:/Alyasheiee/backend/vendor/laravel/framework/src/Illuminate/Foundation/Http/Middleware/TransformsRequest.php(21): Illuminate/Pipeline/Pipeline->Illuminate/Pipeline/{closure}(Object(Illuminate/Http/Request))
#53 D:/Alyasheiee/backend/vendor/laravel/framework/src/Illuminate/Foundation/Http/Middleware/TrimStrings.php(51): Illuminate/Foundation/Http/Middleware/TransformsRequest->handle(Object(Illuminate/Http/Request), Object(Closure))
#54 D:/Alyasheiee/backend/vendor/laravel/framework/src/Illuminate/Pipeline/Pipeline.php(209): Illuminate/Foundation/Http/Middleware/TrimStrings->handle(Object(Illuminate/Http/Request), Object(Closure))
#55 D:/Alyasheiee/backend/vendor/laravel/framework/src/Illuminate/Http/Middleware/ValidatePostSize.php(27): Illuminate/Pipeline/Pipeline->Illuminate/Pipeline/{closure}(Object(Illuminate/Http/Request))
#56 D:/Alyasheiee/backend/vendor/laravel/framework/src/Illuminate/Pipeline/Pipeline.php(209): Illuminate/Http/Middleware/ValidatePostSize->handle(Object(Illuminate/Http/Request), Object(Closure))
#57 D:/Alyasheiee/backend/vendor/laravel/framework/src/Illuminate/Foundation/Http/Middleware/PreventRequestsDuringMaintenance.php(110): Illuminate/Pipeline/Pipeline->Illuminate/Pipeline/{closure}(Object(Illuminate/Http/Request))
#58 D:/Alyasheiee/backend/vendor/laravel/framework/src/Illuminate/Pipeline/Pipeline.php(209): Illuminate/Foundation/Http/Middleware/PreventRequestsDuringMaintenance->handle(Object(Illuminate/Http/Request), Object(Closure))
#59 D:/Alyasheiee/backend/vendor/laravel/framework/src/Illuminate/Http/Middleware/HandleCors.php(62): Illuminate/Pipeline/Pipeline->Illuminate/Pipeline/{closure}(Object(Illuminate/Http/Request))
#60 D:/Alyasheiee/backend/vendor/laravel/framework/src/Illuminate/Pipeline/Pipeline.php(209): Illuminate/Http/Middleware/HandleCors->handle(Object(Illuminate/Http/Request), Object(Closure))
#61 D:/Alyasheiee/backend/vendor/laravel/framework/src/Illuminate/Http/Middleware/TrustProxies.php(58): Illuminate/Pipeline/Pipeline->Illuminate/Pipeline/{closure}(Object(Illuminate/Http/Request))
#62 D:/Alyasheiee/backend/vendor/laravel/framework/src/Illuminate/Pipeline/Pipeline.php(209): Illuminate/Http/Middleware/TrustProxies->handle(Object(Illuminate/Http/Request), Object(Closure))
#63 D:/Alyasheiee/backend/vendor/laravel/framework/src/Illuminate/Foundation/Http/Middleware/InvokeDeferredCallbacks.php(22): Illuminate/Pipeline/Pipeline->Illuminate/Pipeline/{closure}(Object(Illuminate/Http/Request))
#64 D:/Alyasheiee/backend/vendor/laravel/framework/src/Illuminate/Pipeline/Pipeline.php(209): Illuminate/Foundation/Http/Middleware/InvokeDeferredCallbacks->handle(Object(Illuminate/Http/Request), Object(Closure))
#65 D:/Alyasheiee/backend/vendor/laravel/framework/src/Illuminate/Pipeline/Pipeline.php(127): Illuminate/Pipeline/Pipeline->Illuminate/Pipeline/{closure}(Object(Illuminate/Http/Request))
#66 D:/Alyasheiee/backend/vendor/laravel/framework/src/Illuminate/Foundation/Http/Kernel.php(176): Illuminate/Pipeline/Pipeline->then(Object(Closure))
#67 D:/Alyasheiee/backend/vendor/laravel/framework/src/Illuminate/Foundation/Http/Kernel.php(145): Illuminate/Foundation/Http/Kernel->sendRequestThroughRouter(Object(Illuminate/Http/Request))
#68 D:/Alyasheiee/backend/vendor/laravel/framework/src/Illuminate/Foundation/Application.php(1220): Illuminate/Foundation/Http/Kernel->handle(Object(Illuminate/Http/Request))
#69 D:/Alyasheiee/backend/public/index.php(17): Illuminate/Foundation/Application->handleRequest(Object(Illuminate/Http/Request))
#70 D:/Alyasheiee/backend/vendor/laravel/framework/src/Illuminate/Foundation/resources/server.php(23): require_once('D://Alyasheiee//b...')
#71 {main}
"} 
[2026-06-30 16:08:41] local.ERROR: SQLSTATE[22P02]: Invalid text representation: 7 ERROR:  invalid input syntax for type uuid: "1"
CONTEXT:  unnamed portal parameter $3 = '...' (Connection: pgsql, SQL: insert into "activity_log" ("log_name", "properties", "causer_id", "causer_type", "batch_uuid", "event", "subject_id", "subject_type", "description", "updated_at", "created_at") values (default, {"attributes":{"code":"dd-55-155","name":"\u0645\u0634\u0631\u0648\u0639 \u0631\u0627\u0633 \u0639\u064a\u0633\u0649","status":"active","progress_percentage":0}}, 1, App\Models\User, ?, created, a225e0fc-2438-4a03-89b6-ab85deabef90, App\Modules\ProjectManagement\Models\Project, created, 2026-06-30 16:08:41, 2026-06-30 16:08:41) returning "id") {"userId":1,"exception":"[object] (Illuminate\\Database\\QueryException(code: 22P02): SQLSTATE[22P02]: Invalid text representation: 7 ERROR:  invalid input syntax for type uuid: \"1\"
CONTEXT:  unnamed portal parameter $3 = '...' (Connection: pgsql, SQL: insert into \"activity_log\" (\"log_name\", \"properties\", \"causer_id\", \"causer_type\", \"batch_uuid\", \"event\", \"subject_id\", \"subject_type\", \"description\", \"updated_at\", \"created_at\") values (default, {\"attributes\":{\"code\":\"dd-55-155\",\"name\":\"\\u0645\\u0634\\u0631\\u0648\\u0639 \\u0631\\u0627\\u0633 \\u0639\\u064a\\u0633\\u0649\",\"status\":\"active\",\"progress_percentage\":0}}, 1, App\\Models\\User, ?, created, a225e0fc-2438-4a03-89b6-ab85deabef90, App\\Modules\\ProjectManagement\\Models\\Project, created, 2026-06-30 16:08:41, 2026-06-30 16:08:41) returning \"id\") at D:/Alyasheiee/backend/vendor/laravel/framework/src/Illuminate/Database/Connection.php:825)
[stacktrace]
#0 D:/Alyasheiee/backend/vendor/laravel/framework/src/Illuminate/Database/Connection.php(779): Illuminate/Database/Connection->runQueryCallback('insert into \"ac...', Array, Object(Closure))
#1 D:/Alyasheiee/backend/vendor/laravel/framework/src/Illuminate/Database/Connection.php(398): Illuminate/Database/Connection->run('insert into \"ac...', Array, Object(Closure))
#2 D:/Alyasheiee/backend/vendor/laravel/framework/src/Illuminate/Database/Connection.php(385): Illuminate/Database/Connection->select('insert into \"ac...', Array, false)
#3 D:/Alyasheiee/backend/vendor/laravel/framework/src/Illuminate/Database/Query/Processors/PostgresProcessor.php(24): Illuminate/Database/Connection->selectFromWriteConnection('insert into \"ac...', Array)
#4 D:/Alyasheiee/backend/vendor/laravel/framework/src/Illuminate/Database/Query/Builder.php(3766): Illuminate/Database/Query/Processors/PostgresProcessor->processInsertGetId(Object(Illuminate/Database/Query/Builder), 'insert into \"ac...', Array, 'id')
#5 D:/Alyasheiee/backend/vendor/laravel/framework/src/Illuminate/Database/Eloquent/Builder.php(2120): Illuminate/Database/Query/Builder->insertGetId(Array, 'id')
#6 D:/Alyasheiee/backend/vendor/laravel/framework/src/Illuminate/Database/Eloquent/Model.php(1359): Illuminate/Database/Eloquent/Builder->__call('insertGetId', Array)
#7 D:/Alyasheiee/backend/vendor/laravel/framework/src/Illuminate/Database/Eloquent/Model.php(1324): Illuminate/Database/Eloquent/Model->insertAndSetId(Object(Illuminate/Database/Eloquent/Builder), Array)
#8 D:/Alyasheiee/backend/vendor/laravel/framework/src/Illuminate/Database/Eloquent/Model.php(1163): Illuminate/Database/Eloquent/Model->performInsert(Object(Illuminate/Database/Eloquent/Builder))
#9 D:/Alyasheiee/backend/vendor/spatie/laravel-activitylog/src/ActivityLogger.php(176): Illuminate/Database/Eloquent/Model->save()
#10 D:/Alyasheiee/backend/vendor/spatie/laravel-activitylog/src/Traits/LogsActivity.php(84): Spatie/Activitylog/ActivityLogger->log('created')
#11 D:/Alyasheiee/backend/vendor/laravel/framework/src/Illuminate/Events/Dispatcher.php(459): App/Modules/ProjectManagement/Models/Project::Spatie/Activitylog/Traits/{closure}(Object(App/Modules/ProjectManagement/Models/Project))
#12 D:/Alyasheiee/backend/vendor/laravel/framework/src/Illuminate/Events/Dispatcher.php(287): Illuminate/Events/Dispatcher->Illuminate/Events/{closure}('eloquent.create...', Array)
#13 D:/Alyasheiee/backend/vendor/laravel/framework/src/Illuminate/Events/Dispatcher.php(267): Illuminate/Events/Dispatcher->invokeListeners('eloquent.create...', Array, false)
#14 D:/Alyasheiee/backend/vendor/laravel/framework/src/Illuminate/Database/Eloquent/Concerns/HasEvents.php(224): Illuminate/Events/Dispatcher->dispatch('eloquent.create...', Array)
#15 D:/Alyasheiee/backend/vendor/laravel/framework/src/Illuminate/Database/Eloquent/Model.php(1345): Illuminate/Database/Eloquent/Model->fireModelEvent('created', false)
#16 D:/Alyasheiee/backend/vendor/laravel/framework/src/Illuminate/Database/Eloquent/Model.php(1163): Illuminate/Database/Eloquent/Model->performInsert(Object(Illuminate/Database/Eloquent/Builder))
#17 D:/Alyasheiee/backend/vendor/laravel/framework/src/Illuminate/Database/Eloquent/Builder.php(1128): Illuminate/Database/Eloquent/Model->save()
#18 D:/Alyasheiee/backend/vendor/laravel/framework/src/Illuminate/Support/helpers.php(399): Illuminate/Database/Eloquent/Builder->Illuminate/Database/Eloquent/{closure}(Object(App/Modules/ProjectManagement/Models/Project))
#19 D:/Alyasheiee/backend/vendor/laravel/framework/src/Illuminate/Database/Eloquent/Builder.php(1127): tap(Object(App/Modules/ProjectManagement/Models/Project), Object(Closure))
#20 D:/Alyasheiee/backend/vendor/laravel/framework/src/Illuminate/Support/Traits/ForwardsCalls.php(23): Illuminate/Database/Eloquent/Builder->create(Array)
#21 D:/Alyasheiee/backend/vendor/laravel/framework/src/Illuminate/Database/Eloquent/Model.php(2372): Illuminate/Database/Eloquent/Model->forwardCallTo(Object(Illuminate/Database/Eloquent/Builder), 'create', Array)
#22 D:/Alyasheiee/backend/vendor/laravel/framework/src/Illuminate/Database/Eloquent/Model.php(2384): Illuminate/Database/Eloquent/Model->__call('create', Array)
#23 D:/Alyasheiee/backend/app/Modules/ProjectManagement/Repositories/ProjectRepository.php(23): Illuminate/Database/Eloquent/Model::__callStatic('create', Array)
#24 D:/Alyasheiee/backend/app/Modules/ProjectManagement/Services/ProjectService.php(20): App/Modules/ProjectManagement/Repositories/ProjectRepository->create(Array)
#25 D:/Alyasheiee/backend/vendor/laravel/framework/src/Illuminate/Database/Concerns/ManagesTransactions.php(32): App/Modules/ProjectManagement/Services/ProjectService->App/Modules/ProjectManagement/Services/{closure}(Object(Illuminate/Database/PostgresConnection))
#26 D:/Alyasheiee/backend/vendor/laravel/framework/src/Illuminate/Database/DatabaseManager.php(495): Illuminate/Database/Connection->transaction(Object(Closure))
#27 D:/Alyasheiee/backend/vendor/laravel/framework/src/Illuminate/Support/Facades/Facade.php(361): Illuminate/Database/DatabaseManager->__call('transaction', Array)
#28 D:/Alyasheiee/backend/app/Modules/ProjectManagement/Services/ProjectService.php(18): Illuminate/Support/Facades/Facade::__callStatic('transaction', Array)
#29 D:/Alyasheiee/backend/app/Modules/ProjectManagement/Controllers/ProjectController.php(34): App/Modules/ProjectManagement/Services/ProjectService->createProject(Object(App/Modules/ProjectManagement/DTOs/ProjectDTO))
#30 D:/Alyasheiee/backend/vendor/laravel/framework/src/Illuminate/Routing/Controller.php(54): App/Modules/ProjectManagement/Controllers/ProjectController->store(Object(App/Modules/ProjectManagement/Requests/StoreProjectRequest))
#31 D:/Alyasheiee/backend/vendor/laravel/framework/src/Illuminate/Routing/ControllerDispatcher.php(44): Illuminate/Routing/Controller->callAction('store', Array)
#32 D:/Alyasheiee/backend/vendor/laravel/framework/src/Illuminate/Routing/Route.php(266): Illuminate/Routing/ControllerDispatcher->dispatch(Object(Illuminate/Routing/Route), Object(App/Modules/ProjectManagement/Controllers/ProjectController), 'store')
#33 D:/Alyasheiee/backend/vendor/laravel/framework/src/Illuminate/Routing/Route.php(212): Illuminate/Routing/Route->runController()
#34 D:/Alyasheiee/backend/vendor/laravel/framework/src/Illuminate/Routing/Router.php(808): Illuminate/Routing/Route->run()
#35 D:/Alyasheiee/backend/vendor/laravel/framework/src/Illuminate/Pipeline/Pipeline.php(170): Illuminate/Routing/Router->Illuminate/Routing/{closure}(Object(Illuminate/Http/Request))
#36 D:/Alyasheiee/backend/vendor/laravel/framework/src/Illuminate/Routing/Middleware/SubstituteBindings.php(51): Illuminate/Pipeline/Pipeline->Illuminate/Pipeline/{closure}(Object(Illuminate/Http/Request))
#37 D:/Alyasheiee/backend/vendor/laravel/framework/src/Illuminate/Pipeline/Pipeline.php(209): Illuminate/Routing/Middleware/SubstituteBindings->handle(Object(Illuminate/Http/Request), Object(Closure))
#38 D:/Alyasheiee/backend/vendor/laravel/framework/src/Illuminate/Auth/Middleware/Authenticate.php(64): Illuminate/Pipeline/Pipeline->Illuminate/Pipeline/{closure}(Object(Illuminate/Http/Request))
#39 D:/Alyasheiee/backend/vendor/laravel/framework/src/Illuminate/Pipeline/Pipeline.php(209): Illuminate/Auth/Middleware/Authenticate->handle(Object(Illuminate/Http/Request), Object(Closure), 'sanctum')
#40 D:/Alyasheiee/backend/vendor/laravel/framework/src/Illuminate/Pipeline/Pipeline.php(127): Illuminate/Pipeline/Pipeline->Illuminate/Pipeline/{closure}(Object(Illuminate/Http/Request))
#41 D:/Alyasheiee/backend/vendor/laravel/framework/src/Illuminate/Routing/Router.php(807): Illuminate/Pipeline/Pipeline->then(Object(Closure))
#42 D:/Alyasheiee/backend/vendor/laravel/framework/src/Illuminate/Routing/Router.php(786): Illuminate/Routing/Router->runRouteWithinStack(Object(Illuminate/Routing/Route), Object(Illuminate/Http/Request))
#43 D:/Alyasheiee/backend/vendor/laravel/framework/src/Illuminate/Routing/Router.php(750): Illuminate/Routing/Router->runRoute(Object(Illuminate/Http/Request), Object(Illuminate/Routing/Route))
#44 D:/Alyasheiee/backend/vendor/laravel/framework/src/Illuminate/Routing/Router.php(739): Illuminate/Routing/Router->dispatchToRoute(Object(Illuminate/Http/Request))
#45 D:/Alyasheiee/backend/vendor/laravel/framework/src/Illuminate/Foundation/Http/Kernel.php(201): Illuminate/Routing/Router->dispatch(Object(Illuminate/Http/Request))
#46 D:/Alyasheiee/backend/vendor/laravel/framework/src/Illuminate/Pipeline/Pipeline.php(170): Illuminate/Foundation/Http/Kernel->Illuminate/Foundation/Http/{closure}(Object(Illuminate/Http/Request))
#47 D:/Alyasheiee/backend/vendor/laravel/framework/src/Illuminate/Foundation/Http/Middleware/TransformsRequest.php(21): Illuminate/Pipeline/Pipeline->Illuminate/Pipeline/{closure}(Object(Illuminate/Http/Request))
#48 D:/Alyasheiee/backend/vendor/laravel/framework/src/Illuminate/Foundation/Http/Middleware/ConvertEmptyStringsToNull.php(31): Illuminate/Foundation/Http/Middleware/TransformsRequest->handle(Object(Illuminate/Http/Request), Object(Closure))
#49 D:/Alyasheiee/backend/vendor/laravel/framework/src/Illuminate/Pipeline/Pipeline.php(209): Illuminate/Foundation/Http/Middleware/ConvertEmptyStringsToNull->handle(Object(Illuminate/Http/Request), Object(Closure))
#50 D:/Alyasheiee/backend/vendor/laravel/framework/src/Illuminate/Foundation/Http/Middleware/TransformsRequest.php(21): Illuminate/Pipeline/Pipeline->Illuminate/Pipeline/{closure}(Object(Illuminate/Http/Request))
#51 D:/Alyasheiee/backend/vendor/laravel/framework/src/Illuminate/Foundation/Http/Middleware/TrimStrings.php(51): Illuminate/Foundation/Http/Middleware/TransformsRequest->handle(Object(Illuminate/Http/Request), Object(Closure))
#52 D:/Alyasheiee/backend/vendor/laravel/framework/src/Illuminate/Pipeline/Pipeline.php(209): Illuminate/Foundation/Http/Middleware/TrimStrings->handle(Object(Illuminate/Http/Request), Object(Closure))
#53 D:/Alyasheiee/backend/vendor/laravel/framework/src/Illuminate/Http/Middleware/ValidatePostSize.php(27): Illuminate/Pipeline/Pipeline->Illuminate/Pipeline/{closure}(Object(Illuminate/Http/Request))
#54 D:/Alyasheiee/backend/vendor/laravel/framework/src/Illuminate/Pipeline/Pipeline.php(209): Illuminate/Http/Middleware/ValidatePostSize->handle(Object(Illuminate/Http/Request), Object(Closure))
#55 D:/Alyasheiee/backend/vendor/laravel/framework/src/Illuminate/Foundation/Http/Middleware/PreventRequestsDuringMaintenance.php(110): Illuminate/Pipeline/Pipeline->Illuminate/Pipeline/{closure}(Object(Illuminate/Http/Request))
#56 D:/Alyasheiee/backend/vendor/laravel/framework/src/Illuminate/Pipeline/Pipeline.php(209): Illuminate/Foundation/Http/Middleware/PreventRequestsDuringMaintenance->handle(Object(Illuminate/Http/Request), Object(Closure))
#57 D:/Alyasheiee/backend/vendor/laravel/framework/src/Illuminate/Http/Middleware/HandleCors.php(62): Illuminate/Pipeline/Pipeline->Illuminate/Pipeline/{closure}(Object(Illuminate/Http/Request))
#58 D:/Alyasheiee/backend/vendor/laravel/framework/src/Illuminate/Pipeline/Pipeline.php(209): Illuminate/Http/Middleware/HandleCors->handle(Object(Illuminate/Http/Request), Object(Closure))
#59 D:/Alyasheiee/backend/vendor/laravel/framework/src/Illuminate/Http/Middleware/TrustProxies.php(58): Illuminate/Pipeline/Pipeline->Illuminate/Pipeline/{closure}(Object(Illuminate/Http/Request))
#60 D:/Alyasheiee/backend/vendor/laravel/framework/src/Illuminate/Pipeline/Pipeline.php(209): Illuminate/Http/Middleware/TrustProxies->handle(Object(Illuminate/Http/Request), Object(Closure))
#61 D:/Alyasheiee/backend/vendor/laravel/framework/src/Illuminate/Foundation/Http/Middleware/InvokeDeferredCallbacks.php(22): Illuminate/Pipeline/Pipeline->Illuminate/Pipeline/{closure}(Object(Illuminate/Http/Request))
#62 D:/Alyasheiee/backend/vendor/laravel/framework/src/Illuminate/Pipeline/Pipeline.php(209): Illuminate/Foundation/Http/Middleware/InvokeDeferredCallbacks->handle(Object(Illuminate/Http/Request), Object(Closure))
#63 D:/Alyasheiee/backend/vendor/laravel/framework/src/Illuminate/Pipeline/Pipeline.php(127): Illuminate/Pipeline/Pipeline->Illuminate/Pipeline/{closure}(Object(Illuminate/Http/Request))
#64 D:/Alyasheiee/backend/vendor/laravel/framework/src/Illuminate/Foundation/Http/Kernel.php(176): Illuminate/Pipeline/Pipeline->then(Object(Closure))
#65 D:/Alyasheiee/backend/vendor/laravel/framework/src/Illuminate/Foundation/Http/Kernel.php(145): Illuminate/Foundation/Http/Kernel->sendRequestThroughRouter(Object(Illuminate/Http/Request))
#66 D:/Alyasheiee/backend/vendor/laravel/framework/src/Illuminate/Foundation/Application.php(1220): Illuminate/Foundation/Http/Kernel->handle(Object(Illuminate/Http/Request))
#67 D:/Alyasheiee/backend/public/index.php(17): Illuminate/Foundation/Application->handleRequest(Object(Illuminate/Http/Request))
#68 D:/Alyasheiee/backend/vendor/laravel/framework/src/Illuminate/Foundation/resources/server.php(23): require_once('D://Alyasheiee//b...')
#69 {main}

[previous exception] [object] (PDOException(code: 22P02): SQLSTATE[22P02]: Invalid text representation: 7 ERROR:  invalid input syntax for type uuid: \"1\"
CONTEXT:  unnamed portal parameter $3 = '...' at D:/Alyasheiee/backend/vendor/laravel/framework/src/Illuminate/Database/Connection.php:412)
[stacktrace]
#0 D:/Alyasheiee/backend/vendor/laravel/framework/src/Illuminate/Database/Connection.php(412): PDOStatement->execute()
#1 D:/Alyasheiee/backend/vendor/laravel/framework/src/Illuminate/Database/Connection.php(812): Illuminate/Database/Connection->Illuminate/Database/{closure}('insert into \"ac...', Array)
#2 D:/Alyasheiee/backend/vendor/laravel/framework/src/Illuminate/Database/Connection.php(779): Illuminate/Database/Connection->runQueryCallback('insert into \"ac...', Array, Object(Closure))
#3 D:/Alyasheiee/backend/vendor/laravel/framework/src/Illuminate/Database/Connection.php(398): Illuminate/Database/Connection->run('insert into \"ac...', Array, Object(Closure))
#4 D:/Alyasheiee/backend/vendor/laravel/framework/src/Illuminate/Database/Connection.php(385): Illuminate/Database/Connection->select('insert into \"ac...', Array, false)
#5 D:/Alyasheiee/backend/vendor/laravel/framework/src/Illuminate/Database/Query/Processors/PostgresProcessor.php(24): Illuminate/Database/Connection->selectFromWriteConnection('insert into \"ac...', Array)
#6 D:/Alyasheiee/backend/vendor/laravel/framework/src/Illuminate/Database/Query/Builder.php(3766): Illuminate/Database/Query/Processors/PostgresProcessor->processInsertGetId(Object(Illuminate/Database/Query/Builder), 'insert into \"ac...', Array, 'id')
#7 D:/Alyasheiee/backend/vendor/laravel/framework/src/Illuminate/Database/Eloquent/Builder.php(2120): Illuminate/Database/Query/Builder->insertGetId(Array, 'id')
#8 D:/Alyasheiee/backend/vendor/laravel/framework/src/Illuminate/Database/Eloquent/Model.php(1359): Illuminate/Database/Eloquent/Builder->__call('insertGetId', Array)
#9 D:/Alyasheiee/backend/vendor/laravel/framework/src/Illuminate/Database/Eloquent/Model.php(1324): Illuminate/Database/Eloquent/Model->insertAndSetId(Object(Illuminate/Database/Eloquent/Builder), Array)
#10 D:/Alyasheiee/backend/vendor/laravel/framework/src/Illuminate/Database/Eloquent/Model.php(1163): Illuminate/Database/Eloquent/Model->performInsert(Object(Illuminate/Database/Eloquent/Builder))
#11 D:/Alyasheiee/backend/vendor/spatie/laravel-activitylog/src/ActivityLogger.php(176): Illuminate/Database/Eloquent/Model->save()
#12 D:/Alyasheiee/backend/vendor/spatie/laravel-activitylog/src/Traits/LogsActivity.php(84): Spatie/Activitylog/ActivityLogger->log('created')
#13 D:/Alyasheiee/backend/vendor/laravel/framework/src/Illuminate/Events/Dispatcher.php(459): App/Modules/ProjectManagement/Models/Project::Spatie/Activitylog/Traits/{closure}(Object(App/Modules/ProjectManagement/Models/Project))
#14 D:/Alyasheiee/backend/vendor/laravel/framework/src/Illuminate/Events/Dispatcher.php(287): Illuminate/Events/Dispatcher->Illuminate/Events/{closure}('eloquent.create...', Array)
#15 D:/Alyasheiee/backend/vendor/laravel/framework/src/Illuminate/Events/Dispatcher.php(267): Illuminate/Events/Dispatcher->invokeListeners('eloquent.create...', Array, false)
#16 D:/Alyasheiee/backend/vendor/laravel/framework/src/Illuminate/Database/Eloquent/Concerns/HasEvents.php(224): Illuminate/Events/Dispatcher->dispatch('eloquent.create...', Array)
#17 D:/Alyasheiee/backend/vendor/laravel/framework/src/Illuminate/Database/Eloquent/Model.php(1345): Illuminate/Database/Eloquent/Model->fireModelEvent('created', false)
#18 D:/Alyasheiee/backend/vendor/laravel/framework/src/Illuminate/Database/Eloquent/Model.php(1163): Illuminate/Database/Eloquent/Model->performInsert(Object(Illuminate/Database/Eloquent/Builder))
#19 D:/Alyasheiee/backend/vendor/laravel/framework/src/Illuminate/Database/Eloquent/Builder.php(1128): Illuminate/Database/Eloquent/Model->save()
#20 D:/Alyasheiee/backend/vendor/laravel/framework/src/Illuminate/Support/helpers.php(399): Illuminate/Database/Eloquent/Builder->Illuminate/Database/Eloquent/{closure}(Object(App/Modules/ProjectManagement/Models/Project))
#21 D:/Alyasheiee/backend/vendor/laravel/framework/src/Illuminate/Database/Eloquent/Builder.php(1127): tap(Object(App/Modules/ProjectManagement/Models/Project), Object(Closure))
#22 D:/Alyasheiee/backend/vendor/laravel/framework/src/Illuminate/Support/Traits/ForwardsCalls.php(23): Illuminate/Database/Eloquent/Builder->create(Array)
#23 D:/Alyasheiee/backend/vendor/laravel/framework/src/Illuminate/Database/Eloquent/Model.php(2372): Illuminate/Database/Eloquent/Model->forwardCallTo(Object(Illuminate/Database/Eloquent/Builder), 'create', Array)
#24 D:/Alyasheiee/backend/vendor/laravel/framework/src/Illuminate/Database/Eloquent/Model.php(2384): Illuminate/Database/Eloquent/Model->__call('create', Array)
#25 D:/Alyasheiee/backend/app/Modules/ProjectManagement/Repositories/ProjectRepository.php(23): Illuminate/Database/Eloquent/Model::__callStatic('create', Array)
#26 D:/Alyasheiee/backend/app/Modules/ProjectManagement/Services/ProjectService.php(20): App/Modules/ProjectManagement/Repositories/ProjectRepository->create(Array)
#27 D:/Alyasheiee/backend/vendor/laravel/framework/src/Illuminate/Database/Concerns/ManagesTransactions.php(32): App/Modules/ProjectManagement/Services/ProjectService->App/Modules/ProjectManagement/Services/{closure}(Object(Illuminate/Database/PostgresConnection))
#28 D:/Alyasheiee/backend/vendor/laravel/framework/src/Illuminate/Database/DatabaseManager.php(495): Illuminate/Database/Connection->transaction(Object(Closure))
#29 D:/Alyasheiee/backend/vendor/laravel/framework/src/Illuminate/Support/Facades/Facade.php(361): Illuminate/Database/DatabaseManager->__call('transaction', Array)
#30 D:/Alyasheiee/backend/app/Modules/ProjectManagement/Services/ProjectService.php(18): Illuminate/Support/Facades/Facade::__callStatic('transaction', Array)
#31 D:/Alyasheiee/backend/app/Modules/ProjectManagement/Controllers/ProjectController.php(34): App/Modules/ProjectManagement/Services/ProjectService->createProject(Object(App/Modules/ProjectManagement/DTOs/ProjectDTO))
#32 D:/Alyasheiee/backend/vendor/laravel/framework/src/Illuminate/Routing/Controller.php(54): App/Modules/ProjectManagement/Controllers/ProjectController->store(Object(App/Modules/ProjectManagement/Requests/StoreProjectRequest))
#33 D:/Alyasheiee/backend/vendor/laravel/framework/src/Illuminate/Routing/ControllerDispatcher.php(44): Illuminate/Routing/Controller->callAction('store', Array)
#34 D:/Alyasheiee/backend/vendor/laravel/framework/src/Illuminate/Routing/Route.php(266): Illuminate/Routing/ControllerDispatcher->dispatch(Object(Illuminate/Routing/Route), Object(App/Modules/ProjectManagement/Controllers/ProjectController), 'store')
#35 D:/Alyasheiee/backend/vendor/laravel/framework/src/Illuminate/Routing/Route.php(212): Illuminate/Routing/Route->runController()
#36 D:/Alyasheiee/backend/vendor/laravel/framework/src/Illuminate/Routing/Router.php(808): Illuminate/Routing/Route->run()
#37 D:/Alyasheiee/backend/vendor/laravel/framework/src/Illuminate/Pipeline/Pipeline.php(170): Illuminate/Routing/Router->Illuminate/Routing/{closure}(Object(Illuminate/Http/Request))
#38 D:/Alyasheiee/backend/vendor/laravel/framework/src/Illuminate/Routing/Middleware/SubstituteBindings.php(51): Illuminate/Pipeline/Pipeline->Illuminate/Pipeline/{closure}(Object(Illuminate/Http/Request))
#39 D:/Alyasheiee/backend/vendor/laravel/framework/src/Illuminate/Pipeline/Pipeline.php(209): Illuminate/Routing/Middleware/SubstituteBindings->handle(Object(Illuminate/Http/Request), Object(Closure))
#40 D:/Alyasheiee/backend/vendor/laravel/framework/src/Illuminate/Auth/Middleware/Authenticate.php(64): Illuminate/Pipeline/Pipeline->Illuminate/Pipeline/{closure}(Object(Illuminate/Http/Request))
#41 D:/Alyasheiee/backend/vendor/laravel/framework/src/Illuminate/Pipeline/Pipeline.php(209): Illuminate/Auth/Middleware/Authenticate->handle(Object(Illuminate/Http/Request), Object(Closure), 'sanctum')
#42 D:/Alyasheiee/backend/vendor/laravel/framework/src/Illuminate/Pipeline/Pipeline.php(127): Illuminate/Pipeline/Pipeline->Illuminate/Pipeline/{closure}(Object(Illuminate/Http/Request))
#43 D:/Alyasheiee/backend/vendor/laravel/framework/src/Illuminate/Routing/Router.php(807): Illuminate/Pipeline/Pipeline->then(Object(Closure))
#44 D:/Alyasheiee/backend/vendor/laravel/framework/src/Illuminate/Routing/Router.php(786): Illuminate/Routing/Router->runRouteWithinStack(Object(Illuminate/Routing/Route), Object(Illuminate/Http/Request))
#45 D:/Alyasheiee/backend/vendor/laravel/framework/src/Illuminate/Routing/Router.php(750): Illuminate/Routing/Router->runRoute(Object(Illuminate/Http/Request), Object(Illuminate/Routing/Route))
#46 D:/Alyasheiee/backend/vendor/laravel/framework/src/Illuminate/Routing/Router.php(739): Illuminate/Routing/Router->dispatchToRoute(Object(Illuminate/Http/Request))
#47 D:/Alyasheiee/backend/vendor/laravel/framework/src/Illuminate/Foundation/Http/Kernel.php(201): Illuminate/Routing/Router->dispatch(Object(Illuminate/Http/Request))
#48 D:/Alyasheiee/backend/vendor/laravel/framework/src/Illuminate/Pipeline/Pipeline.php(170): Illuminate/Foundation/Http/Kernel->Illuminate/Foundation/Http/{closure}(Object(Illuminate/Http/Request))
#49 D:/Alyasheiee/backend/vendor/laravel/framework/src/Illuminate/Foundation/Http/Middleware/TransformsRequest.php(21): Illuminate/Pipeline/Pipeline->Illuminate/Pipeline/{closure}(Object(Illuminate/Http/Request))
#50 D:/Alyasheiee/backend/vendor/laravel/framework/src/Illuminate/Foundation/Http/Middleware/ConvertEmptyStringsToNull.php(31): Illuminate/Foundation/Http/Middleware/TransformsRequest->handle(Object(Illuminate/Http/Request), Object(Closure))
#51 D:/Alyasheiee/backend/vendor/laravel/framework/src/Illuminate/Pipeline/Pipeline.php(209): Illuminate/Foundation/Http/Middleware/ConvertEmptyStringsToNull->handle(Object(Illuminate/Http/Request), Object(Closure))
#52 D:/Alyasheiee/backend/vendor/laravel/framework/src/Illuminate/Foundation/Http/Middleware/TransformsRequest.php(21): Illuminate/Pipeline/Pipeline->Illuminate/Pipeline/{closure}(Object(Illuminate/Http/Request))
#53 D:/Alyasheiee/backend/vendor/laravel/framework/src/Illuminate/Foundation/Http/Middleware/TrimStrings.php(51): Illuminate/Foundation/Http/Middleware/TransformsRequest->handle(Object(Illuminate/Http/Request), Object(Closure))
#54 D:/Alyasheiee/backend/vendor/laravel/framework/src/Illuminate/Pipeline/Pipeline.php(209): Illuminate/Foundation/Http/Middleware/TrimStrings->handle(Object(Illuminate/Http/Request), Object(Closure))
#55 D:/Alyasheiee/backend/vendor/laravel/framework/src/Illuminate/Http/Middleware/ValidatePostSize.php(27): Illuminate/Pipeline/Pipeline->Illuminate/Pipeline/{closure}(Object(Illuminate/Http/Request))
#56 D:/Alyasheiee/backend/vendor/laravel/framework/src/Illuminate/Pipeline/Pipeline.php(209): Illuminate/Http/Middleware/ValidatePostSize->handle(Object(Illuminate/Http/Request), Object(Closure))
#57 D:/Alyasheiee/backend/vendor/laravel/framework/src/Illuminate/Foundation/Http/Middleware/PreventRequestsDuringMaintenance.php(110): Illuminate/Pipeline/Pipeline->Illuminate/Pipeline/{closure}(Object(Illuminate/Http/Request))
#58 D:/Alyasheiee/backend/vendor/laravel/framework/src/Illuminate/Pipeline/Pipeline.php(209): Illuminate/Foundation/Http/Middleware/PreventRequestsDuringMaintenance->handle(Object(Illuminate/Http/Request), Object(Closure))
#59 D:/Alyasheiee/backend/vendor/laravel/framework/src/Illuminate/Http/Middleware/HandleCors.php(62): Illuminate/Pipeline/Pipeline->Illuminate/Pipeline/{closure}(Object(Illuminate/Http/Request))
#60 D:/Alyasheiee/backend/vendor/laravel/framework/src/Illuminate/Pipeline/Pipeline.php(209): Illuminate/Http/Middleware/HandleCors->handle(Object(Illuminate/Http/Request), Object(Closure))
#61 D:/Alyasheiee/backend/vendor/laravel/framework/src/Illuminate/Http/Middleware/TrustProxies.php(58): Illuminate/Pipeline/Pipeline->Illuminate/Pipeline/{closure}(Object(Illuminate/Http/Request))
#62 D:/Alyasheiee/backend/vendor/laravel/framework/src/Illuminate/Pipeline/Pipeline.php(209): Illuminate/Http/Middleware/TrustProxies->handle(Object(Illuminate/Http/Request), Object(Closure))
#63 D:/Alyasheiee/backend/vendor/laravel/framework/src/Illuminate/Foundation/Http/Middleware/InvokeDeferredCallbacks.php(22): Illuminate/Pipeline/Pipeline->Illuminate/Pipeline/{closure}(Object(Illuminate/Http/Request))
#64 D:/Alyasheiee/backend/vendor/laravel/framework/src/Illuminate/Pipeline/Pipeline.php(209): Illuminate/Foundation/Http/Middleware/InvokeDeferredCallbacks->handle(Object(Illuminate/Http/Request), Object(Closure))
#65 D:/Alyasheiee/backend/vendor/laravel/framework/src/Illuminate/Pipeline/Pipeline.php(127): Illuminate/Pipeline/Pipeline->Illuminate/Pipeline/{closure}(Object(Illuminate/Http/Request))
#66 D:/Alyasheiee/backend/vendor/laravel/framework/src/Illuminate/Foundation/Http/Kernel.php(176): Illuminate/Pipeline/Pipeline->then(Object(Closure))
#67 D:/Alyasheiee/backend/vendor/laravel/framework/src/Illuminate/Foundation/Http/Kernel.php(145): Illuminate/Foundation/Http/Kernel->sendRequestThroughRouter(Object(Illuminate/Http/Request))
#68 D:/Alyasheiee/backend/vendor/laravel/framework/src/Illuminate/Foundation/Application.php(1220): Illuminate/Foundation/Http/Kernel->handle(Object(Illuminate/Http/Request))
#69 D:/Alyasheiee/backend/public/index.php(17): Illuminate/Foundation/Application->handleRequest(Object(Illuminate/Http/Request))
#70 D:/Alyasheiee/backend/vendor/laravel/framework/src/Illuminate/Foundation/resources/server.php(23): require_once('D://Alyasheiee//b...')
#71 {main}
"} 
[2026-06-30 16:10:20] local.ERROR: Target class [App\Modules\ResourceAllocation\Controllers\ResourceController] does not exist. {"userId":1,"exception":"[object] (Illuminate\\Contracts\\Container\\BindingResolutionException(code: 0): Target class [App\\Modules\\ResourceAllocation\\Controllers\\ResourceController] does not exist. at D:/Alyasheiee/backend/vendor/laravel/framework/src/Illuminate/Container/Container.php:961)
[stacktrace]
#0 D:/Alyasheiee/backend/vendor/laravel/framework/src/Illuminate/Container/Container.php(832): Illuminate/Container/Container->build('App//Modules//Res...')
#1 D:/Alyasheiee/backend/vendor/laravel/framework/src/Illuminate/Foundation/Application.php(1078): Illuminate/Container/Container->resolve('App//Modules//Res...', Array, true)
#2 D:/Alyasheiee/backend/vendor/laravel/framework/src/Illuminate/Container/Container.php(763): Illuminate/Foundation/Application->resolve('App//Modules//Res...', Array)
#3 D:/Alyasheiee/backend/vendor/laravel/framework/src/Illuminate/Foundation/Application.php(1058): Illuminate/Container/Container->make('App//Modules//Res...', Array)
#4 D:/Alyasheiee/backend/vendor/laravel/framework/src/Illuminate/Routing/Route.php(285): Illuminate/Foundation/Application->make('App//Modules//Res...')
#5 D:/Alyasheiee/backend/vendor/laravel/framework/src/Illuminate/Routing/Route.php(267): Illuminate/Routing/Route->getController()
#6 D:/Alyasheiee/backend/vendor/laravel/framework/src/Illuminate/Routing/Route.php(212): Illuminate/Routing/Route->runController()
#7 D:/Alyasheiee/backend/vendor/laravel/framework/src/Illuminate/Routing/Router.php(808): Illuminate/Routing/Route->run()
#8 D:/Alyasheiee/backend/vendor/laravel/framework/src/Illuminate/Pipeline/Pipeline.php(170): Illuminate/Routing/Router->Illuminate/Routing/{closure}(Object(Illuminate/Http/Request))
#9 D:/Alyasheiee/backend/vendor/laravel/framework/src/Illuminate/Routing/Middleware/SubstituteBindings.php(51): Illuminate/Pipeline/Pipeline->Illuminate/Pipeline/{closure}(Object(Illuminate/Http/Request))
#10 D:/Alyasheiee/backend/vendor/laravel/framework/src/Illuminate/Pipeline/Pipeline.php(209): Illuminate/Routing/Middleware/SubstituteBindings->handle(Object(Illuminate/Http/Request), Object(Closure))
#11 D:/Alyasheiee/backend/vendor/laravel/framework/src/Illuminate/Auth/Middleware/Authenticate.php(64): Illuminate/Pipeline/Pipeline->Illuminate/Pipeline/{closure}(Object(Illuminate/Http/Request))
#12 D:/Alyasheiee/backend/vendor/laravel/framework/src/Illuminate/Pipeline/Pipeline.php(209): Illuminate/Auth/Middleware/Authenticate->handle(Object(Illuminate/Http/Request), Object(Closure), 'sanctum')
#13 D:/Alyasheiee/backend/vendor/laravel/framework/src/Illuminate/Pipeline/Pipeline.php(127): Illuminate/Pipeline/Pipeline->Illuminate/Pipeline/{closure}(Object(Illuminate/Http/Request))
#14 D:/Alyasheiee/backend/vendor/laravel/framework/src/Illuminate/Routing/Router.php(807): Illuminate/Pipeline/Pipeline->then(Object(Closure))
#15 D:/Alyasheiee/backend/vendor/laravel/framework/src/Illuminate/Routing/Router.php(786): Illuminate/Routing/Router->runRouteWithinStack(Object(Illuminate/Routing/Route), Object(Illuminate/Http/Request))
#16 D:/Alyasheiee/backend/vendor/laravel/framework/src/Illuminate/Routing/Router.php(750): Illuminate/Routing/Router->runRoute(Object(Illuminate/Http/Request), Object(Illuminate/Routing/Route))
#17 D:/Alyasheiee/backend/vendor/laravel/framework/src/Illuminate/Routing/Router.php(739): Illuminate/Routing/Router->dispatchToRoute(Object(Illuminate/Http/Request))
#18 D:/Alyasheiee/backend/vendor/laravel/framework/src/Illuminate/Foundation/Http/Kernel.php(201): Illuminate/Routing/Router->dispatch(Object(Illuminate/Http/Request))
#19 D:/Alyasheiee/backend/vendor/laravel/framework/src/Illuminate/Pipeline/Pipeline.php(170): Illuminate/Foundation/Http/Kernel->Illuminate/Foundation/Http/{closure}(Object(Illuminate/Http/Request))
#20 D:/Alyasheiee/backend/vendor/laravel/framework/src/Illuminate/Foundation/Http/Middleware/TransformsRequest.php(21): Illuminate/Pipeline/Pipeline->Illuminate/Pipeline/{closure}(Object(Illuminate/Http/Request))
#21 D:/Alyasheiee/backend/vendor/laravel/framework/src/Illuminate/Foundation/Http/Middleware/ConvertEmptyStringsToNull.php(31): Illuminate/Foundation/Http/Middleware/TransformsRequest->handle(Object(Illuminate/Http/Request), Object(Closure))
#22 D:/Alyasheiee/backend/vendor/laravel/framework/src/Illuminate/Pipeline/Pipeline.php(209): Illuminate/Foundation/Http/Middleware/ConvertEmptyStringsToNull->handle(Object(Illuminate/Http/Request), Object(Closure))
#23 D:/Alyasheiee/backend/vendor/laravel/framework/src/Illuminate/Foundation/Http/Middleware/TransformsRequest.php(21): Illuminate/Pipeline/Pipeline->Illuminate/Pipeline/{closure}(Object(Illuminate/Http/Request))
#24 D:/Alyasheiee/backend/vendor/laravel/framework/src/Illuminate/Foundation/Http/Middleware/TrimStrings.php(51): Illuminate/Foundation/Http/Middleware/TransformsRequest->handle(Object(Illuminate/Http/Request), Object(Closure))
#25 D:/Alyasheiee/backend/vendor/laravel/framework/src/Illuminate/Pipeline/Pipeline.php(209): Illuminate/Foundation/Http/Middleware/TrimStrings->handle(Object(Illuminate/Http/Request), Object(Closure))
#26 D:/Alyasheiee/backend/vendor/laravel/framework/src/Illuminate/Http/Middleware/ValidatePostSize.php(27): Illuminate/Pipeline/Pipeline->Illuminate/Pipeline/{closure}(Object(Illuminate/Http/Request))
#27 D:/Alyasheiee/backend/vendor/laravel/framework/src/Illuminate/Pipeline/Pipeline.php(209): Illuminate/Http/Middleware/ValidatePostSize->handle(Object(Illuminate/Http/Request), Object(Closure))
#28 D:/Alyasheiee/backend/vendor/laravel/framework/src/Illuminate/Foundation/Http/Middleware/PreventRequestsDuringMaintenance.php(110): Illuminate/Pipeline/Pipeline->Illuminate/Pipeline/{closure}(Object(Illuminate/Http/Request))
#29 D:/Alyasheiee/backend/vendor/laravel/framework/src/Illuminate/Pipeline/Pipeline.php(209): Illuminate/Foundation/Http/Middleware/PreventRequestsDuringMaintenance->handle(Object(Illuminate/Http/Request), Object(Closure))
#30 D:/Alyasheiee/backend/vendor/laravel/framework/src/Illuminate/Http/Middleware/HandleCors.php(62): Illuminate/Pipeline/Pipeline->Illuminate/Pipeline/{closure}(Object(Illuminate/Http/Request))
#31 D:/Alyasheiee/backend/vendor/laravel/framework/src/Illuminate/Pipeline/Pipeline.php(209): Illuminate/Http/Middleware/HandleCors->handle(Object(Illuminate/Http/Request), Object(Closure))
#32 D:/Alyasheiee/backend/vendor/laravel/framework/src/Illuminate/Http/Middleware/TrustProxies.php(58): Illuminate/Pipeline/Pipeline->Illuminate/Pipeline/{closure}(Object(Illuminate/Http/Request))
#33 D:/Alyasheiee/backend/vendor/laravel/framework/src/Illuminate/Pipeline/Pipeline.php(209): Illuminate/Http/Middleware/TrustProxies->handle(Object(Illuminate/Http/Request), Object(Closure))
#34 D:/Alyasheiee/backend/vendor/laravel/framework/src/Illuminate/Foundation/Http/Middleware/InvokeDeferredCallbacks.php(22): Illuminate/Pipeline/Pipeline->Illuminate/Pipeline/{closure}(Object(Illuminate/Http/Request))
#35 D:/Alyasheiee/backend/vendor/laravel/framework/src/Illuminate/Pipeline/Pipeline.php(209): Illuminate/Foundation/Http/Middleware/InvokeDeferredCallbacks->handle(Object(Illuminate/Http/Request), Object(Closure))
#36 D:/Alyasheiee/backend/vendor/laravel/framework/src/Illuminate/Pipeline/Pipeline.php(127): Illuminate/Pipeline/Pipeline->Illuminate/Pipeline/{closure}(Object(Illuminate/Http/Request))
#37 D:/Alyasheiee/backend/vendor/laravel/framework/src/Illuminate/Foundation/Http/Kernel.php(176): Illuminate/Pipeline/Pipeline->then(Object(Closure))
#38 D:/Alyasheiee/backend/vendor/laravel/framework/src/Illuminate/Foundation/Http/Kernel.php(145): Illuminate/Foundation/Http/Kernel->sendRequestThroughRouter(Object(Illuminate/Http/Request))
#39 D:/Alyasheiee/backend/vendor/laravel/framework/src/Illuminate/Foundation/Application.php(1220): Illuminate/Foundation/Http/Kernel->handle(Object(Illuminate/Http/Request))
#40 D:/Alyasheiee/backend/public/index.php(17): Illuminate/Foundation/Application->handleRequest(Object(Illuminate/Http/Request))
#41 D:/Alyasheiee/backend/vendor/laravel/framework/src/Illuminate/Foundation/resources/server.php(23): require_once('D://Alyasheiee//b...')
#42 {main}

[previous exception] [object] (ReflectionException(code: -1): Class \"App\\Modules\\ResourceAllocation\\Controllers\\ResourceController\" does not exist at D:/Alyasheiee/backend/vendor/laravel/framework/src/Illuminate/Container/Container.php:959)
[stacktrace]
#0 D:/Alyasheiee/backend/vendor/laravel/framework/src/Illuminate/Container/Container.php(959): ReflectionClass->__construct('App//Modules//Res...')
#1 D:/Alyasheiee/backend/vendor/laravel/framework/src/Illuminate/Container/Container.php(832): Illuminate/Container/Container->build('App//Modules//Res...')
#2 D:/Alyasheiee/backend/vendor/laravel/framework/src/Illuminate/Foundation/Application.php(1078): Illuminate/Container/Container->resolve('App//Modules//Res...', Array, true)
#3 D:/Alyasheiee/backend/vendor/laravel/framework/src/Illuminate/Container/Container.php(763): Illuminate/Foundation/Application->resolve('App//Modules//Res...', Array)
#4 D:/Alyasheiee/backend/vendor/laravel/framework/src/Illuminate/Foundation/Application.php(1058): Illuminate/Container/Container->make('App//Modules//Res...', Array)
#5 D:/Alyasheiee/backend/vendor/laravel/framework/src/Illuminate/Routing/Route.php(285): Illuminate/Foundation/Application->make('App//Modules//Res...')
#6 D:/Alyasheiee/backend/vendor/laravel/framework/src/Illuminate/Routing/Route.php(267): Illuminate/Routing/Route->getController()
#7 D:/Alyasheiee/backend/vendor/laravel/framework/src/Illuminate/Routing/Route.php(212): Illuminate/Routing/Route->runController()
#8 D:/Alyasheiee/backend/vendor/laravel/framework/src/Illuminate/Routing/Router.php(808): Illuminate/Routing/Route->run()
#9 D:/Alyasheiee/backend/vendor/laravel/framework/src/Illuminate/Pipeline/Pipeline.php(170): Illuminate/Routing/Router->Illuminate/Routing/{closure}(Object(Illuminate/Http/Request))
#10 D:/Alyasheiee/backend/vendor/laravel/framework/src/Illuminate/Routing/Middleware/SubstituteBindings.php(51): Illuminate/Pipeline/Pipeline->Illuminate/Pipeline/{closure}(Object(Illuminate/Http/Request))
#11 D:/Alyasheiee/backend/vendor/laravel/framework/src/Illuminate/Pipeline/Pipeline.php(209): Illuminate/Routing/Middleware/SubstituteBindings->handle(Object(Illuminate/Http/Request), Object(Closure))
#12 D:/Alyasheiee/backend/vendor/laravel/framework/src/Illuminate/Auth/Middleware/Authenticate.php(64): Illuminate/Pipeline/Pipeline->Illuminate/Pipeline/{closure}(Object(Illuminate/Http/Request))
#13 D:/Alyasheiee/backend/vendor/laravel/framework/src/Illuminate/Pipeline/Pipeline.php(209): Illuminate/Auth/Middleware/Authenticate->handle(Object(Illuminate/Http/Request), Object(Closure), 'sanctum')
#14 D:/Alyasheiee/backend/vendor/laravel/framework/src/Illuminate/Pipeline/Pipeline.php(127): Illuminate/Pipeline/Pipeline->Illuminate/Pipeline/{closure}(Object(Illuminate/Http/Request))
#15 D:/Alyasheiee/backend/vendor/laravel/framework/src/Illuminate/Routing/Router.php(807): Illuminate/Pipeline/Pipeline->then(Object(Closure))
#16 D:/Alyasheiee/backend/vendor/laravel/framework/src/Illuminate/Routing/Router.php(786): Illuminate/Routing/Router->runRouteWithinStack(Object(Illuminate/Routing/Route), Object(Illuminate/Http/Request))
#17 D:/Alyasheiee/backend/vendor/laravel/framework/src/Illuminate/Routing/Router.php(750): Illuminate/Routing/Router->runRoute(Object(Illuminate/Http/Request), Object(Illuminate/Routing/Route))
#18 D:/Alyasheiee/backend/vendor/laravel/framework/src/Illuminate/Routing/Router.php(739): Illuminate/Routing/Router->dispatchToRoute(Object(Illuminate/Http/Request))
#19 D:/Alyasheiee/backend/vendor/laravel/framework/src/Illuminate/Foundation/Http/Kernel.php(201): Illuminate/Routing/Router->dispatch(Object(Illuminate/Http/Request))
#20 D:/Alyasheiee/backend/vendor/laravel/framework/src/Illuminate/Pipeline/Pipeline.php(170): Illuminate/Foundation/Http/Kernel->Illuminate/Foundation/Http/{closure}(Object(Illuminate/Http/Request))
#21 D:/Alyasheiee/backend/vendor/laravel/framework/src/Illuminate/Foundation/Http/Middleware/TransformsRequest.php(21): Illuminate/Pipeline/Pipeline->Illuminate/Pipeline/{closure}(Object(Illuminate/Http/Request))
#22 D:/Alyasheiee/backend/vendor/laravel/framework/src/Illuminate/Foundation/Http/Middleware/ConvertEmptyStringsToNull.php(31): Illuminate/Foundation/Http/Middleware/TransformsRequest->handle(Object(Illuminate/Http/Request), Object(Closure))
#23 D:/Alyasheiee/backend/vendor/laravel/framework/src/Illuminate/Pipeline/Pipeline.php(209): Illuminate/Foundation/Http/Middleware/ConvertEmptyStringsToNull->handle(Object(Illuminate/Http/Request), Object(Closure))
#24 D:/Alyasheiee/backend/vendor/laravel/framework/src/Illuminate/Foundation/Http/Middleware/TransformsRequest.php(21): Illuminate/Pipeline/Pipeline->Illuminate/Pipeline/{closure}(Object(Illuminate/Http/Request))
#25 D:/Alyasheiee/backend/vendor/laravel/framework/src/Illuminate/Foundation/Http/Middleware/TrimStrings.php(51): Illuminate/Foundation/Http/Middleware/TransformsRequest->handle(Object(Illuminate/Http/Request), Object(Closure))
#26 D:/Alyasheiee/backend/vendor/laravel/framework/src/Illuminate/Pipeline/Pipeline.php(209): Illuminate/Foundation/Http/Middleware/TrimStrings->handle(Object(Illuminate/Http/Request), Object(Closure))
#27 D:/Alyasheiee/backend/vendor/laravel/framework/src/Illuminate/Http/Middleware/ValidatePostSize.php(27): Illuminate/Pipeline/Pipeline->Illuminate/Pipeline/{closure}(Object(Illuminate/Http/Request))
#28 D:/Alyasheiee/backend/vendor/laravel/framework/src/Illuminate/Pipeline/Pipeline.php(209): Illuminate/Http/Middleware/ValidatePostSize->handle(Object(Illuminate/Http/Request), Object(Closure))
#29 D:/Alyasheiee/backend/vendor/laravel/framework/src/Illuminate/Foundation/Http/Middleware/PreventRequestsDuringMaintenance.php(110): Illuminate/Pipeline/Pipeline->Illuminate/Pipeline/{closure}(Object(Illuminate/Http/Request))
#30 D:/Alyasheiee/backend/vendor/laravel/framework/src/Illuminate/Pipeline/Pipeline.php(209): Illuminate/Foundation/Http/Middleware/PreventRequestsDuringMaintenance->handle(Object(Illuminate/Http/Request), Object(Closure))
#31 D:/Alyasheiee/backend/vendor/laravel/framework/src/Illuminate/Http/Middleware/HandleCors.php(62): Illuminate/Pipeline/Pipeline->Illuminate/Pipeline/{closure}(Object(Illuminate/Http/Request))
#32 D:/Alyasheiee/backend/vendor/laravel/framework/src/Illuminate/Pipeline/Pipeline.php(209): Illuminate/Http/Middleware/HandleCors->handle(Object(Illuminate/Http/Request), Object(Closure))
#33 D:/Alyasheiee/backend/vendor/laravel/framework/src/Illuminate/Http/Middleware/TrustProxies.php(58): Illuminate/Pipeline/Pipeline->Illuminate/Pipeline/{closure}(Object(Illuminate/Http/Request))
#34 D:/Alyasheiee/backend/vendor/laravel/framework/src/Illuminate/Pipeline/Pipeline.php(209): Illuminate/Http/Middleware/TrustProxies->handle(Object(Illuminate/Http/Request), Object(Closure))
#35 D:/Alyasheiee/backend/vendor/laravel/framework/src/Illuminate/Foundation/Http/Middleware/InvokeDeferredCallbacks.php(22): Illuminate/Pipeline/Pipeline->Illuminate/Pipeline/{closure}(Object(Illuminate/Http/Request))
#36 D:/Alyasheiee/backend/vendor/laravel/framework/src/Illuminate/Pipeline/Pipeline.php(209): Illuminate/Foundation/Http/Middleware/InvokeDeferredCallbacks->handle(Object(Illuminate/Http/Request), Object(Closure))
#37 D:/Alyasheiee/backend/vendor/laravel/framework/src/Illuminate/Pipeline/Pipeline.php(127): Illuminate/Pipeline/Pipeline->Illuminate/Pipeline/{closure}(Object(Illuminate/Http/Request))
#38 D:/Alyasheiee/backend/vendor/laravel/framework/src/Illuminate/Foundation/Http/Kernel.php(176): Illuminate/Pipeline/Pipeline->then(Object(Closure))
#39 D:/Alyasheiee/backend/vendor/laravel/framework/src/Illuminate/Foundation/Http/Kernel.php(145): Illuminate/Foundation/Http/Kernel->sendRequestThroughRouter(Object(Illuminate/Http/Request))
#40 D:/Alyasheiee/backend/vendor/laravel/framework/src/Illuminate/Foundation/Application.php(1220): Illuminate/Foundation/Http/Kernel->handle(Object(Illuminate/Http/Request))
#41 D:/Alyasheiee/backend/public/index.php(17): Illuminate/Foundation/Application->handleRequest(Object(Illuminate/Http/Request))
#42 D:/Alyasheiee/backend/vendor/laravel/framework/src/Illuminate/Foundation/resources/server.php(23): require_once('D://Alyasheiee//b...')
#43 {main}
"} 
[2026-06-30 16:10:20] local.ERROR: Target class [App\Modules\ResourceAllocation\Controllers\ResourceController] does not exist. {"userId":1,"exception":"[object] (Illuminate\\Contracts\\Container\\BindingResolutionException(code: 0): Target class [App\\Modules\\ResourceAllocation\\Controllers\\ResourceController] does not exist. at D:/Alyasheiee/backend/vendor/laravel/framework/src/Illuminate/Container/Container.php:961)
[stacktrace]
#0 D:/Alyasheiee/backend/vendor/laravel/framework/src/Illuminate/Container/Container.php(832): Illuminate/Container/Container->build('App//Modules//Res...')
#1 D:/Alyasheiee/backend/vendor/laravel/framework/src/Illuminate/Foundation/Application.php(1078): Illuminate/Container/Container->resolve('App//Modules//Res...', Array, true)
#2 D:/Alyasheiee/backend/vendor/laravel/framework/src/Illuminate/Container/Container.php(763): Illuminate/Foundation/Application->resolve('App//Modules//Res...', Array)
#3 D:/Alyasheiee/backend/vendor/laravel/framework/src/Illuminate/Foundation/Application.php(1058): Illuminate/Container/Container->make('App//Modules//Res...', Array)
#4 D:/Alyasheiee/backend/vendor/laravel/framework/src/Illuminate/Routing/Route.php(285): Illuminate/Foundation/Application->make('App//Modules//Res...')
#5 D:/Alyasheiee/backend/vendor/laravel/framework/src/Illuminate/Routing/Route.php(267): Illuminate/Routing/Route->getController()
#6 D:/Alyasheiee/backend/vendor/laravel/framework/src/Illuminate/Routing/Route.php(212): Illuminate/Routing/Route->runController()
#7 D:/Alyasheiee/backend/vendor/laravel/framework/src/Illuminate/Routing/Router.php(808): Illuminate/Routing/Route->run()
#8 D:/Alyasheiee/backend/vendor/laravel/framework/src/Illuminate/Pipeline/Pipeline.php(170): Illuminate/Routing/Router->Illuminate/Routing/{closure}(Object(Illuminate/Http/Request))
#9 D:/Alyasheiee/backend/vendor/laravel/framework/src/Illuminate/Routing/Middleware/SubstituteBindings.php(51): Illuminate/Pipeline/Pipeline->Illuminate/Pipeline/{closure}(Object(Illuminate/Http/Request))
#10 D:/Alyasheiee/backend/vendor/laravel/framework/src/Illuminate/Pipeline/Pipeline.php(209): Illuminate/Routing/Middleware/SubstituteBindings->handle(Object(Illuminate/Http/Request), Object(Closure))
#11 D:/Alyasheiee/backend/vendor/laravel/framework/src/Illuminate/Auth/Middleware/Authenticate.php(64): Illuminate/Pipeline/Pipeline->Illuminate/Pipeline/{closure}(Object(Illuminate/Http/Request))
#12 D:/Alyasheiee/backend/vendor/laravel/framework/src/Illuminate/Pipeline/Pipeline.php(209): Illuminate/Auth/Middleware/Authenticate->handle(Object(Illuminate/Http/Request), Object(Closure), 'sanctum')
#13 D:/Alyasheiee/backend/vendor/laravel/framework/src/Illuminate/Pipeline/Pipeline.php(127): Illuminate/Pipeline/Pipeline->Illuminate/Pipeline/{closure}(Object(Illuminate/Http/Request))
#14 D:/Alyasheiee/backend/vendor/laravel/framework/src/Illuminate/Routing/Router.php(807): Illuminate/Pipeline/Pipeline->then(Object(Closure))
#15 D:/Alyasheiee/backend/vendor/laravel/framework/src/Illuminate/Routing/Router.php(786): Illuminate/Routing/Router->runRouteWithinStack(Object(Illuminate/Routing/Route), Object(Illuminate/Http/Request))
#16 D:/Alyasheiee/backend/vendor/laravel/framework/src/Illuminate/Routing/Router.php(750): Illuminate/Routing/Router->runRoute(Object(Illuminate/Http/Request), Object(Illuminate/Routing/Route))
#17 D:/Alyasheiee/backend/vendor/laravel/framework/src/Illuminate/Routing/Router.php(739): Illuminate/Routing/Router->dispatchToRoute(Object(Illuminate/Http/Request))
#18 D:/Alyasheiee/backend/vendor/laravel/framework/src/Illuminate/Foundation/Http/Kernel.php(201): Illuminate/Routing/Router->dispatch(Object(Illuminate/Http/Request))
#19 D:/Alyasheiee/backend/vendor/laravel/framework/src/Illuminate/Pipeline/Pipeline.php(170): Illuminate/Foundation/Http/Kernel->Illuminate/Foundation/Http/{closure}(Object(Illuminate/Http/Request))
#20 D:/Alyasheiee/backend/vendor/laravel/framework/src/Illuminate/Foundation/Http/Middleware/TransformsRequest.php(21): Illuminate/Pipeline/Pipeline->Illuminate/Pipeline/{closure}(Object(Illuminate/Http/Request))
#21 D:/Alyasheiee/backend/vendor/laravel/framework/src/Illuminate/Foundation/Http/Middleware/ConvertEmptyStringsToNull.php(31): Illuminate/Foundation/Http/Middleware/TransformsRequest->handle(Object(Illuminate/Http/Request), Object(Closure))
#22 D:/Alyasheiee/backend/vendor/laravel/framework/src/Illuminate/Pipeline/Pipeline.php(209): Illuminate/Foundation/Http/Middleware/ConvertEmptyStringsToNull->handle(Object(Illuminate/Http/Request), Object(Closure))
#23 D:/Alyasheiee/backend/vendor/laravel/framework/src/Illuminate/Foundation/Http/Middleware/TransformsRequest.php(21): Illuminate/Pipeline/Pipeline->Illuminate/Pipeline/{closure}(Object(Illuminate/Http/Request))
#24 D:/Alyasheiee/backend/vendor/laravel/framework/src/Illuminate/Foundation/Http/Middleware/TrimStrings.php(51): Illuminate/Foundation/Http/Middleware/TransformsRequest->handle(Object(Illuminate/Http/Request), Object(Closure))
#25 D:/Alyasheiee/backend/vendor/laravel/framework/src/Illuminate/Pipeline/Pipeline.php(209): Illuminate/Foundation/Http/Middleware/TrimStrings->handle(Object(Illuminate/Http/Request), Object(Closure))
#26 D:/Alyasheiee/backend/vendor/laravel/framework/src/Illuminate/Http/Middleware/ValidatePostSize.php(27): Illuminate/Pipeline/Pipeline->Illuminate/Pipeline/{closure}(Object(Illuminate/Http/Request))
#27 D:/Alyasheiee/backend/vendor/laravel/framework/src/Illuminate/Pipeline/Pipeline.php(209): Illuminate/Http/Middleware/ValidatePostSize->handle(Object(Illuminate/Http/Request), Object(Closure))
#28 D:/Alyasheiee/backend/vendor/laravel/framework/src/Illuminate/Foundation/Http/Middleware/PreventRequestsDuringMaintenance.php(110): Illuminate/Pipeline/Pipeline->Illuminate/Pipeline/{closure}(Object(Illuminate/Http/Request))
#29 D:/Alyasheiee/backend/vendor/laravel/framework/src/Illuminate/Pipeline/Pipeline.php(209): Illuminate/Foundation/Http/Middleware/PreventRequestsDuringMaintenance->handle(Object(Illuminate/Http/Request), Object(Closure))
#30 D:/Alyasheiee/backend/vendor/laravel/framework/src/Illuminate/Http/Middleware/HandleCors.php(62): Illuminate/Pipeline/Pipeline->Illuminate/Pipeline/{closure}(Object(Illuminate/Http/Request))
#31 D:/Alyasheiee/backend/vendor/laravel/framework/src/Illuminate/Pipeline/Pipeline.php(209): Illuminate/Http/Middleware/HandleCors->handle(Object(Illuminate/Http/Request), Object(Closure))
#32 D:/Alyasheiee/backend/vendor/laravel/framework/src/Illuminate/Http/Middleware/TrustProxies.php(58): Illuminate/Pipeline/Pipeline->Illuminate/Pipeline/{closure}(Object(Illuminate/Http/Request))
#33 D:/Alyasheiee/backend/vendor/laravel/framework/src/Illuminate/Pipeline/Pipeline.php(209): Illuminate/Http/Middleware/TrustProxies->handle(Object(Illuminate/Http/Request), Object(Closure))
#34 D:/Alyasheiee/backend/vendor/laravel/framework/src/Illuminate/Foundation/Http/Middleware/InvokeDeferredCallbacks.php(22): Illuminate/Pipeline/Pipeline->Illuminate/Pipeline/{closure}(Object(Illuminate/Http/Request))
#35 D:/Alyasheiee/backend/vendor/laravel/framework/src/Illuminate/Pipeline/Pipeline.php(209): Illuminate/Foundation/Http/Middleware/InvokeDeferredCallbacks->handle(Object(Illuminate/Http/Request), Object(Closure))
#36 D:/Alyasheiee/backend/vendor/laravel/framework/src/Illuminate/Pipeline/Pipeline.php(127): Illuminate/Pipeline/Pipeline->Illuminate/Pipeline/{closure}(Object(Illuminate/Http/Request))
#37 D:/Alyasheiee/backend/vendor/laravel/framework/src/Illuminate/Foundation/Http/Kernel.php(176): Illuminate/Pipeline/Pipeline->then(Object(Closure))
#38 D:/Alyasheiee/backend/vendor/laravel/framework/src/Illuminate/Foundation/Http/Kernel.php(145): Illuminate/Foundation/Http/Kernel->sendRequestThroughRouter(Object(Illuminate/Http/Request))
#39 D:/Alyasheiee/backend/vendor/laravel/framework/src/Illuminate/Foundation/Application.php(1220): Illuminate/Foundation/Http/Kernel->handle(Object(Illuminate/Http/Request))
#40 D:/Alyasheiee/backend/public/index.php(17): Illuminate/Foundation/Application->handleRequest(Object(Illuminate/Http/Request))
#41 D:/Alyasheiee/backend/vendor/laravel/framework/src/Illuminate/Foundation/resources/server.php(23): require_once('D://Alyasheiee//b...')
#42 {main}

[previous exception] [object] (ReflectionException(code: -1): Class \"App\\Modules\\ResourceAllocation\\Controllers\\ResourceController\" does not exist at D:/Alyasheiee/backend/vendor/laravel/framework/src/Illuminate/Container/Container.php:959)
[stacktrace]
#0 D:/Alyasheiee/backend/vendor/laravel/framework/src/Illuminate/Container/Container.php(959): ReflectionClass->__construct('App//Modules//Res...')
#1 D:/Alyasheiee/backend/vendor/laravel/framework/src/Illuminate/Container/Container.php(832): Illuminate/Container/Container->build('App//Modules//Res...')
#2 D:/Alyasheiee/backend/vendor/laravel/framework/src/Illuminate/Foundation/Application.php(1078): Illuminate/Container/Container->resolve('App//Modules//Res...', Array, true)
#3 D:/Alyasheiee/backend/vendor/laravel/framework/src/Illuminate/Container/Container.php(763): Illuminate/Foundation/Application->resolve('App//Modules//Res...', Array)
#4 D:/Alyasheiee/backend/vendor/laravel/framework/src/Illuminate/Foundation/Application.php(1058): Illuminate/Container/Container->make('App//Modules//Res...', Array)
#5 D:/Alyasheiee/backend/vendor/laravel/framework/src/Illuminate/Routing/Route.php(285): Illuminate/Foundation/Application->make('App//Modules//Res...')
#6 D:/Alyasheiee/backend/vendor/laravel/framework/src/Illuminate/Routing/Route.php(267): Illuminate/Routing/Route->getController()
#7 D:/Alyasheiee/backend/vendor/laravel/framework/src/Illuminate/Routing/Route.php(212): Illuminate/Routing/Route->runController()
#8 D:/Alyasheiee/backend/vendor/laravel/framework/src/Illuminate/Routing/Router.php(808): Illuminate/Routing/Route->run()
#9 D:/Alyasheiee/backend/vendor/laravel/framework/src/Illuminate/Pipeline/Pipeline.php(170): Illuminate/Routing/Router->Illuminate/Routing/{closure}(Object(Illuminate/Http/Request))
#10 D:/Alyasheiee/backend/vendor/laravel/framework/src/Illuminate/Routing/Middleware/SubstituteBindings.php(51): Illuminate/Pipeline/Pipeline->Illuminate/Pipeline/{closure}(Object(Illuminate/Http/Request))
#11 D:/Alyasheiee/backend/vendor/laravel/framework/src/Illuminate/Pipeline/Pipeline.php(209): Illuminate/Routing/Middleware/SubstituteBindings->handle(Object(Illuminate/Http/Request), Object(Closure))
#12 D:/Alyasheiee/backend/vendor/laravel/framework/src/Illuminate/Auth/Middleware/Authenticate.php(64): Illuminate/Pipeline/Pipeline->Illuminate/Pipeline/{closure}(Object(Illuminate/Http/Request))
#13 D:/Alyasheiee/backend/vendor/laravel/framework/src/Illuminate/Pipeline/Pipeline.php(209): Illuminate/Auth/Middleware/Authenticate->handle(Object(Illuminate/Http/Request), Object(Closure), 'sanctum')
#14 D:/Alyasheiee/backend/vendor/laravel/framework/src/Illuminate/Pipeline/Pipeline.php(127): Illuminate/Pipeline/Pipeline->Illuminate/Pipeline/{closure}(Object(Illuminate/Http/Request))
#15 D:/Alyasheiee/backend/vendor/laravel/framework/src/Illuminate/Routing/Router.php(807): Illuminate/Pipeline/Pipeline->then(Object(Closure))
#16 D:/Alyasheiee/backend/vendor/laravel/framework/src/Illuminate/Routing/Router.php(786): Illuminate/Routing/Router->runRouteWithinStack(Object(Illuminate/Routing/Route), Object(Illuminate/Http/Request))
#17 D:/Alyasheiee/backend/vendor/laravel/framework/src/Illuminate/Routing/Router.php(750): Illuminate/Routing/Router->runRoute(Object(Illuminate/Http/Request), Object(Illuminate/Routing/Route))
#18 D:/Alyasheiee/backend/vendor/laravel/framework/src/Illuminate/Routing/Router.php(739): Illuminate/Routing/Router->dispatchToRoute(Object(Illuminate/Http/Request))
#19 D:/Alyasheiee/backend/vendor/laravel/framework/src/Illuminate/Foundation/Http/Kernel.php(201): Illuminate/Routing/Router->dispatch(Object(Illuminate/Http/Request))
#20 D:/Alyasheiee/backend/vendor/laravel/framework/src/Illuminate/Pipeline/Pipeline.php(170): Illuminate/Foundation/Http/Kernel->Illuminate/Foundation/Http/{closure}(Object(Illuminate/Http/Request))
#21 D:/Alyasheiee/backend/vendor/laravel/framework/src/Illuminate/Foundation/Http/Middleware/TransformsRequest.php(21): Illuminate/Pipeline/Pipeline->Illuminate/Pipeline/{closure}(Object(Illuminate/Http/Request))
#22 D:/Alyasheiee/backend/vendor/laravel/framework/src/Illuminate/Foundation/Http/Middleware/ConvertEmptyStringsToNull.php(31): Illuminate/Foundation/Http/Middleware/TransformsRequest->handle(Object(Illuminate/Http/Request), Object(Closure))
#23 D:/Alyasheiee/backend/vendor/laravel/framework/src/Illuminate/Pipeline/Pipeline.php(209): Illuminate/Foundation/Http/Middleware/ConvertEmptyStringsToNull->handle(Object(Illuminate/Http/Request), Object(Closure))
#24 D:/Alyasheiee/backend/vendor/laravel/framework/src/Illuminate/Foundation/Http/Middleware/TransformsRequest.php(21): Illuminate/Pipeline/Pipeline->Illuminate/Pipeline/{closure}(Object(Illuminate/Http/Request))
#25 D:/Alyasheiee/backend/vendor/laravel/framework/src/Illuminate/Foundation/Http/Middleware/TrimStrings.php(51): Illuminate/Foundation/Http/Middleware/TransformsRequest->handle(Object(Illuminate/Http/Request), Object(Closure))
#26 D:/Alyasheiee/backend/vendor/laravel/framework/src/Illuminate/Pipeline/Pipeline.php(209): Illuminate/Foundation/Http/Middleware/TrimStrings->handle(Object(Illuminate/Http/Request), Object(Closure))
#27 D:/Alyasheiee/backend/vendor/laravel/framework/src/Illuminate/Http/Middleware/ValidatePostSize.php(27): Illuminate/Pipeline/Pipeline->Illuminate/Pipeline/{closure}(Object(Illuminate/Http/Request))
#28 D:/Alyasheiee/backend/vendor/laravel/framework/src/Illuminate/Pipeline/Pipeline.php(209): Illuminate/Http/Middleware/ValidatePostSize->handle(Object(Illuminate/Http/Request), Object(Closure))
#29 D:/Alyasheiee/backend/vendor/laravel/framework/src/Illuminate/Foundation/Http/Middleware/PreventRequestsDuringMaintenance.php(110): Illuminate/Pipeline/Pipeline->Illuminate/Pipeline/{closure}(Object(Illuminate/Http/Request))
#30 D:/Alyasheiee/backend/vendor/laravel/framework/src/Illuminate/Pipeline/Pipeline.php(209): Illuminate/Foundation/Http/Middleware/PreventRequestsDuringMaintenance->handle(Object(Illuminate/Http/Request), Object(Closure))
#31 D:/Alyasheiee/backend/vendor/laravel/framework/src/Illuminate/Http/Middleware/HandleCors.php(62): Illuminate/Pipeline/Pipeline->Illuminate/Pipeline/{closure}(Object(Illuminate/Http/Request))
#32 D:/Alyasheiee/backend/vendor/laravel/framework/src/Illuminate/Pipeline/Pipeline.php(209): Illuminate/Http/Middleware/HandleCors->handle(Object(Illuminate/Http/Request), Object(Closure))
#33 D:/Alyasheiee/backend/vendor/laravel/framework/src/Illuminate/Http/Middleware/TrustProxies.php(58): Illuminate/Pipeline/Pipeline->Illuminate/Pipeline/{closure}(Object(Illuminate/Http/Request))
#34 D:/Alyasheiee/backend/vendor/laravel/framework/src/Illuminate/Pipeline/Pipeline.php(209): Illuminate/Http/Middleware/TrustProxies->handle(Object(Illuminate/Http/Request), Object(Closure))
#35 D:/Alyasheiee/backend/vendor/laravel/framework/src/Illuminate/Foundation/Http/Middleware/InvokeDeferredCallbacks.php(22): Illuminate/Pipeline/Pipeline->Illuminate/Pipeline/{closure}(Object(Illuminate/Http/Request))
#36 D:/Alyasheiee/backend/vendor/laravel/framework/src/Illuminate/Pipeline/Pipeline.php(209): Illuminate/Foundation/Http/Middleware/InvokeDeferredCallbacks->handle(Object(Illuminate/Http/Request), Object(Closure))
#37 D:/Alyasheiee/backend/vendor/laravel/framework/src/Illuminate/Pipeline/Pipeline.php(127): Illuminate/Pipeline/Pipeline->Illuminate/Pipeline/{closure}(Object(Illuminate/Http/Request))
#38 D:/Alyasheiee/backend/vendor/laravel/framework/src/Illuminate/Foundation/Http/Kernel.php(176): Illuminate/Pipeline/Pipeline->then(Object(Closure))
#39 D:/Alyasheiee/backend/vendor/laravel/framework/src/Illuminate/Foundation/Http/Kernel.php(145): Illuminate/Foundation/Http/Kernel->sendRequestThroughRouter(Object(Illuminate/Http/Request))
#40 D:/Alyasheiee/backend/vendor/laravel/framework/src/Illuminate/Foundation/Application.php(1220): Illuminate/Foundation/Http/Kernel->handle(Object(Illuminate/Http/Request))
#41 D:/Alyasheiee/backend/public/index.php(17): Illuminate/Foundation/Application->handleRequest(Object(Illuminate/Http/Request))
#42 D:/Alyasheiee/backend/vendor/laravel/framework/src/Illuminate/Foundation/resources/server.php(23): require_once('D://Alyasheiee//b...')
#43 {main}
"} 
